اسم العميل,رقم الهوية,رقم الوحدة,كود الوحدة,سعر الوحدة,نسبة الانجاز من الاستشاري الهندسي,جدول الدفعات,الدفعة 1,الدفعة 2,الدفعة3,الدفعة 4,الدفعة 5,الدفعة 6,الدفعة 7,مجموع الدفعات المستحقة,مجموع الدفعات المدفوعة,البنك,تاريخ عقد البيع,POC,رقم عقد البيع,Date
نور مجدي رجب داود,8733207472,101,OKC-000001,5472000,0.5773,"20%, 20%,20%, 15%,15%, 5%, 5%","تم السداد 1,094,400.00","تم السداد 1,094,400.00","تم السداد 1,094,400.00",غير مستحقة,غير مستحقة,غير مستحقة,غير مستحقة,0,3283200,البنك الأهلي المصري,05/10/2024,0.5773,OKC0001,6-Nov-24
مصطفى لطفي صلاح العشري,7113854992,102,OKC-000002,4623000,0.5826,"20%, 20%,20%, 15%,15%, 5%, 5%","تم السداد 924,600.00","تم السداد 924,600.00","تم السداد 924,600.00",غير مستحقة,غير مستحقة,غير مستحقة,غير مستحقة,0,2773800,البنك الأهلي المصري,27/10/2024,0.5826,OKC0002,8-Nov-24
ماجد لطفي عصام مصطفى,2280158512,103,OKC-000003,5097000,0.5487,"20%, 20%,20%, 15%,15%, 5%, 5%","تم السداد 1,019,400.00","تم السداد 1,019,400.00","تم السداد 1,019,400.00",غير مستحقة,غير مستحقة,غير مستحقة,غير مستحقة,0,3058200,البنك الأهلي المصري,29/10/2024,0.5487,OKC0003,13-Oct-24
مها جمال حسن عبدالمجيد,8300209000,104,OKC-000004,3615000,0.6054,"20%, 20%,20%, 15%,15%, 5%, 5%","تم السداد 723,000.00","تم السداد 723,000.00","تم السداد 723,000.00",غير مستحقة,غير مستحقة,غير مستحقة,غير مستحقة,0,2169000,البنك الأهلي المصري,26/11/2024,0.6054,OKC0004,24-Nov-24
شادي محمد حسن سالم,1609256547,105,OKC-000005,5238000,0.6101,"20%, 20%,20%, 15%,15%, 5%, 5%","تم السداد 1,047,600.00","تم السداد 1,047,600.00","تم السداد 1,047,600.00",غير مستحقة,غير مستحقة,غير مستحقة,غير مستحقة,0,3142800,البنك الأهلي المصري,29/10/2024,0.6101,OKC0005,22-Nov-24
حسن فاروق رجب البنا,5000588685,106,OKC-000006,3985000,0.558,"20%, 20%,20%, 15%,15%, 5%, 5%","تم السداد 797,000.00","تم السداد 797,000.00","تم السداد 797,000.00",غير مستحقة,غير مستحقة,غير مستحقة,غير مستحقة,0,2391000,البنك الأهلي المصري,06/11/2024,0.558,OKC0006,29-Oct-24
إبراهيم سعيد سمير السعدني,6495785799,107,OKC-000007,4037000,0.5877,"20%, 20%,20%, 15%,15%, 5%, 5%","تم السداد 807,400.00","تم السداد 807,400.00","تم السداد 807,400.00",غير مستحقة,غير مستحقة,غير مستحقة,غير مستحقة,0,2422200,البنك الأهلي المصري,02/11/2024,0.5877,OKC0007,8-Nov-24
عبدالرحمن جمال عبدالرحمن حبيب,9263499259,108,OKC-000008,3887000,0.5552,"20%, 20%,20%, 15%,15%, 5%, 5%","تم السداد 777,400.00","تم السداد 777,400.00","تم السداد 777,400.00",غير مستحقة,غير مستحقة,غير مستحقة,غير مستحقة,0,2332200,البنك الأهلي المصري,02/11/2024,0.5552,OKC0008,13-Nov-24
سامي رشاد جمال الحداد,5107864193,109,OKC-000009,3667000,0.5852,"20%, 20%,20%, 15%,15%, 5%, 5%","تم السداد 733,400.00","تم السداد 733,400.00","تم السداد 733,400.00",غير مستحقة,غير مستحقة,غير مستحقة,غير مستحقة,0,2200200,البنك الأهلي المصري,26/11/2024,0.5852,OKC0009,30-Nov-24
عبدالله أحمد رشاد الدمرداش,3368535766,110,OKC-000010,4409000,0.5956,"20%, 20%,20%, 15%,15%, 5%, 5%","تم السداد 881,800.00","تم السداد 881,800.00","تم السداد 881,800.00",غير مستحقة,غير مستحقة,غير مستحقة,غير مستحقة,0,2645400,البنك الأهلي المصري,23/11/2024,0.5956,OKC0010,5-Nov-24
وليد فاروق صبحي أمين,7350199095,111,OKC-000011,4182000,0.5963,"20%, 20%,20%, 15%,15%, 5%, 5%","تم السداد 836,400.00","تم السداد 836,400.00","تم السداد 836,400.00",غير مستحقة,غير مستحقة,غير مستحقة,غير مستحقة,0,2509200,البنك الأهلي المصري,03/12/2024,0.5963,OKC0011,14-Nov-24
حازم إسماعيل عبدالرحمن حسين,5255277671,112,OKC-000012,4278000,0.5548,"20%, 20%,20%, 15%,15%, 5%, 5%","تم السداد 855,600.00","تم السداد 855,600.00","تم السداد 855,600.00",غير مستحقة,غير مستحقة,غير مستحقة,غير مستحقة,0,2566800,البنك الأهلي المصري,20/12/2024,0.5548,OKC0012,22-Nov-24
كريم صبحي رمضان حبيب,8659459290,113,OKC-000013,3943000,0.5799,"20%, 20%,20%, 15%,15%, 5%, 5%","تم السداد 788,600.00","تم السداد 788,600.00","تم السداد 788,600.00",غير مستحقة,غير مستحقة,غير مستحقة,غير مستحقة,0,2365800,البنك الأهلي المصري,13/11/2024,0.5799,OKC0013,2-Dec-24
عادل يوسف عبدالرحمن عبدالرازق,2732340889,114,OKC-000014,3759000,0.5585,"20%, 20%,20%, 15%,15%, 5%, 5%","تم السداد 751,800.00","تم السداد 751,800.00","تم السداد 751,800.00",غير مستحقة,غير مستحقة,غير مستحقة,غير مستحقة,0,2255400,البنك الأهلي المصري,27/11/2024,0.5585,OKC0014,29-Nov-24
معتز مصطفى محمود الدسوقي,1387541655,115,OKC-000015,3918000,0.5817,"20%, 20%,20%, 15%,15%, 5%, 5%","تم السداد 783,600.00","تم السداد 783,600.00","تم السداد 783,600.00",غير مستحقة,غير مستحقة,غير مستحقة,غير مستحقة,0,2350800,البنك الأهلي المصري,04/12/2024,0.5817,OKC0015,6-Dec-24
حسام طارق فاروق الشافعي,8112675208,116,OKC-000016,5277000,0.6124,"20%, 20%,20%, 15%,15%, 5%, 5%","تم السداد 1,055,400.00","تم السداد 1,055,400.00","تم السداد 1,055,400.00",غير مستحقة,غير مستحقة,غير مستحقة,غير مستحقة,0,3166200,البنك الأهلي المصري,06/11/2024,0.6124,OKC0016,27-Nov-24
شريف حمدي صبري مبارك,1644966904,117,OKC-000017,3973000,0.5772,"20%, 20%,20%, 15%,15%, 5%, 5%","تم السداد 794,600.00","تم السداد 794,600.00","تم السداد 794,600.00",غير مستحقة,غير مستحقة,غير مستحقة,غير مستحقة,0,2383800,البنك الأهلي المصري,30/11/2024,0.5772,OKC0017,9-Nov-24
إسلام سمير حسين فهمي,2553987282,118,OKC-000018,4492000,0.5562,"20%, 20%,20%, 15%,15%, 5%, 5%","تم السداد 898,400.00","تم السداد 898,400.00","تم السداد 898,400.00",غير مستحقة,غير مستحقة,غير مستحقة,غير مستحقة,0,2695200,البنك الأهلي المصري,09/11/2024,0.5562,OKC0018,24-Nov-24
علاء جمال عاطف عبدالفتاح,2471498514,119,OKC-000019,3887000,0.5675,"20%, 20%,20%, 15%,15%, 5%, 5%","تم السداد 777,400.00","تم السداد 777,400.00","تم السداد 777,400.00",غير مستحقة,غير مستحقة,غير مستحقة,غير مستحقة,0,2332200,البنك الأهلي المصري,28/12/2024,0.5675,OKC0019,27-Nov-24
حسن صلاح عصام رزق,3698066416,120,OKC-000020,5361000,0.5761,"20%, 20%,20%, 15%,15%, 5%, 5%","تم السداد 1,072,200.00","تم السداد 1,072,200.00","تم السداد 1,072,200.00",غير مستحقة,غير مستحقة,غير مستحقة,غير مستحقة,0,3216600,البنك الأهلي المصري,30/11/2024,0.5761,OKC0020,12-Dec-24
شادي يوسف محمود البنا,5570055351,121,OKC-000021,5023000,0.6035,"20%, 20%,20%, 15%,15%, 5%, 5%","تم السداد 1,004,600.00","تم السداد 1,004,600.00","تم السداد 1,004,600.00",غير مستحقة,غير مستحقة,غير مستحقة,غير مستحقة,0,3013800,البنك الأهلي المصري,30/11/2024,0.6035,OKC0021,21-Nov-24
فادي عصام عاطف سالم,8523308649,122,OKC-000022,5966000,0.6111,"20%, 20%,20%, 15%,15%, 5%, 5%","تم السداد 1,193,200.00","تم السداد 1,193,200.00","تم السداد 1,193,200.00",غير مستحقة,غير مستحقة,غير مستحقة,غير مستحقة,0,3579600,البنك الأهلي المصري,28/12/2024,0.6111,OKC0022,6-Dec-24
فادي سعيد إبراهيم جابر,2527192149,123,OKC-000023,3888000,0.567,"20%, 20%,20%, 15%,15%, 5%, 5%","تم السداد 777,600.00","تم السداد 777,600.00","تم السداد 777,600.00",غير مستحقة,غير مستحقة,غير مستحقة,غير مستحقة,0,2332800,البنك الأهلي المصري,24/12/2024,0.567,OKC0023,10-Dec-24
جورج إسماعيل عبدالرحمن المنياوي,1721575728,124,OKC-000024,6337000,0.5547,"20%, 20%,20%, 15%,15%, 5%, 5%","تم السداد 1,267,400.00","تم السداد 1,267,400.00","تم السداد 1,267,400.00",غير مستحقة,غير مستحقة,غير مستحقة,غير مستحقة,0,3802200,البنك الأهلي المصري,13/12/2024,0.5547,OKC0024,21-Nov-24
فادي جمال فؤاد مبارك,8537325064,125,OKC-000025,4610000,0.5577,"20%, 20%,20%, 15%,15%, 5%, 5%","تم السداد 922,000.00","تم السداد 922,000.00","تم السداد 922,000.00",غير مستحقة,غير مستحقة,غير مستحقة,غير مستحقة,0,2766000,البنك الأهلي المصري,15/12/2024,0.5577,OKC0025,9-Dec-24
ماجد سعيد صبحي العطار,5450796498,126,OKC-000026,4376000,0.5304,"20%, 20%,20%, 15%,15%, 5%, 5%","تم السداد 875,200.00","تم السداد 875,200.00","تم السداد 875,200.00",غير مستحقة,غير مستحقة,غير مستحقة,غير مستحقة,0,2625600,البنك الأهلي المصري,08/01/2025,0.5304,OKC0026,1-Jan-25
أشرف فاروق سمير الرفاعي,7308778663,127,OKC-000027,5381000,0.6139,"20%, 20%,20%, 15%,15%, 5%, 5%","تم السداد 1,076,200.00","تم السداد 1,076,200.00","تم السداد 1,076,200.00",غير مستحقة,غير مستحقة,غير مستحقة,غير مستحقة,0,3228600,البنك الأهلي المصري,05/01/2025,0.6139,OKC0027,2-Jan-25
إبراهيم لطفي خالد الجمل,8629926085,128,OKC-000028,4002000,0.5946,"20%, 20%,20%, 15%,15%, 5%, 5%","تم السداد 800,400.00","تم السداد 800,400.00","تم السداد 800,400.00",غير مستحقة,غير مستحقة,غير مستحقة,غير مستحقة,0,2401200,البنك الأهلي المصري,25/11/2024,0.5946,OKC0028,17-Dec-24
وائل رجب أحمد مبارك,4078295067,129,OKC-000029,6914000,0.6045,"20%, 20%,20%, 15%,15%, 5%, 5%","تم السداد 1,382,800.00","تم السداد 1,382,800.00","تم السداد 1,382,800.00",غير مستحقة,غير مستحقة,غير مستحقة,غير مستحقة,0,4148400,البنك الأهلي المصري,24/11/2024,0.6045,OKC0029,25-Dec-24
شيماء لطفي سليمان شاكر,7563202006,130,OKC-000030,4276000,0.5779,"20%, 20%,20%, 15%,15%, 5%, 5%","تم السداد 855,200.00","تم السداد 855,200.00","تم السداد 855,200.00",غير مستحقة,غير مستحقة,غير مستحقة,غير مستحقة,0,2565600,البنك الأهلي المصري,03/12/2024,0.5779,OKC0030,2-Jan-25
شريف جمال كمال الوكيل,5303621028,131,OKC-000031,4397000,0.5647,"20%, 20%,20%, 15%,15%, 5%, 5%","تم السداد 879,400.00","تم السداد 879,400.00","تم السداد 879,400.00",غير مستحقة,غير مستحقة,غير مستحقة,غير مستحقة,0,2638200,البنك الأهلي المصري,16/12/2024,0.5647,OKC0031,6-Dec-24
نادر عاطف نبيل الدسوقي,1336112252,132,OKC-000032,4484000,0.5823,"20%, 20%,20%, 15%,15%, 5%, 5%","تم السداد 896,800.00","تم السداد 896,800.00","تم السداد 896,800.00",غير مستحقة,غير مستحقة,غير مستحقة,غير مستحقة,0,2690400,البنك الأهلي المصري,06/01/2025,0.5823,OKC0032,20-Dec-24
حسام عصام فتحي القاضي,2110967084,133,OKC-000033,3891000,0.5477,"20%, 20%,20%, 15%,15%, 5%, 5%","تم السداد 778,200.00","تم السداد 778,200.00","تم السداد 778,200.00",غير مستحقة,غير مستحقة,غير مستحقة,غير مستحقة,0,2334600,البنك الأهلي المصري,28/12/2024,0.5477,OKC0033,10-Dec-24
كريم صلاح جمال مراد,4212352497,134,OKC-000034,4290000,0.589,"20%, 20%,20%, 15%,15%, 5%, 5%","تم السداد 858,000.00","تم السداد 858,000.00","تم السداد 858,000.00",غير مستحقة,غير مستحقة,غير مستحقة,غير مستحقة,0,2574000,البنك الأهلي المصري,22/01/2025,0.589,OKC0034,5-Jan-25
خالد صبحي علي عبدالمقصود,3099000097,135,OKC-000035,4419000,0.5873,"20%, 20%,20%, 15%,15%, 5%, 5%","تم السداد 883,800.00","تم السداد 883,800.00","تم السداد 883,800.00",غير مستحقة,غير مستحقة,غير مستحقة,غير مستحقة,0,2651400,البنك الأهلي المصري,18/12/2024,0.5873,OKC0035,21-Dec-24
وائل أحمد عبدالله شحاتة,9315595267,136,OKC-000036,4623000,0.5365,"20%, 20%,20%, 15%,15%, 5%, 5%","تم السداد 924,600.00","تم السداد 924,600.00","تم السداد 924,600.00",غير مستحقة,غير مستحقة,غير مستحقة,غير مستحقة,0,2773800,البنك الأهلي المصري,18/12/2024,0.5365,OKC0036,12-Dec-24
عمرو رشاد صبري الجمل,9782942989,137,OKC-000037,4444000,0.5728,"20%, 20%,20%, 15%,15%, 5%, 5%","تم السداد 888,800.00","تم السداد 888,800.00","تم السداد 888,800.00",غير مستحقة,غير مستحقة,غير مستحقة,غير مستحقة,0,2666400,البنك الأهلي المصري,28/12/2024,0.5728,OKC0037,10-Dec-24
حسن عادل كمال عبدالحليم,6208379074,138,OKC-000038,4655000,0.5567,"20%, 20%,20%, 15%,15%, 5%, 5%","تم السداد 931,000.00","تم السداد 931,000.00","تم السداد 931,000.00",غير مستحقة,غير مستحقة,غير مستحقة,غير مستحقة,0,2793000,البنك الأهلي المصري,05/12/2024,0.5567,OKC0038,15-Dec-24
حسام رشاد رجب سليمان,3988805648,139,OKC-000039,4511000,0.5617,"20%, 20%,20%, 15%,15%, 5%, 5%","تم السداد 902,200.00","تم السداد 902,200.00","تم السداد 902,200.00",غير مستحقة,غير مستحقة,غير مستحقة,غير مستحقة,0,2706600,البنك الأهلي المصري,10/01/2025,0.5617,OKC0039,6-Jan-25
مينا حسين كمال البدري,4737499035,140,OKC-000040,4420000,0.55,"20%, 20%,20%, 15%,15%, 5%, 5%","تم السداد 884,000.00","تم السداد 884,000.00","تم السداد 884,000.00",غير مستحقة,غير مستحقة,غير مستحقة,غير مستحقة,0,2652000,البنك الأهلي المصري,29/01/2025,0.55,OKC0040,23-Dec-24
رؤوف سيد حمدي القاضي,6702377631,141,OKC-000041,4722000,0.5747,"20%, 20%,20%, 15%,15%, 5%, 5%","تم السداد 944,400.00","تم السداد 944,400.00","تم السداد 944,400.00",غير مستحقة,غير مستحقة,غير مستحقة,غير مستحقة,0,2833200,البنك الأهلي المصري,01/01/2025,0.5747,OKC0041,20-Dec-24
شريف سليمان إبراهيم أمين,2627053904,142,OKC-000042,4666000,0.6105,"20%, 20%,20%, 15%,15%, 5%, 5%","تم السداد 933,200.00","تم السداد 933,200.00","تم السداد 933,200.00",غير مستحقة,غير مستحقة,غير مستحقة,غير مستحقة,0,2799600,البنك الأهلي المصري,29/01/2025,0.6105,OKC0042,24-Dec-24
علي سعيد مجدي الدمرداش,9440969596,143,OKC-000043,4654000,0.5804,"20%, 20%,20%, 15%,15%, 5%, 5%","تم السداد 930,800.00","تم السداد 930,800.00","تم السداد 930,800.00",غير مستحقة,غير مستحقة,غير مستحقة,غير مستحقة,0,2792400,البنك الأهلي المصري,29/12/2024,0.5804,OKC0043,26-Dec-24
مجدي إبراهيم إسماعيل الإسكندراني,9098983317,144,OKC-000044,4460000,0.5914,"20%, 20%,20%, 15%,15%, 5%, 5%","تم السداد 892,000.00","تم السداد 892,000.00","تم السداد 892,000.00",غير مستحقة,غير مستحقة,غير مستحقة,غير مستحقة,0,2676000,البنك الأهلي المصري,26/01/2025,0.5914,OKC0044,10-Jan-25
رؤوف سيد رمضان عبدالمقصود,8357270101,145,OKC-000045,4502000,0.5933,"20%, 20%,20%, 15%,15%, 5%, 5%","تم السداد 900,400.00","تم السداد 900,400.00","تم السداد 900,400.00",غير مستحقة,غير مستحقة,غير مستحقة,غير مستحقة,0,2701200,البنك الأهلي المصري,29/01/2025,0.5933,OKC0045,19-Jan-25
أيمن عادل كمال العشري,7684373148,146,OKC-000046,4395000,0.5805,"20%, 20%,20%, 15%,15%, 5%, 5%","تم السداد 879,000.00","تم السداد 879,000.00","تم السداد 879,000.00",غير مستحقة,غير مستحقة,غير مستحقة,غير مستحقة,0,2637000,البنك الأهلي المصري,20/01/2025,0.5805,OKC0046,7-Jan-25
إبراهيم مجدي نبيل حسين,4727358807,147,OKC-000047,5584000,0.5458,"20%, 20%,20%, 15%,15%, 5%, 5%","تم السداد 1,116,800.00","تم السداد 1,116,800.00","تم السداد 1,116,800.00",غير مستحقة,غير مستحقة,غير مستحقة,غير مستحقة,0,3350400,البنك الأهلي المصري,27/01/2025,0.5458,OKC0047,21-Dec-24
أشرف نبيل فؤاد عوض,5808491251,148,OKC-000048,6114000,0.5896,"20%, 20%,20%, 15%,15%, 5%, 5%","تم السداد 1,222,800.00","تم السداد 1,222,800.00","تم السداد 1,222,800.00",غير مستحقة,غير مستحقة,غير مستحقة,غير مستحقة,0,3668400,البنك الأهلي المصري,24/12/2024,0.5896,OKC0048,18-Jan-25
ماهر مختار أحمد الشربيني,3967081523,149,OKC-000049,4612000,0.608,"20%, 20%,20%, 15%,15%, 5%, 5%","تم السداد 922,400.00","تم السداد 922,400.00","تم السداد 922,400.00",غير مستحقة,غير مستحقة,غير مستحقة,غير مستحقة,0,2767200,البنك الأهلي المصري,31/12/2024,0.608,OKC0049,18-Jan-25
حسن إسماعيل فتحي شاكر,4017444525,150,OKC-000050,4329000,0.5871,"20%, 20%,20%, 15%,15%, 5%, 5%","تم السداد 865,800.00","تم السداد 865,800.00","تم السداد 865,800.00",غير مستحقة,غير مستحقة,غير مستحقة,غير مستحقة,0,2597400,البنك الأهلي المصري,17/12/2024,0.5871,OKC0050,22-Dec-24
هشام رشاد يوسف المنشاوي,2879784073,151,OKC-000051,4271000,0.5741,"20%, 20%,20%, 15%,15%, 5%, 5%","تم السداد 854,200.00","تم السداد 854,200.00","تم السداد 854,200.00",غير مستحقة,غير مستحقة,غير مستحقة,غير مستحقة,0,2562600,البنك الأهلي المصري,03/01/2025,0.5741,OKC0051,17-Jan-25
خالد رشاد أحمد جابر,6799948801,152,OKC-000052,6064000,0.6132,"20%, 20%,20%, 15%,15%, 5%, 5%","تم السداد 1,212,800.00","تم السداد 1,212,800.00","تم السداد 1,212,800.00",غير مستحقة,غير مستحقة,غير مستحقة,غير مستحقة,0,3638400,البنك الأهلي المصري,02/02/2025,0.6132,OKC0052,14-Jan-25
مينا صلاح عبدالرحمن السيد,3625930880,153,OKC-000053,4571000,0.5675,"20%, 20%,20%, 15%,15%, 5%, 5%","تم السداد 914,200.00","تم السداد 914,200.00","تم السداد 914,200.00",غير مستحقة,غير مستحقة,غير مستحقة,غير مستحقة,0,2742600,البنك الأهلي المصري,05/02/2025,0.5675,OKC0053,30-Dec-24
عمرو نبيل سعيد مبارك,2439090712,154,OKC-000054,5743000,0.6114,"20%, 20%,20%, 15%,15%, 5%, 5%","تم السداد 1,148,600.00","تم السداد 1,148,600.00","تم السداد 1,148,600.00",غير مستحقة,غير مستحقة,غير مستحقة,غير مستحقة,0,3445800,البنك الأهلي المصري,08/01/2025,0.6114,OKC0054,17-Jan-25
ريم عبدالله أحمد الشافعي,2222190859,155,OKC-000055,4426000,0.5803,"20%, 20%,20%, 15%,15%, 5%, 5%","تم السداد 885,200.00","تم السداد 885,200.00","تم السداد 885,200.00",غير مستحقة,غير مستحقة,غير مستحقة,غير مستحقة,0,2655600,البنك الأهلي المصري,25/12/2024,0.5803,OKC0055,9-Jan-25
باسم فاروق عصام الدمرداش,1170143651,156,OKC-000056,4700000,0.5758,"20%, 20%,20%, 15%,15%, 5%, 5%","تم السداد 940,000.00","تم السداد 940,000.00","تم السداد 940,000.00",غير مستحقة,غير مستحقة,غير مستحقة,غير مستحقة,0,2820000,البنك الأهلي المصري,09/01/2025,0.5758,OKC0056,18-Jan-25
أشرف رشاد خالد خليل,2110244101,157,OKC-000057,4742000,0.5917,"20%, 20%,20%, 15%,15%, 5%, 5%","تم السداد 948,400.00","تم السداد 948,400.00","تم السداد 948,400.00",غير مستحقة,غير مستحقة,غير مستحقة,غير مستحقة,0,2845200,البنك الأهلي المصري,10/01/2025,0.5917,OKC0057,23-Jan-25
وليد عصام صبحي الشرقاوي,8377766950,158,OKC-000058,6053000,0.5512,"20%, 20%,20%, 15%,15%, 5%, 5%","تم السداد 1,210,600.00","تم السداد 1,210,600.00","تم السداد 1,210,600.00",غير مستحقة,غير مستحقة,غير مستحقة,غير مستحقة,0,3631800,البنك الأهلي المصري,09/01/2025,0.5512,OKC0058,1-Feb-25
رؤوف فؤاد سليمان الشافعي,5009098728,159,OKC-000059,6385000,0.6155,"20%, 20%,20%, 15%,15%, 5%, 5%","تم السداد 1,277,000.00","تم السداد 1,277,000.00","تم السداد 1,277,000.00",غير مستحقة,غير مستحقة,غير مستحقة,غير مستحقة,0,3831000,البنك الأهلي المصري,16/02/2025,0.6155,OKC0059,21-Jan-25
مجدي عبدالرحمن إسماعيل عبدالحليم,6489253620,160,OKC-000060,4675000,0.5638,"20%, 20%,20%, 15%,15%, 5%, 5%","تم السداد 935,000.00","تم السداد 935,000.00","تم السداد 935,000.00",غير مستحقة,غير مستحقة,غير مستحقة,غير مستحقة,0,2805000,البنك الأهلي المصري,22/01/2025,0.5638,OKC0060,9-Feb-25
سامح فاروق جابر الشربيني,1931853749,161,OKC-000061,4434000,0.5916,"20%, 20%,20%, 15%,15%, 5%, 5%","تم السداد 886,800.00","تم السداد 886,800.00","تم السداد 886,800.00",غير مستحقة,غير مستحقة,غير مستحقة,غير مستحقة,0,2660400,البنك الأهلي المصري,16/02/2025,0.5916,OKC0061,31-Jan-25
حازم إسماعيل عبدالله علي,1016926156,162,OKC-000062,4238000,0.5727,"20%, 20%,20%, 15%,15%, 5%, 5%","تم السداد 847,600.00","تم السداد 847,600.00","تم السداد 847,600.00",غير مستحقة,غير مستحقة,غير مستحقة,غير مستحقة,0,2542800,البنك الأهلي المصري,07/02/2025,0.5727,OKC0062,25-Jan-25
عبدالله إبراهيم أحمد حسين,6910323406,163,OKC-000063,4563000,0.6074,"20%, 20%,20%, 15%,15%, 5%, 5%","تم السداد 912,600.00","تم السداد 912,600.00","تم السداد 912,600.00",غير مستحقة,غير مستحقة,غير مستحقة,غير مستحقة,0,2737800,البنك الأهلي المصري,09/02/2025,0.6074,OKC0063,2-Feb-25
هاني كمال عصام المصري,2310465998,164,OKC-000064,4620000,0.6105,"20%, 20%,20%, 15%,15%, 5%, 5%","تم السداد 924,000.00","تم السداد 924,000.00","تم السداد 924,000.00",غير مستحقة,غير مستحقة,غير مستحقة,غير مستحقة,0,2772000,البنك الأهلي المصري,18/01/2025,0.6105,OKC0064,18-Jan-25
أحمد محمود أحمد العشري,1035581917,165,OKC-000065,4425000,0.6101,"20%, 20%,20%, 15%,15%, 5%, 5%","تم السداد 885,000.00","تم السداد 885,000.00","تم السداد 885,000.00",غير مستحقة,غير مستحقة,غير مستحقة,غير مستحقة,0,2655000,البنك الأهلي المصري,06/02/2025,0.6101,OKC0065,1-Feb-25
هشام إبراهيم عاطف النجار,9305706703,166,OKC-000066,6036000,0.5806,"20%, 20%,20%, 15%,15%, 5%, 5%","تم السداد 1,207,200.00","تم السداد 1,207,200.00","تم السداد 1,207,200.00",غير مستحقة,غير مستحقة,غير مستحقة,غير مستحقة,0,3621600,البنك الأهلي المصري,27/01/2025,0.5806,OKC0066,11-Feb-25
ياسين نبيل رشاد المنشاوي,4988519580,167,OKC-000067,4194000,0.5454,"20%, 20%,20%, 15%,15%, 5%, 5%","تم السداد 838,800.00","تم السداد 838,800.00","تم السداد 838,800.00",غير مستحقة,غير مستحقة,غير مستحقة,غير مستحقة,0,2516400,البنك الأهلي المصري,12/02/2025,0.5454,OKC0067,11-Jan-25
حسن يوسف عبدالله عبدالمجيد,5953592589,168,OKC-000068,4561000,0.5868,"20%, 20%,20%, 15%,15%, 5%, 5%","تم السداد 912,200.00","تم السداد 912,200.00","تم السداد 912,200.00",غير مستحقة,غير مستحقة,غير مستحقة,غير مستحقة,0,2736600,البنك الأهلي المصري,21/01/2025,0.5868,OKC0068,12-Jan-25
رامي صلاح شوقي السمان,3694210029,169,OKC-000069,4613000,0.5798,"20%, 20%,20%, 15%,15%, 5%, 5%","تم السداد 922,600.00","تم السداد 922,600.00","تم السداد 922,600.00",غير مستحقة,غير مستحقة,غير مستحقة,غير مستحقة,0,2767800,البنك الأهلي المصري,04/02/2025,0.5798,OKC0069,12-Feb-25
تامر مجدي حسن فوزي,8280754958,170,OKC-000070,4566000,0.5386,"20%, 20%,20%, 15%,15%, 5%, 5%","تم السداد 913,200.00","تم السداد 913,200.00","تم السداد 913,200.00",غير مستحقة,غير مستحقة,غير مستحقة,غير مستحقة,0,2739600,البنك الأهلي المصري,22/01/2025,0.5386,OKC0070,17-Feb-25
هاني جابر طارق شاكر,1652733293,171,OKC-000071,4526000,0.3051,"20%, 20%,20%, 15%,15%, 5%, 5%","تم السداد 905,200.00","تم السداد 905,200.00",غير مستحقة,غير مستحقة,غير مستحقة,غير مستحقة,غير مستحقة,0,1810400,البنك الأهلي المصري,18/02/2025,0.3051,OKC0071,3-Feb-25
أيمن فتحي عادل منصور,9658981694,172,OKC-000072,4905000,0.5794,"20%, 20%,20%, 15%,15%, 5%, 5%","تم السداد 981,000.00","تم السداد 981,000.00","تم السداد 981,000.00",غير مستحقة,غير مستحقة,غير مستحقة,غير مستحقة,0,2943000,البنك الأهلي المصري,14/02/2025,0.5794,OKC0072,7-Feb-25
جورج صبري خالد السوهاجي,7290494719,173,OKC-000073,5628000,0.5443,"20%, 20%,20%, 15%,15%, 5%, 5%","تم السداد 1,125,600.00","تم السداد 1,125,600.00","تم السداد 1,125,600.00",غير مستحقة,غير مستحقة,غير مستحقة,غير مستحقة,0,3376800,البنك الأهلي المصري,26/01/2025,0.5443,OKC0073,8-Feb-25
بيشوي فتحي عاطف لطفي,1484948653,174,OKC-000074,4326000,0.5537,"20%, 20%,20%, 15%,15%, 5%, 5%","تم السداد 865,200.00","تم السداد 865,200.00","تم السداد 865,200.00",غير مستحقة,غير مستحقة,غير مستحقة,غير مستحقة,0,2595600,البنك الأهلي المصري,06/03/2025,0.5537,OKC0074,16-Feb-25
تامر أحمد عاطف المصري,3800529371,175,OKC-000075,4282000,0.6151,"20%, 20%,20%, 15%,15%, 5%, 5%","تم السداد 856,400.00","تم السداد 856,400.00","تم السداد 856,400.00",غير مستحقة,غير مستحقة,غير مستحقة,غير مستحقة,0,2569200,البنك الأهلي المصري,13/02/2025,0.6151,OKC0075,21-Jan-25
ريم جمال محمود المصري,6582493138,176,OKC-000076,4214000,0.5867,"20%, 20%,20%, 15%,15%, 5%, 5%","تم السداد 842,800.00","تم السداد 842,800.00","تم السداد 842,800.00",غير مستحقة,غير مستحقة,غير مستحقة,غير مستحقة,0,2528400,البنك الأهلي المصري,17/01/2025,0.5867,OKC0076,5-Feb-25
باسم عبدالرحمن فتحي عبداللطيف,2004827400,177,OKC-000077,4493000,0.5941,"20%, 20%,20%, 15%,15%, 5%, 5%","تم السداد 898,600.00","تم السداد 898,600.00","تم السداد 898,600.00",غير مستحقة,غير مستحقة,غير مستحقة,غير مستحقة,0,2695800,البنك الأهلي المصري,02/03/2025,0.5941,OKC0077,21-Jan-25
علي سيد أحمد عوض,3020970897,178,OKC-000078,4560000,0.6,"20%, 20%,20%, 15%,15%, 5%, 5%","تم السداد 912,000.00","تم السداد 912,000.00","تم السداد 912,000.00",غير مستحقة,غير مستحقة,غير مستحقة,غير مستحقة,0,2736000,EGBANK - البنك المصري الخليجي,23/11/2024,0.6,OKC0078,23-Nov-24
مصطفى عادل محمد فوزي,5202555096,179,OKC-000079,4187000,0.5751,"20%, 20%,20%, 15%,15%, 5%, 5%","تم السداد 837,400.00","تم السداد 837,400.00","تم السداد 837,400.00",غير مستحقة,غير مستحقة,غير مستحقة,غير مستحقة,0,2512200,كريدي أجريكول مصر,10/11/2024,0.5751,OKC0079,7-Dec-24
كريم سيد أحمد القاضي,8998317270,180,OKC-000080,4495000,0.5481,"20%, 20%,20%, 15%,15%, 5%, 5%","تم السداد 899,000.00","تم السداد 899,000.00","تم السداد 899,000.00",غير مستحقة,غير مستحقة,غير مستحقة,غير مستحقة,0,2697000,بنك القاهرة,20/11/2024,0.5481,OKC0080,18-Nov-24
مروان فتحي رشاد عبدالرازق,6403395185,181,OKC-000081,5938000,0.6162,"20%, 20%,20%, 15%,15%, 5%, 5%","تم السداد 1,187,600.00","تم السداد 1,187,600.00","تم السداد 1,187,600.00",غير مستحقة,غير مستحقة,غير مستحقة,غير مستحقة,0,3562800,البنك التجاري الدولي CIB,21/12/2024,0.6162,OKC0081,23-Nov-24
رؤوف صبري حسن عوض,3061595729,182,OKC-000082,3908000,0.6011,"20%, 20%,20%, 15%,15%, 5%, 5%","تم السداد 781,600.00","تم السداد 781,600.00","تم السداد 781,600.00",غير مستحقة,غير مستحقة,غير مستحقة,غير مستحقة,0,2344800,كريدي أجريكول مصر,14/12/2024,0.6011,OKC0082,24-Dec-24
سامح إبراهيم نبيل حبيب,6706933567,183,OKC-000083,3807000,0.5542,"20%, 20%,20%, 15%,15%, 5%, 5%","تم السداد 761,400.00","تم السداد 761,400.00","تم السداد 761,400.00",غير مستحقة,غير مستحقة,غير مستحقة,غير مستحقة,0,2284200,كريدي أجريكول مصر,29/11/2024,0.5542,OKC0083,5-Dec-24
أدهم حسن مجدي الإسكندراني,5166530615,184,OKC-000084,4020000,0.6036,"20%, 20%,20%, 15%,15%, 5%, 5%","تم السداد 804,000.00","تم السداد 804,000.00","تم السداد 804,000.00",غير مستحقة,غير مستحقة,غير مستحقة,غير مستحقة,0,2412000,كريدي أجريكول مصر,31/12/2024,0.6036,OKC0084,5-Dec-24
أيمن كمال محمد الإسكندراني,3821149143,185,OKC-000085,4735000,0.5815,"20%, 20%,20%, 15%,15%, 5%, 5%","تم السداد 947,000.00","تم السداد 947,000.00","تم السداد 947,000.00",غير مستحقة,غير مستحقة,غير مستحقة,غير مستحقة,0,2841000,كريدي أجريكول مصر,08/01/2025,0.5815,OKC0085,6-Dec-24
رامز كمال فاروق القاضي,7452739984,186,OKC-000086,4119000,0.5857,"20%, 20%,20%, 15%,15%, 5%, 5%","تم السداد 823,800.00","تم السداد 823,800.00","تم السداد 823,800.00",غير مستحقة,غير مستحقة,غير مستحقة,غير مستحقة,0,2471400,البنك التجاري الدولي CIB,21/01/2025,0.5857,OKC0086,29-Dec-24
نادر سيد مختار حسين,7388556052,187,OKC-000087,4190000,0.5593,"20%, 20%,20%, 15%,15%, 5%, 5%","تم السداد 838,000.00","تم السداد 838,000.00","تم السداد 838,000.00",غير مستحقة,غير مستحقة,غير مستحقة,غير مستحقة,0,2514000,EGBANK - البنك المصري الخليجي,12/01/2025,0.5593,OKC0087,2-Jan-25
عمرو محمد مصطفى إبراهيم,1381080162,188,OKC-000088,4948000,0.5581,"20%, 20%,20%, 15%,15%, 5%, 5%","تم السداد 989,600.00","تم السداد 989,600.00","تم السداد 989,600.00",غير مستحقة,غير مستحقة,غير مستحقة,غير مستحقة,0,2968800,كريدي أجريكول مصر,25/01/2025,0.5581,OKC0088,8-Jan-25
مجدي فتحي شوقي العشري,7867766416,189,OKC-000089,3751000,0.5998,"20%, 20%,20%, 15%,15%, 5%, 5%","تم السداد 750,200.00","تم السداد 750,200.00","تم السداد 750,200.00",غير مستحقة,غير مستحقة,غير مستحقة,غير مستحقة,0,2250600,كريدي أجريكول مصر,28/12/2024,0.5998,OKC0089,14-Dec-24
هاني صبحي نبيل العطار,6123911883,190,OKC-000090,6901000,0.6062,"20%, 20%,20%, 15%,15%, 5%, 5%","تم السداد 1,380,200.00","تم السداد 1,380,200.00","تم السداد 1,380,200.00",غير مستحقة,غير مستحقة,غير مستحقة,غير مستحقة,0,4140600,البنك التجاري الدولي CIB,22/12/2024,0.6062,OKC0090,29-Jan-25
هشام جابر رجب الوكيل,5059158444,191,OKC-000091,5988000,0.5685,"20%, 20%,20%, 15%,15%, 5%, 5%","تم السداد 1,197,600.00","تم السداد 1,197,600.00","تم السداد 1,197,600.00",غير مستحقة,غير مستحقة,غير مستحقة,غير مستحقة,0,3592800,البنك التجاري الدولي CIB,30/12/2024,0.5685,OKC0091,28-Dec-24
فادي محمود حمدي المنياوي,5703444345,192,OKC-000092,6005000,0.536,"20%, 15%, 15%, 20%, 15%, 10%, 5%","تم السداد 1,201,000.00","تم السداد 900,750.00","تم السداد 900,750.00",غير مستحقة,غير مستحقة,غير مستحقة,غير مستحقة,0,3002500,كاش,12/01/2025,0.536,OKC0092,12-Jan-25
حنان رمضان إبراهيم العشري,6481414593,193,OKC-000093,7603000,0.6122,"20%, 20%,20%, 15%,15%, 5%, 5%","تم السداد 1,520,600.00","تم السداد 1,520,600.00","تم السداد 1,520,600.00",غير مستحقة,غير مستحقة,غير مستحقة,غير مستحقة,0,4561800,البنك التجاري الدولي CIB,02/01/2025,0.6122,OKC0093,15-Jan-25
سلمى صبري أحمد الزيني,2291948736,194,OKC-000094,4665000,0.5831,"20%, 20%,20%, 15%,15%, 5%, 5%","تم السداد 933,000.00","تم السداد 933,000.00","تم السداد 933,000.00",غير مستحقة,غير مستحقة,غير مستحقة,غير مستحقة,0,2799000,البنك التجاري الدولي CIB,06/02/2025,0.5831,OKC0094,28-Jan-25
رؤوف جابر نبيل القاضي,2111367080,195,OKC-000095,4185000,0.588,"20%, 20%,20%, 15%,15%, 5%, 5%","تم السداد 837,000.00","تم السداد 837,000.00","تم السداد 837,000.00",غير مستحقة,غير مستحقة,غير مستحقة,غير مستحقة,0,2511000,البنك التجاري الدولي CIB,09/02/2025,0.588,OKC0095,18-Jan-25
شيماء رمضان جابر عبدالحليم,9074542318,196,OKC-000096,4658000,0.576,"20%, 20%,20%, 15%,15%, 5%, 5%","تم السداد 931,600.00","تم السداد 931,600.00","تم السداد 931,600.00",غير مستحقة,غير مستحقة,غير مستحقة,غير مستحقة,0,2794800,البنك التجاري الدولي CIB,02/02/2025,0.576,OKC0096,7-Jan-25
أيمن أحمد حمدي شاكر,7310488520,197,OKC-000097,6302000,0.5491,"20%, 20%,20%, 15%,15%, 5%, 5%","تم السداد 1,260,400.00","تم السداد 1,260,400.00","تم السداد 1,260,400.00",غير مستحقة,غير مستحقة,غير مستحقة,غير مستحقة,0,3781200,البنك التجاري الدولي CIB,05/03/2025,0.5491,OKC0097,30-Jan-25
حسين سليمان رجب القاضي,8522262513,198,OKC-000098,6173000,0.5566,"20%, 20%,20%, 15%,15%, 5%, 5%","تم السداد 1,234,600.00","تم السداد 1,234,600.00","تم السداد 1,234,600.00",غير مستحقة,غير مستحقة,غير مستحقة,غير مستحقة,0,3703800,QNB مصر,15/02/2025,0.5566,OKC0098,18-Feb-25
حنان خالد عبدالله الدسوقي,3721988079,199,OKC-000099,6497000,0.5846,"20%, 20%,20%, 15%,15%, 5%, 5%","تم السداد 1,299,400.00","تم السداد 1,299,400.00","تم السداد 1,299,400.00",غير مستحقة,غير مستحقة,غير مستحقة,غير مستحقة,0,3898200,البنك التجاري الدولي CIB,15/03/2025,0.5846,OKC0099,11-Mar-25
علاء صبحي خالد حبيب,7614329595,200,OKC-000100,4385000,0.5336,"20%, 20%,20%, 15%,15%, 5%, 5%","تم السداد 877,000.00","تم السداد 877,000.00","تم السداد 877,000.00",غير مستحقة,غير مستحقة,غير مستحقة,غير مستحقة,0,2631000,البنك التجاري الدولي CIB,09/03/2025,0.5336,OKC0100,16-Feb-25
حازم عصام عبدالرحمن عبدالرازق,2834255542,201,OKC-000101,4291000,0.5861,"20%, 20%,20%, 15%,15%, 5%, 5%","تم السداد 858,200.00","تم السداد 858,200.00","تم السداد 858,200.00",غير مستحقة,غير مستحقة,غير مستحقة,غير مستحقة,0,2574600,البنك التجاري الدولي CIB,05/02/2025,0.5861,OKC0101,13-Feb-25
عمر فاروق صبري أمين,2158058996,202,OKC-000102,6776000,0.5752,"20%, 20%,20%, 15%,15%, 5%, 5%","تم السداد 1,355,200.00","تم السداد 1,355,200.00","تم السداد 1,355,200.00",غير مستحقة,غير مستحقة,غير مستحقة,غير مستحقة,0,4065600,بنك القاهرة,20/02/2025,0.5752,OKC0102,3-Mar-25
مينا سمير إبراهيم رزق,1448987370,203,OKC-000103,5623000,0.4194,"20%, 15%, 15%, 20%, 15%, 10%, 5%","تم السداد 1,124,600.00","تم السداد 843,450.00","تم السداد 843,450.00",غير مستحقة,غير مستحقة,غير مستحقة,غير مستحقة,0,2811500,EGBANK - البنك المصري الخليجي,02/04/2025,0.4194,OKC0103,15-Mar-25
جورج جمال محمود لطفي,4541461123,204,OKC-000104,5803000,0.345,"20%, 15%, 15%, 20%, 15%, 10%, 5%","تم السداد 1,160,600.00","تم السداد 870,450.00",غير مستحقة,غير مستحقة,غير مستحقة,غير مستحقة,غير مستحقة,0,2031050,EGBANK - البنك المصري الخليجي,04/04/2025,0.345,OKC0104,9-Mar-25
وائل شوقي جابر السوهاجي,9367671952,205,OKC-000105,6482000,0.6311,"20%, 20%,20%, 15%,15%, 5%, 5%","تم السداد 1,296,400.00","تم السداد 1,296,400.00","تم السداد 1,296,400.00","تم السداد 972,300.00",غير مستحقة,غير مستحقة,غير مستحقة,0,4861500,بنك الإسكندرية,18/11/2024,0.6311,OKC0105,9-Oct-24
مصطفى جابر عبدالله الشافعي,8054314072,206,OKC-000106,8022000,0.6181,"20%, 20%,20%, 15%,15%, 5%, 5%","تم السداد 1,604,400.00","تم السداد 1,604,400.00","تم السداد 1,604,400.00","تم السداد 1,203,300.00",غير مستحقة,غير مستحقة,غير مستحقة,0,6016500,بنك الإسكندرية,05/12/2024,0.6181,OKC0106,6-Nov-24
حسام كمال سليمان عبدالحميد,6291770813,207,OKC-000107,6035000,0.5947,"20%, 20%,20%, 15%,15%, 5%, 5%","تم السداد 1,207,000.00","تم السداد 1,207,000.00","تم السداد 1,207,000.00","تم السداد 905,250.00",غير مستحقة,غير مستحقة,غير مستحقة,0,4526250,كريدي أجريكول مصر,16/11/2024,0.5947,OKC0107,27-Nov-24
وليد عبدالله أحمد الشافعي,9961395987,208,OKC-000108,4287000,0.707,"20%, 20%,20%, 15%,15%, 5%, 5%","تم السداد 857,400.00","تم السداد 857,400.00","تم السداد 857,400.00","تم السداد 643,050.00",غير مستحقة,غير مستحقة,غير مستحقة,0,3215250,كريدي أجريكول مصر,18/12/2024,0.707,OKC0108,26-Nov-24
وليد نبيل فاروق النحاس,9109768190,209,OKC-000109,4157000,0.6224,"20%, 20%,20%, 15%,15%, 5%, 5%","تم السداد 831,400.00","تم السداد 831,400.00","تم السداد 831,400.00","تم السداد 623,550.00",غير مستحقة,غير مستحقة,غير مستحقة,0,3117750,EGBANK - البنك المصري الخليجي,14/12/2024,0.6224,OKC0109,10-Dec-24
شادي فتحي علي السوهاجي,3703899334,210,OKC-000110,4867000,0.6593,"20%, 20%,20%, 15%,15%, 5%, 5%","تم السداد 973,400.00","تم السداد 973,400.00","تم السداد 973,400.00","تم السداد 730,050.00",غير مستحقة,غير مستحقة,غير مستحقة,0,3650250,بنك القاهرة,08/12/2024,0.6593,OKC0110,17-Dec-24
زياد حسن عبدالله الزيني,1297328020,211,OKC-000111,5472000,0.6064,"20%, 20%,20%, 15%,15%, 5%, 5%","تم السداد 1,094,400.00","تم السداد 1,094,400.00","تم السداد 1,094,400.00","تم السداد 820,800.00",غير مستحقة,غير مستحقة,غير مستحقة,0,4104000,البنك التجاري الدولي CIB,23/12/2024,0.6064,OKC0111,31-Dec-24
مروان إبراهيم عادل حسين,6884088217,212,OKC-000112,4347000,0.5923,"20%, 20%,20%, 15%,15%, 5%, 5%","تم السداد 869,400.00","تم السداد 869,400.00","تم السداد 869,400.00","تم السداد 652,050.00",غير مستحقة,غير مستحقة,غير مستحقة,0,3260250,البنك التجاري الدولي CIB,27/01/2025,0.5923,OKC0112,25-Jan-25
يوسف محمد علي عبدالمقصود,3596315504,213,OKC-000113,5662000,0.6154,"20%, 20%,20%, 15%,15%, 5%, 5%","تم السداد 1,132,400.00","تم السداد 1,132,400.00","تم السداد 1,132,400.00","تم السداد 849,300.00",غير مستحقة,غير مستحقة,غير مستحقة,0,4246500,البنك التجاري الدولي CIB,31/01/2025,0.6154,OKC0113,28-Jan-25
عمر سعيد سمير المنياوي,6126996417,214,OKC-000114,5782000,0.624,"20%, 20%,20%, 15%,15%, 5%, 5%","تم السداد 1,156,400.00","تم السداد 1,156,400.00","تم السداد 1,156,400.00","تم السداد 867,300.00",غير مستحقة,غير مستحقة,غير مستحقة,0,4336500,البنك التجاري الدولي CIB,08/01/2025,0.624,OKC0114,18-Jan-25
زياد محمد خالد المصري,2812069382,215,OKC-000115,4510000,0.601,"20%, 20%,20%, 15%,15%, 5%, 5%","تم السداد 902,000.00","تم السداد 902,000.00","تم السداد 902,000.00","تم السداد 676,500.00",غير مستحقة,غير مستحقة,غير مستحقة,0,3382500,كريدي أجريكول مصر,24/01/2025,0.601,OKC0115,7-Feb-25
مصطفى صبحي عبدالرحمن سليمان,3924242957,216,OKC-000116,4637000,0.6097,"20%, 20%,20%, 15%,15%, 5%, 5%","تم السداد 927,400.00","تم السداد 927,400.00","تم السداد 927,400.00","تم السداد 695,550.00",غير مستحقة,غير مستحقة,غير مستحقة,0,3477750,البنك التجاري الدولي CIB,12/02/2025,0.6097,OKC0116,4-Feb-25
تامر رشاد فتحي الزيني,5242439892,217,OKC-000117,6801000,0.6922,"20%, 20%,20%, 15%,15%, 5%, 5%","تم السداد 1,360,200.00","تم السداد 1,360,200.00","تم السداد 1,360,200.00","تم السداد 1,020,150.00",غير مستحقة,غير مستحقة,غير مستحقة,0,5100750,البنك التجاري الدولي CIB,17/02/2025,0.6922,OKC0117,18-Jan-25
ياسين إسماعيل رجب المصري,7674452362,218,OKC-000118,4576000,0.6925,"20%, 20%,20%, 15%,15%, 5%, 5%","تم السداد 915,200.00","تم السداد 915,200.00","تم السداد 915,200.00","تم السداد 686,400.00",غير مستحقة,غير مستحقة,غير مستحقة,0,3432000,البنك التجاري الدولي CIB,08/01/2025,0.6925,OKC0118,22-Jan-25
فادي عاطف طارق السمان,8685710130,219,OKC-000119,3856000,0.6754,"20%, 20%,20%, 15%,15%, 5%, 5%","تم السداد 771,200.00","تم السداد 771,200.00","تم السداد 771,200.00","تم السداد 578,400.00",غير مستحقة,غير مستحقة,غير مستحقة,0,2892000,البنك التجاري الدولي CIB,28/01/2025,0.6754,OKC0119,17-Feb-25
كريم أحمد سعيد صلاح,4401235417,220,OKC-000120,4611000,0.7047,"20%, 20%,20%, 15%,15%, 5%, 5%","تم السداد 922,200.00","تم السداد 922,200.00","تم السداد 922,200.00","تم السداد 691,650.00",غير مستحقة,غير مستحقة,غير مستحقة,0,3458250,البنك التجاري الدولي CIB,23/02/2025,0.7047,OKC0120,6-Feb-25
جورج سعيد جابر أمين,8402166109,221,OKC-000121,4748000,0.6489,"20%, 20%,20%, 15%,15%, 5%, 5%","تم السداد 949,600.00","تم السداد 949,600.00","تم السداد 949,600.00","تم السداد 712,200.00",غير مستحقة,غير مستحقة,غير مستحقة,0,3561000,البنك التجاري الدولي CIB,06/02/2025,0.6489,OKC0121,25-Jan-25
عمر صبري يوسف سالم,9442498493,222,OKC-000122,5611000,0.6283,"20%, 20%,20%, 15%,15%, 5%, 5%","تم السداد 1,122,200.00","تم السداد 1,122,200.00","تم السداد 1,122,200.00","تم السداد 841,650.00",غير مستحقة,غير مستحقة,غير مستحقة,0,4208250,البنك التجاري الدولي CIB,15/01/2025,0.6283,OKC0122,29-Jan-25
رؤوف يوسف سليمان الطنطاوي,3042552827,223,OKC-000123,5727000,0.6468,"20%, 20%,20%, 15%,15%, 5%, 5%","تم السداد 1,145,400.00","تم السداد 1,145,400.00","تم السداد 1,145,400.00","تم السداد 859,050.00",غير مستحقة,غير مستحقة,غير مستحقة,0,4295250,البنك التجاري الدولي CIB,07/03/2025,0.6468,OKC0123,5-Feb-25
عبدالله عاطف حسن الحداد,3920157988,224,OKC-000124,6014000,0.5935,"20%, 20%,20%, 15%,15%, 5%, 5%","تم السداد 1,202,800.00","تم السداد 1,202,800.00","تم السداد 1,202,800.00","تم السداد 902,100.00",غير مستحقة,غير مستحقة,غير مستحقة,0,4510500,البنك التجاري الدولي CIB,01/03/2025,0.5935,OKC0124,1-Mar-25
إسلام عبدالرحمن رمضان محمود,5479115477,225,OKC-000125,5454000,0.6647,"20%, 20%,20%, 15%,15%, 5%, 5%","تم السداد 1,090,800.00","تم السداد 1,090,800.00","تم السداد 1,090,800.00","تم السداد 818,100.00",غير مستحقة,غير مستحقة,غير مستحقة,0,4090500,البنك التجاري الدولي CIB,24/01/2025,0.6647,OKC0125,20-Feb-25
مجدي رشاد حسين عبدالحميد,2739455757,226,OKC-000126,4995000,0.6482,"20%, 20%,20%, 15%,15%, 5%, 5%","تم السداد 999,000.00","تم السداد 999,000.00","تم السداد 999,000.00","تم السداد 749,250.00",غير مستحقة,غير مستحقة,غير مستحقة,0,3746250,البنك التجاري الدولي CIB,04/02/2025,0.6482,OKC0126,13-Jan-25
سامح علي حسين منصور,8496739512,227,OKC-000127,6336000,0.6465,"20%, 20%,20%, 15%,15%, 5%, 5%","تم السداد 1,267,200.00","تم السداد 1,267,200.00","تم السداد 1,267,200.00","تم السداد 950,400.00",غير مستحقة,غير مستحقة,غير مستحقة,0,4752000,بنك القاهرة,16/05/2025,0.6465,OKC0127,30-May-25
هاني لطفي إبراهيم البحيري,5760949295,228,OKC-000128,5066000,0.619,"20%, 20%,20%, 15%,15%, 5%, 5%","تم السداد 1,013,200.00","تم السداد 1,013,200.00","تم السداد 1,013,200.00","تم السداد 759,900.00",غير مستحقة,غير مستحقة,غير مستحقة,0,3799500,بنك القاهرة,25/04/2025,0.619,OKC0128,12-Jun-25
إسلام فتحي إسماعيل صبري,2598408041,229,OKC-000129,4011000,0.7303,"20%, 15%, 15%, 20%, 15%, 10%, 5%","تم السداد 802,200.00","تم السداد 601,650.00","تم السداد 601,650.00","تم السداد 802,200.00",غير مستحقة,غير مستحقة,غير مستحقة,0,2807700,كاش,09/11/2024,0.7303,OKC0129,15-Oct-24
أيمن سيد مجدي المصري,9337569269,230,OKC-000130,5565000,0.77,"20%, 15%, 15%, 20%, 15%, 10%, 5%","تم السداد 1,113,000.00","تم السداد 834,750.00","تم السداد 834,750.00","تم السداد 1,113,000.00",غير مستحقة,غير مستحقة,غير مستحقة,0,3895500,كاش,20/10/2024,0.77,OKC0130,28-Nov-24
هاجر سمير محمود داود,4297509809,231,OKC-000131,5837000,0.7699,"20%, 15%, 15%, 20%, 15%, 10%, 5%","تم السداد 1,167,400.00","تم السداد 875,550.00","تم السداد 875,550.00","تم السداد 1,167,400.00",غير مستحقة,غير مستحقة,غير مستحقة,0,4085900,كاش,09/11/2024,0.7699,OKC0131,28-Nov-24
عبدالله شوقي إسماعيل لطفي,6878007373,232,OKC-000132,5338000,0.5808,"20%, 15%, 15%, 20%, 15%, 10%, 5%","تم السداد 1,067,600.00","تم السداد 800,700.00","تم السداد 800,700.00","تم السداد 1,067,600.00",غير مستحقة,غير مستحقة,غير مستحقة,0,3736600,كاش,10/01/2025,0.5808,OKC0132,29-Nov-24
داليا جمال رمضان حبيب,6705913881,233,OKC-000133,6079000,0.6508,"20%, 15%, 15%, 20%, 15%, 10%, 5%","تم السداد 1,215,800.00","تم السداد 911,850.00","تم السداد 911,850.00","تم السداد 1,215,800.00",غير مستحقة,غير مستحقة,غير مستحقة,0,4255300,كاش,23/11/2024,0.6508,OKC0133,15-Dec-24
ماجد حمدي خالد داود,9359181980,234,OKC-000134,5606000,0.7003,"20%, 15%, 15%, 20%, 15%, 10%, 5%","تم السداد 1,121,200.00","تم السداد 840,900.00","تم السداد 840,900.00","تم السداد 1,121,200.00",غير مستحقة,غير مستحقة,غير مستحقة,0,3924200,كاش,02/02/2025,0.7003,OKC0134,17-Dec-24
جورج صلاح جابر محمود,6669613781,235,OKC-000135,5375000,0.7972,"20%, 15%, 15%, 20%, 15%, 10%, 5%","تم السداد 1,075,000.00","تم السداد 806,250.00","تم السداد 806,250.00","تم السداد 1,075,000.00",غير مستحقة,غير مستحقة,غير مستحقة,0,3762500,كاش,13/01/2025,0.7972,OKC0135,14-Jan-25
عمرو مجدي عصام البنا,4303181837,236,OKC-000136,5761000,0.6035,"20%, 15%, 15%, 20%, 15%, 10%, 5%","تم السداد 1,152,200.00","تم السداد 864,150.00","تم السداد 864,150.00","تم السداد 1,152,200.00",غير مستحقة,غير مستحقة,غير مستحقة,0,4032700,كاش,02/02/2025,0.6035,OKC0136,17-Jan-25
عبدالرحمن سمير سعيد يونس,8241189709,237,OKC-000137,5453000,0.6362,"20%, 15%, 15%, 20%, 15%, 10%, 5%","تم السداد 1,090,600.00","تم السداد 817,950.00","تم السداد 817,950.00","تم السداد 1,090,600.00",غير مستحقة,غير مستحقة,غير مستحقة,0,3817100,كاش,18/01/2025,0.6362,OKC0137,3-Feb-25
مينا حسن فتحي مبارك,6790339542,238,OKC-000138,5292000,0.712,"20%, 15%, 15%, 20%, 15%, 10%, 5%","تم السداد 1,058,400.00","تم السداد 793,800.00","تم السداد 793,800.00","تم السداد 1,058,400.00",غير مستحقة,غير مستحقة,غير مستحقة,0,3704400,كاش,27/12/2024,0.712,OKC0138,20-Jan-25
أدهم رجب جابر المرسي,4471535941,239,OKC-000139,6065000,0.7741,"20%, 15%, 15%, 20%, 15%, 10%, 5%","تم السداد 1,213,000.00","تم السداد 909,750.00","تم السداد 909,750.00","تم السداد 1,213,000.00",غير مستحقة,غير مستحقة,غير مستحقة,0,4245500,كاش,31/01/2025,0.7741,OKC0139,12-Jan-25
أدهم شوقي عبدالله العطار,3153287863,240,OKC-000140,5302000,0.6926,"20%, 15%, 15%, 20%, 15%, 10%, 5%","تم السداد 1,060,400.00","تم السداد 795,300.00","تم السداد 795,300.00","تم السداد 1,060,400.00",غير مستحقة,غير مستحقة,غير مستحقة,0,3711400,كاش,15/02/2025,0.6926,OKC0140,16-Jan-25
نانسي حسن مجدي لطفي,6311835168,241,OKC-000141,6614000,0.7168,"20%, 15%, 15%, 20%, 15%, 10%, 5%","تم السداد 1,322,800.00","تم السداد 992,100.00","تم السداد 992,100.00","تم السداد 1,322,800.00",غير مستحقة,غير مستحقة,غير مستحقة,0,4629800,كاش,05/02/2025,0.7168,OKC0141,10-Feb-25
نورا حسن إبراهيم حبيب,9239402591,242,OKC-000142,6601000,0.6114,"20%, 15%, 15%, 20%, 15%, 10%, 5%","تم السداد 1,320,200.00","تم السداد 990,150.00","تم السداد 990,150.00","تم السداد 1,320,200.00",غير مستحقة,غير مستحقة,غير مستحقة,0,4620700,كاش,30/01/2025,0.6114,OKC0142,12-Feb-25
زياد لطفي صلاح يونس,1928389822,243,OKC-000143,6291000,0.7045,"20%, 15%, 15%, 20%, 15%, 10%, 5%","تم السداد 1,258,200.00","تم السداد 943,650.00","تم السداد 943,650.00","تم السداد 1,258,200.00",غير مستحقة,غير مستحقة,غير مستحقة,0,4403700,كاش,06/03/2025,0.7045,OKC0143,5-Mar-25
خالد أحمد عاطف الشربيني,6518772111,244,OKC-000144,4205000,0.6042,"20%, 15%, 15%, 20%, 15%, 10%, 5%","تم السداد 841,000.00","تم السداد 630,750.00","تم السداد 630,750.00","تم السداد 841,000.00",غير مستحقة,غير مستحقة,غير مستحقة,0,2943500,بنك القاهرة,11/04/2025,0.6042,OKC0144,2-Apr-25
نهال مختار حمدي عبدالحميد,8597360144,245,OKC-000145,4986000,0.6145,"20%, 15%, 15%, 20%, 15%, 10%, 5%","تم السداد 997,200.00","تم السداد 747,900.00","تم السداد 747,900.00","تم السداد 997,200.00",غير مستحقة,غير مستحقة,غير مستحقة,0,3490200,بنك القاهرة,07/04/2025,0.6145,OKC0145,31-Mar-25
هبة إبراهيم مجدي المصري,9157672497,246,OKC-000146,7427000,0.6179,"20%, 15%, 15%, 20%, 15%, 10%, 5%","تم السداد 1,485,400.00","تم السداد 1,114,050.00","تم السداد 1,114,050.00","تم السداد 1,485,400.00",غير مستحقة,غير مستحقة,غير مستحقة,0,5198900,كاش,26/03/2025,0.6179,OKC0146,1-Apr-25
يوسف عبدالله صبري المرسي,7023005379,247,OKC-000147,4974000,0.5999,"20%, 15%, 15%, 20%, 15%, 10%, 5%","تم السداد 994,800.00","تم السداد 746,100.00","تم السداد 746,100.00","تم السداد 994,800.00",غير مستحقة,غير مستحقة,غير مستحقة,0,3481800,بنك الإسكندرية,07/03/2025,0.5999,OKC0147,31-Mar-25
حنان فؤاد إسماعيل شحاتة,1784829165,248,OKC-000148,5208000,0.6905,"20%, 15%, 15%, 20%, 15%, 10%, 5%","تم السداد 1,041,600.00","تم السداد 781,200.00","تم السداد 781,200.00","تم السداد 1,041,600.00",غير مستحقة,غير مستحقة,غير مستحقة,0,3645600,البنك التجاري الدولي CIB,25/02/2025,0.6905,OKC0148,19-Mar-25
مجدي حمدي فاروق الزيات,7510801686,249,OKC-000149,6328000,0.7068,"20%, 15%, 15%, 20%, 15%, 10%, 5%","تم السداد 1,265,600.00","تم السداد 949,200.00","تم السداد 949,200.00","تم السداد 1,265,600.00",غير مستحقة,غير مستحقة,غير مستحقة,0,4429600,EGBANK - البنك المصري الخليجي,31/03/2025,0.7068,OKC0149,8-Mar-25
علي مصطفى لطفي سليمان,9722019361,250,OKC-000150,6164000,0.7013,"20%, 15%, 15%, 20%, 15%, 10%, 5%","تم السداد 1,232,800.00","تم السداد 924,600.00","تم السداد 924,600.00","تم السداد 1,232,800.00",غير مستحقة,غير مستحقة,غير مستحقة,0,4314800,كريدي أجريكول مصر,27/02/2025,0.7013,OKC0150,2-Mar-25
نهى حسن نبيل محمود,3858631856,251,OKC-000151,5026000,0.5999,"20%, 15%, 15%, 20%, 15%, 10%, 5%","تم السداد 1,005,200.00","تم السداد 753,900.00","تم السداد 753,900.00","تم السداد 1,005,200.00",غير مستحقة,غير مستحقة,غير مستحقة,0,3518200,بنك القاهرة,07/03/2025,0.5999,OKC0151,13-Mar-25
مجدي رشاد خالد عبدالمجيد,8044985153,252,OKC-000152,5273000,0.6045,"20%, 15%, 15%, 20%, 15%, 10%, 5%","تم السداد 1,054,600.00","تم السداد 790,950.00","تم السداد 790,950.00","تم السداد 1,054,600.00",غير مستحقة,غير مستحقة,غير مستحقة,0,3691100,بنك القاهرة,12/03/2025,0.6045,OKC0152,20-Mar-25
محمد إبراهيم فتحي الزيات,2351880502,253,OKC-000153,5355000,0.6276,"20%, 15%, 15%, 20%, 15%, 10%, 5%","تم السداد 1,071,000.00","تم السداد 803,250.00","تم السداد 803,250.00","تم السداد 1,071,000.00",غير مستحقة,غير مستحقة,غير مستحقة,0,3748500,بنك القاهرة,19/04/2025,0.6276,OKC0153,13-Apr-25
أسماء أحمد فاروق خليل,9842450346,254,OKC-000154,4901000,0.6891,"20%, 15%, 15%, 20%, 15%, 10%, 5%","تم السداد 980,200.00","تم السداد 735,150.00","تم السداد 735,150.00","تم السداد 980,200.00",غير مستحقة,غير مستحقة,غير مستحقة,0,3430700,بنك القاهرة,27/02/2025,0.6891,OKC0154,15-Apr-25
حسين كمال علي عوض,1903657046,255,OKC-000155,4840000,0.5945,"20%, 15%, 15%, 20%, 15%, 10%, 5%","تم السداد 968,000.00","تم السداد 726,000.00","تم السداد 726,000.00","تم السداد 968,000.00",غير مستحقة,غير مستحقة,غير مستحقة,0,3388000,بنك القاهرة,31/03/2025,0.5945,OKC0155,19-Mar-25
إبراهيم شوقي فاروق يونس,7806811643,256,OKC-000156,7731000,0.7121,"20%, 15%, 15%, 20%, 15%, 10%, 5%","تم السداد 1,546,200.00","تم السداد 1,159,650.00","تم السداد 1,159,650.00","تم السداد 1,546,200.00",غير مستحقة,غير مستحقة,غير مستحقة,0,5411700,بنك القاهرة,06/03/2025,0.7121,OKC0156,25-Mar-25
كريم عادل رجب القناوي,3094639404,257,OKC-000157,4634000,0.644,"20%, 15%, 15%, 20%, 15%, 10%, 5%","تم السداد 926,800.00","تم السداد 695,100.00","تم السداد 695,100.00","تم السداد 926,800.00",غير مستحقة,غير مستحقة,غير مستحقة,0,3243800,EGBANK - البنك المصري الخليجي,31/03/2025,0.644,OKC0157,20-Apr-25
إسلام عاطف جابر شاكر,6191451666,258,OKC-000158,4758000,0.7402,"20%, 15%, 15%, 20%, 15%, 10%, 5%","تم السداد 951,600.00","تم السداد 713,700.00","تم السداد 713,700.00","تم السداد 951,600.00",غير مستحقة,غير مستحقة,غير مستحقة,0,3330600,بنك القاهرة,03/04/2025,0.7402,OKC0158,6-Apr-25
أميرة رشاد عبدالله صلاح,5076816489,259,OKC-000159,6155000,0.5435,"20%, 15%, 15%, 20%, 15%, 10%, 5%","تم السداد 1,231,000.00","تم السداد 923,250.00","تم السداد 923,250.00","تم السداد 1,231,000.00",غير مستحقة,غير مستحقة,غير مستحقة,0,4308500,EGBANK - البنك المصري الخليجي,28/04/2025,0.5435,OKC0159,20-Apr-25
محمود فاروق نبيل خليل,7887642853,260,OKC-000160,5387000,0.6011,"20%, 15%, 15%, 20%, 15%, 10%, 5%","تم السداد 1,077,400.00","تم السداد 808,050.00","تم السداد 808,050.00","تم السداد 1,077,400.00",غير مستحقة,غير مستحقة,غير مستحقة,0,3770900,كاش,05/05/2025,0.6011,OKC0160,30-Apr-25
تامر عبدالله فاروق حسين,3219643424,261,OKC-000161,5337000,0.714,"20%, 15%, 15%, 20%, 15%, 10%, 5%","تم السداد 1,067,400.00","تم السداد 800,550.00","تم السداد 800,550.00","تم السداد 1,067,400.00",غير مستحقة,غير مستحقة,غير مستحقة,0,3735900,كاش,17/04/2025,0.714,OKC0161,19-Apr-25
ماجد كمال سمير الشافعي,3481313212,262,OKC-000162,6506000,0.7076,"20%, 15%, 15%, 20%, 15%, 10%, 5%","تم السداد 1,301,200.00","تم السداد 975,900.00","تم السداد 975,900.00","تم السداد 1,301,200.00",غير مستحقة,غير مستحقة,غير مستحقة,0,4554200,بنك القاهرة,06/04/2025,0.7076,OKC0162,12-Apr-25
إسلام إسماعيل علي حسين,4924847247,263,OKC-000163,6645000,0.6886,"20%, 15%, 15%, 20%, 15%, 10%, 5%","تم السداد 1,329,000.00","تم السداد 996,750.00","تم السداد 996,750.00","تم السداد 1,329,000.00",غير مستحقة,غير مستحقة,غير مستحقة,0,4651500,EGBANK - البنك المصري الخليجي,19/04/2025,0.6886,OKC0163,11-May-25
باسم حسن طارق شحاتة,1651852456,264,OKC-000164,7576000,0.6187,"20%, 15%, 15%, 20%, 15%, 10%, 5%","تم السداد 1,515,200.00","تم السداد 1,136,400.00","تم السداد 1,136,400.00","تم السداد 1,515,200.00",غير مستحقة,غير مستحقة,غير مستحقة,0,5303200,EGBANK - البنك المصري الخليجي,26/06/2025,0.6187,OKC0164,30-May-25
سامي إبراهيم سليمان السعدني,3580984116,265,OKC-000165,6536000,0.612,"20%, 15%, 15%, 20%, 15%, 10%, 5%","تم السداد 1,307,200.00","تم السداد 980,400.00","تم السداد 980,400.00","تم السداد 1,307,200.00",غير مستحقة,غير مستحقة,غير مستحقة,0,4575200,بنك القاهرة,21/05/2025,0.612,OKC0165,23-May-25
نهى رجب إبراهيم المنياوي,5967575514,266,OKC-000166,4576000,0.5889,"20%, 15%, 15%, 20%, 15%, 10%, 5%","تم السداد 915,200.00","تم السداد 686,400.00","تم السداد 686,400.00","تم السداد 915,200.00",غير مستحقة,غير مستحقة,غير مستحقة,0,3203200,كاش,22/06/2025,0.5889,OKC0166,30-Jun-25
حازم مصطفى نبيل رمضان,4122996091,267,OKC-000167,5436000,0.606,"20%, 15%, 15%, 20%, 15%, 10%, 5%","تم السداد 1,087,200.00","تم السداد 815,400.00","تم السداد 815,400.00","تم السداد 1,087,200.00",غير مستحقة,غير مستحقة,غير مستحقة,0,3805200,البنك التجاري الدولي CIB,17/06/2025,0.606,OKC0167,5-Jul-25
رؤوف صبري رمضان داود,1954350081,268,OKC-000168,4327000,0.6847,"20%, 15%, 15%, 20%, 15%, 10%, 5%","تم السداد 865,400.00","تم السداد 649,050.00","تم السداد 649,050.00","تم السداد 865,400.00",غير مستحقة,غير مستحقة,غير مستحقة,0,3028900,بنك الإسكندرية,15/07/2025,0.6847,OKC0168,8-Jun-25
إسلام مختار سمير الجمل,8595425372,269,OKC-000169,6975000,0.6936,"20%, 15%, 15%, 20%, 15%, 10%, 5%","تم السداد 1,395,000.00","تم السداد 1,046,250.00","تم السداد 1,046,250.00","تم السداد 1,395,000.00",غير مستحقة,غير مستحقة,غير مستحقة,0,4882500,البنك التجاري الدولي CIB,15/07/2025,0.6936,OKC0169,31-May-25
أيمن حسن صبحي بدوي,7728126363,270,OKC-000170,6602000,0.6159,"20%, 15%, 15%, 20%, 15%, 10%, 5%","تم السداد 1,320,400.00","تم السداد 990,300.00","تم السداد 990,300.00","تم السداد 1,320,400.00",غير مستحقة,غير مستحقة,غير مستحقة,0,4621400,بنك القاهرة,14/06/2025,0.6159,OKC0170,17-Jul-25
مي صبحي حسن الرفاعي,2563526305,271,OKC-000171,4551000,0.7228,"20%, 15%, 15%, 20%, 15%, 10%, 5%","تم السداد 910,200.00","تم السداد 682,650.00","تم السداد 682,650.00","تم السداد 910,200.00",غير مستحقة,غير مستحقة,غير مستحقة,0,3185700,البنك العربي الأفريقي الدولي,20/07/2025,0.7228,OKC0171,6-Jul-25
إسراء جابر عاطف صبري,3028471886,272,OKC-000172,4932000,0.7066,"20%, 15%, 15%, 20%, 15%, 10%, 5%","تم السداد 986,400.00","تم السداد 739,800.00","تم السداد 739,800.00","تم السداد 986,400.00",غير مستحقة,غير مستحقة,غير مستحقة,0,3452400,كاش,18/07/2025,0.7066,OKC0172,7-Jul-25
إيمان رشاد حسن عبدالحميد,1671918456,273,OKC-000173,3935000,0.6835,"20%, 15%, 15%, 20%, 15%, 10%, 5%","تم السداد 787,000.00","تم السداد 590,250.00","تم السداد 590,250.00","تم السداد 787,000.00",غير مستحقة,غير مستحقة,غير مستحقة,0,2754500,بنك القاهرة,17/08/2025,0.6835,OKC0173,30-Jul-25
عمر صلاح حمدي العشري,4784408458,274,OKC-000174,7031000,0.6871,"20%, 15%, 15%, 20%, 15%, 10%, 5%","تم السداد 1,406,200.00","تم السداد 1,054,650.00","تم السداد 1,054,650.00","تم السداد 1,406,200.00",غير مستحقة,غير مستحقة,غير مستحقة,0,4921700,كريدي أجريكول مصر,25/07/2025,0.6871,OKC0174,3-Jul-25
معتز عبدالله علي الدمرداش,9539780596,275,OKC-000175,5175000,0.7521,"20%, 15%, 15%, 20%, 15%, 10%, 5%","تم السداد 1,035,000.00","تم السداد 776,250.00","تم السداد 776,250.00","تم السداد 1,035,000.00",غير مستحقة,غير مستحقة,غير مستحقة,0,3622500,البنك التجاري الدولي CIB,02/07/2025,0.7521,OKC0175,4-Jul-25
نهال حسن جمال عوض,3526251699,276,OKC-000176,4043000,0.6085,"20%, 15%, 15%, 20%, 15%, 10%, 5%","تم السداد 808,600.00","تم السداد 606,450.00","تم السداد 606,450.00","تم السداد 808,600.00",غير مستحقة,غير مستحقة,غير مستحقة,0,2830100,بنك القاهرة,05/07/2025,0.6085,OKC0176,25-Jul-25
علاء جابر عبدالله عبدالحميد,3629487110,277,OKC-000177,4958000,0.6657,"20%, 15%, 15%, 20%, 15%, 10%, 5%","تم السداد 991,600.00","تم السداد 743,700.00","تم السداد 743,700.00","تم السداد 991,600.00",غير مستحقة,غير مستحقة,غير مستحقة,0,3470600,البنك العربي الأفريقي الدولي,26/08/2025,0.6657,OKC0177,19-Aug-25
رامز جمال مجدي رمضان,4772409884,278,OKC-000178,4786000,0.6203,"20%, 15%, 15%, 20%, 15%, 10%, 5%","تم السداد 957,200.00","تم السداد 717,900.00","تم السداد 717,900.00","تم السداد 957,200.00",غير مستحقة,غير مستحقة,غير مستحقة,0,3350200,البنك التجاري الدولي CIB,18/07/2025,0.6203,OKC0178,22-Jul-25
ماجد حسين صبحي السعدني,8214810946,279,OKC-000179,5419000,0.7308,"20%, 15%, 15%, 20%, 15%, 10%, 5%","تم السداد 1,083,800.00","تم السداد 812,850.00","تم السداد 812,850.00","تم السداد 1,083,800.00",غير مستحقة,غير مستحقة,غير مستحقة,0,3793300,البنك التجاري الدولي CIB,15/09/2025,0.7308,OKC0179,28-Jul-25
علي مجدي طارق رزق,2548648600,280,OKC-000180,5346000,0.6701,"20%, 15%, 15%, 20%, 15%, 10%, 5%","تم السداد 1,069,200.00","تم السداد 801,900.00","تم السداد 801,900.00","تم السداد 1,069,200.00",غير مستحقة,غير مستحقة,غير مستحقة,0,3742200,البنك التجاري الدولي CIB,19/09/2025,0.6701,OKC0180,17-Aug-25
آية شوقي سعيد الشافعي,9324832377,281,OKC-000181,4495000,0.6457,"20%, 15%, 15%, 20%, 15%, 10%, 5%","تم السداد 899,000.00","تم السداد 674,250.00","تم السداد 674,250.00","تم السداد 899,000.00",غير مستحقة,غير مستحقة,غير مستحقة,0,3146500,كاش,02/08/2025,0.6457,OKC0181,10-Aug-25
حسام صبحي رجب المصري,4852681124,282,OKC-000182,7202000,0.7386,"20%, 15%, 15%, 20%, 15%, 10%, 5%","تم السداد 1,440,400.00","تم السداد 1,080,300.00","تم السداد 1,080,300.00","تم السداد 1,440,400.00",غير مستحقة,غير مستحقة,غير مستحقة,0,5041400,البنك التجاري الدولي CIB,01/08/2025,0.7386,OKC0182,16-Aug-25
هاني محمود عبدالله الدسوقي,1523240235,283,OKC-000183,6429000,0.5917,"20%, 15%, 15%, 20%, 15%, 10%, 5%","تم السداد 1,285,800.00","تم السداد 964,350.00","تم السداد 964,350.00","تم السداد 1,285,800.00",غير مستحقة,غير مستحقة,غير مستحقة,0,4500300,بنك القاهرة,14/08/2025,0.5917,OKC0183,21-Aug-25
أماني سمير جابر مبارك,2159444970,284,OKC-000184,6275000,0.6558,"20%, 15%, 15%, 20%, 15%, 10%, 5%","تم السداد 1,255,000.00","تم السداد 941,250.00","تم السداد 941,250.00","تم السداد 1,255,000.00",غير مستحقة,غير مستحقة,غير مستحقة,0,4392500,EGBANK - البنك المصري الخليجي,04/09/2025,0.6558,OKC0184,11-Sep-25
يوسف محمد سمير البدري,8655202744,285,OKC-000185,5271000,0.6822,"20%, 15%, 15%, 20%, 15%, 10%, 5%","تم السداد 1,054,200.00","تم السداد 790,650.00","تم السداد 790,650.00","تم السداد 1,054,200.00",غير مستحقة,غير مستحقة,غير مستحقة,0,3689700,البنك التجاري الدولي CIB,27/08/2025,0.6822,OKC0185,19-Sep-25
بسمة لطفي حمدي المرسي,6275150921,286,OKC-000186,4503000,0.6549,"20%, 15%, 15%, 20%, 15%, 10%, 5%","تم السداد 900,600.00","تم السداد 675,450.00","تم السداد 675,450.00","تم السداد 900,600.00",غير مستحقة,غير مستحقة,غير مستحقة,0,3152100,كاش,03/10/2025,0.6549,OKC0186,2-Sep-25
فرح علي إبراهيم الزيات,5148363066,287,OKC-000187,5158000,0.6978,"20%, 15%, 15%, 20%, 15%, 10%, 5%","تم السداد 1,031,600.00","تم السداد 773,700.00","تم السداد 773,700.00","تم السداد 1,031,600.00",غير مستحقة,غير مستحقة,غير مستحقة,0,3610600,كاش,13/09/2025,0.6978,OKC0187,28-Sep-25
وائل مختار صلاح إبراهيم,6269609599,288,OKC-000188,5528000,0.6911,"20%, 15%, 15%, 20%, 15%, 10%, 5%","تم السداد 1,105,600.00","تم السداد 829,200.00","تم السداد 829,200.00","تم السداد 1,105,600.00",غير مستحقة,غير مستحقة,غير مستحقة,0,3869600,كاش,06/10/2025,0.6911,OKC0188,22-Sep-25
شادي صبحي رمضان النحاس,7248121989,289,OKC-000189,4657000,0.7116,"20%, 15%, 15%, 20%, 15%, 10%, 5%","تم السداد 931,400.00","تم السداد 698,550.00","تم السداد 698,550.00","تم السداد 931,400.00",غير مستحقة,غير مستحقة,غير مستحقة,0,3259900,بنك القاهرة,19/10/2025,0.7116,OKC0189,5-Oct-25
نيرمين شوقي فتحي الرفاعي,9824481801,290,OKC-000190,5535000,0.692,"20%, 15%, 15%, 20%, 15%, 10%, 5%","تم السداد 1,107,000.00","تم السداد 830,250.00","تم السداد 830,250.00","تم السداد 1,107,000.00",غير مستحقة,غير مستحقة,غير مستحقة,0,3874500,كاش,03/12/2025,0.692,OKC0190,9-Dec-25
سامح مجدي حسين النجار,2113142991,291,OKC-000191,6308000,0.667,"20%, 15%, 15%, 20%, 15%, 10%, 5%","تم السداد 1,261,600.00","تم السداد 946,200.00","تم السداد 946,200.00","تم السداد 1,261,600.00",غير مستحقة,غير مستحقة,غير مستحقة,0,4415600,كاش,11/11/2025,0.667,OKC0191,12-Dec-25
بيشوي محمد أحمد عبدالحليم,8405423139,292,OKC-000192,4961000,0.6425,"20%, 15%, 15%, 20%, 15%, 10%, 5%","تم السداد 992,200.00","تم السداد 744,150.00","تم السداد 744,150.00","تم السداد 992,200.00",غير مستحقة,غير مستحقة,غير مستحقة,0,3472700,كريدي أجريكول مصر,17/12/2025,0.6425,OKC0192,22-Dec-25
بيشوي محمود صلاح السوهاجي,6483962919,293,OKC-000193,5442000,0.6622,"20%, 15%, 15%, 20%, 15%, 10%, 5%","تم السداد 1,088,400.00","تم السداد 816,300.00","تم السداد 816,300.00","تم السداد 1,088,400.00",غير مستحقة,غير مستحقة,غير مستحقة,0,3809400,كاش,15/01/2026,0.6622,OKC0193,6-Jan-26
هاني عبدالرحمن محمد السعدني,2715649585,294,OKC-000194,6392000,0.5934,"20%, 15%, 15%, 20%, 15%, 10%, 5%","تم السداد 1,278,400.00","تم السداد 958,800.00","تم السداد 958,800.00","تم السداد 1,278,400.00",غير مستحقة,غير مستحقة,غير مستحقة,0,4474400,بنك القاهرة,28/12/2025,0.5934,OKC0194,22-Dec-25
عبدالله صلاح جابر عبدالسلام,8608968469,295,OKC-000195,6670000,0.7407,"20%, 15%, 15%, 20%, 15%, 10%, 5%","تم السداد 1,334,000.00","تم السداد 1,000,500.00","تم السداد 1,000,500.00","تم السداد 1,334,000.00",غير مستحقة,غير مستحقة,غير مستحقة,0,4669000,كريدي أجريكول مصر,25/12/2025,0.7407,OKC0195,15-Dec-25
علاء مصطفى إسماعيل عبدالسلام,4635280580,296,OKC-000196,4992000,0.6709,"20%, 15%, 15%, 20%, 15%, 10%, 5%","تم السداد 998,400.00","تم السداد 748,800.00","تم السداد 748,800.00","تم السداد 998,400.00",غير مستحقة,غير مستحقة,غير مستحقة,0,3494400,كريدي أجريكول مصر,14/01/2026,0.6709,OKC0196,15-Dec-25
ميرنا نبيل عبدالله محمود,4783731822,297,OKC-000197,5075000,0.701,"20%, 15%, 15%, 20%, 15%, 10%, 5%","تم السداد 1,015,000.00","تم السداد 761,250.00","تم السداد 761,250.00","تم السداد 1,015,000.00",غير مستحقة,غير مستحقة,غير مستحقة,0,3552500,كاش,28/12/2025,0.701,OKC0197,26-Dec-25
ياسين علي رشاد الشافعي,7205936140,298,OKC-000198,5227000,0.6487,"20%, 15%, 15%, 20%, 15%, 10%, 5%","تم السداد 1,045,400.00","تم السداد 784,050.00","تم السداد 784,050.00","تم السداد 1,045,400.00",غير مستحقة,غير مستحقة,غير مستحقة,0,3658900,كريدي أجريكول مصر,11/01/2026,0.6487,OKC0198,7-Dec-25
حسن مصطفى عبدالله القناوي,9899665463,299,OKC-000199,6212000,0.6907,"20%, 15%, 15%, 20%, 15%, 10%, 5%","تم السداد 1,242,400.00","تم السداد 931,800.00","تم السداد 931,800.00","تم السداد 1,242,400.00",غير مستحقة,غير مستحقة,غير مستحقة,0,4348400,كاش,05/12/2025,0.6907,OKC0199,11-Dec-25
رؤوف عادل إبراهيم الجمل,2775932972,300,OKC-000200,6498000,0.6407,"20%, 15%, 15%, 20%, 15%, 10%, 5%","تم السداد 1,299,600.00","تم السداد 974,700.00","تم السداد 974,700.00","تم السداد 1,299,600.00",غير مستحقة,غير مستحقة,غير مستحقة,0,4548600,كاش,18/12/2025,0.6407,OKC0200,14-Dec-25
رامي صلاح سيد الرفاعي,8365174638,301,OKC-000201,3978000,0.7431,"20%, 15%, 15%, 20%, 15%, 10%, 5%","تم السداد 795,600.00","تم السداد 596,700.00","تم السداد 596,700.00","تم السداد 795,600.00",غير مستحقة,غير مستحقة,غير مستحقة,0,2784600,كريدي أجريكول مصر,27/01/2026,0.7431,OKC0201,12-Jan-26
باسم رشاد عصام السعدني,8075480281,302,OKC-000202,5770000,0.669,"20%, 15%, 15%, 20%, 15%, 10%, 5%","تم السداد 1,154,000.00","تم السداد 865,500.00","تم السداد 865,500.00","تم السداد 1,154,000.00",غير مستحقة,غير مستحقة,غير مستحقة,0,4039000,بنك القاهرة,11/12/2025,0.669,OKC0202,12-Jan-26
زياد طارق حمدي عبداللطيف,9466453812,303,OKC-000203,7014000,0.5856,"20%, 15%, 15%, 20%, 15%, 10%, 5%","تم السداد 1,402,800.00","تم السداد 1,052,100.00","تم السداد 1,052,100.00","تم السداد 1,402,800.00",غير مستحقة,غير مستحقة,غير مستحقة,0,4909800,بنك القاهرة,18/12/2025,0.5856,OKC0203,20-Dec-25
أشرف صبري فاروق جابر,3166530817,304,OKC-000204,6608000,0.7032,"20%, 15%, 15%, 20%, 15%, 10%, 5%","تم السداد 1,321,600.00","تم السداد 991,200.00","تم السداد 991,200.00","تم السداد 1,321,600.00",غير مستحقة,غير مستحقة,غير مستحقة,0,4625600,بنك القاهرة,15/12/2025,0.7032,OKC0204,26-Dec-25
حازم شوقي مصطفى علي,2982347918,305,OKC-000205,5481000,0.6746,"20%, 15%, 15%, 20%, 15%, 10%, 5%","تم السداد 1,096,200.00","تم السداد 822,150.00","تم السداد 822,150.00","تم السداد 1,096,200.00",غير مستحقة,غير مستحقة,غير مستحقة,0,3836700,كريدي أجريكول مصر,25/12/2025,0.6746,OKC0205,31-Jan-26
شريف جابر أحمد داود,2087500090,306,OKC-000206,5184000,0.7279,"20%, 15%, 15%, 20%, 15%, 10%, 5%","تم السداد 1,036,800.00","تم السداد 777,600.00","تم السداد 777,600.00","تم السداد 1,036,800.00",غير مستحقة,غير مستحقة,غير مستحقة,0,3628800,بنك القاهرة,12/01/2026,0.7279,OKC0206,7-Jan-26
نهال عاطف فتحي الشربيني,6983097358,307,OKC-000207,6383000,0.6888,"20%, 15%, 15%, 20%, 15%, 10%, 5%","تم السداد 1,276,600.00","تم السداد 957,450.00","تم السداد 957,450.00","تم السداد 1,276,600.00",غير مستحقة,غير مستحقة,غير مستحقة,0,4468100,البنك التجاري الدولي CIB,30/01/2026,0.6888,OKC0207,23-Jan-26
علاء علي محمود منصور,7680749144,308,OKC-000208,5465000,0.7733,"20%, 15%, 15%, 20%, 15%, 10%, 5%","تم السداد 1,093,000.00","تم السداد 819,750.00","تم السداد 819,750.00","تم السداد 1,093,000.00",غير مستحقة,غير مستحقة,غير مستحقة,0,3825500,كريدي أجريكول مصر,28/01/2026,0.7733,OKC0208,21-Jan-26
أدهم فتحي كمال الزيني,7324760029,309,OKC-000209,5646000,0.8026,"20%, 15%, 15%, 20%, 15%, 10%, 5%","تم السداد 1,129,200.00","تم السداد 846,900.00","تم السداد 846,900.00","تم السداد 1,129,200.00",غير مستحقة,غير مستحقة,غير مستحقة,0,3952200,بنك القاهرة,27/01/2026,0.8026,OKC0209,14-Jan-26
هاجر فؤاد عادل البحيري,5600091815,310,OKC-000210,5384000,0.7125,"20%, 15%, 15%, 20%, 15%, 10%, 5%","تم السداد 1,076,800.00","تم السداد 807,600.00","تم السداد 807,600.00","تم السداد 1,076,800.00",غير مستحقة,غير مستحقة,غير مستحقة,0,3768800,كاش,02/03/2026,0.7125,OKC0210,28-Feb-26
عمرو فاروق إبراهيم مبارك,1380773272,311,OKC-000211,6380000,0.7838,"20%, 15%, 15%, 20%, 15%, 10%, 5%","تم السداد 1,276,000.00","تم السداد 957,000.00","تم السداد 957,000.00","تم السداد 1,276,000.00",غير مستحقة,غير مستحقة,غير مستحقة,0,4466000,البنك التجاري الدولي CIB,25/04/2026,0.7838,OKC0211,25-Mar-26
كريم فتحي حمدي السعدني,1434845727,312,OKC-000212,5472000,0.6579,"20%, 15%, 15%, 20%, 15%, 10%, 5%","تم السداد 1,094,400.00","تم السداد 820,800.00","تم السداد 820,800.00","تم السداد 1,094,400.00",غير مستحقة,غير مستحقة,غير مستحقة,0,3830400,QNB مصر,26/04/2026,0.6579,OKC0212,8-Apr-26
علاء مجدي كمال صادق,4466263541,313,OKC-000213,5218000,0.7243,"20%, 15%, 15%, 20%, 15%, 10%, 5%","تم السداد 1,043,600.00","تم السداد 782,700.00","تم السداد 782,700.00","تم السداد 1,043,600.00",غير مستحقة,غير مستحقة,غير مستحقة,0,3652600,البنك التجاري الدولي CIB,10/04/2026,0.7243,OKC0213,16-Apr-26
عبدالرحمن علي جمال الشربيني,1620217861,314,OKC-000214,5420000,0.7494,"20%, 15%, 15%, 20%, 15%, 10%, 5%","تم السداد 1,084,000.00","تم السداد 813,000.00","تم السداد 813,000.00","تم السداد 1,084,000.00",غير مستحقة,غير مستحقة,غير مستحقة,0,3794000,كاش,05/04/2026,0.7494,OKC0214,29-Apr-26
عبدالرحمن صبري عصام جابر,5113553596,315,OKC-000215,5266000,0.7497,"20%, 15%, 15%, 20%, 15%, 10%, 5%","تم السداد 1,053,200.00","تم السداد 789,900.00","تم السداد 789,900.00","تم السداد 1,053,200.00",غير مستحقة,غير مستحقة,غير مستحقة,0,3686200,كاش,20/04/2026,0.7497,OKC0215,30-Apr-26
آية أحمد إسماعيل العشري,4570470868,316,OKC-000216,5643000,0.6528,"20%, 15%, 15%, 20%, 15%, 10%, 5%","تم السداد 1,128,600.00","تم السداد 846,450.00","تم السداد 846,450.00","تم السداد 1,128,600.00",غير مستحقة,غير مستحقة,غير مستحقة,0,3950100,كاش,17/04/2026,0.6528,OKC0216,19-May-26
مروان صبري حمدي عبدالحليم,8478162861,317,OKC-000217,5642000,0.6371,"20%, 15%, 15%, 20%, 15%, 10%, 5%","تم السداد 1,128,400.00","تم السداد 846,300.00","تم السداد 846,300.00","تم السداد 1,128,400.00",غير مستحقة,غير مستحقة,غير مستحقة,0,3949400,كاش,12/04/2026,0.6371,OKC0217,1-May-26
سامي حسن سمير عوض,1142238929,318,OKC-000218,5684000,0.722,"20%, 15%, 15%, 20%, 15%, 10%, 5%","تم السداد 1,136,800.00","تم السداد 852,600.00","تم السداد 852,600.00","تم السداد 1,136,800.00",غير مستحقة,غير مستحقة,غير مستحقة,0,3978800,كاش,25/04/2026,0.722,OKC0218,10-May-26
حسام عاطف رشاد مراد,6777736233,319,OKC-000219,5844000,0.7299,"20%, 15%, 15%, 20%, 15%, 10%, 5%","تم السداد 1,168,800.00","تم السداد 876,600.00","تم السداد 876,600.00","تم السداد 1,168,800.00",غير مستحقة,غير مستحقة,غير مستحقة,0,4090800,كاش,10/04/2026,0.7299,OKC0219,27-Apr-26
حسام حسين حمدي حبيب,9077436156,320,OKC-000220,6790000,0.7765,"20%, 15%, 15%, 20%, 15%, 10%, 5%","تم السداد 1,358,000.00","تم السداد 1,018,500.00","تم السداد 1,018,500.00","تم السداد 1,358,000.00",غير مستحقة,غير مستحقة,غير مستحقة,0,4753000,كاش,02/05/2026,0.7765,OKC0220,28-Apr-26
رامز أحمد رمضان عبدالحميد,2452732477,321,OKC-000221,6752000,0.7216,"20%, 15%, 15%, 20%, 15%, 10%, 5%","تم السداد 1,350,400.00","تم السداد 1,012,800.00","تم السداد 1,012,800.00","تم السداد 1,350,400.00",غير مستحقة,غير مستحقة,غير مستحقة,0,4726400,البنك التجاري الدولي CIB,20/05/2026,0.7216,OKC0221,28-Apr-26
رؤوف طارق عاطف النحاس,6008197705,322,OKC-000222,7044000,0.6194,"20%, 15%, 15%, 20%, 15%, 10%, 5%","تم السداد 1,408,800.00","تم السداد 1,056,600.00","تم السداد 1,056,600.00","تم السداد 1,408,800.00",غير مستحقة,غير مستحقة,غير مستحقة,0,4930800,EGBANK - البنك المصري الخليجي,31/05/2026,0.6194,OKC0222,23-Jun-26
إسلام علي عاطف سالم,6312695516,323,OKC-000223,3968000,0.6425,"20%, 15%, 15%, 20%, 15%, 10%, 5%","تم السداد 793,600.00","تم السداد 595,200.00","تم السداد 595,200.00","تم السداد 793,600.00",غير مستحقة,غير مستحقة,غير مستحقة,0,2777600,بنك مصر,07/12/2024,0.6425,OKC0223,21-Nov-24
أشرف عبدالرحمن سمير مراد,1411534735,324,OKC-000224,4854000,0.6709,"20%, 15%, 15%, 20%, 15%, 10%, 5%","تم السداد 970,800.00","تم السداد 728,100.00","تم السداد 728,100.00","تم السداد 970,800.00",غير مستحقة,غير مستحقة,غير مستحقة,0,3397800,بنك مصر,29/11/2024,0.6709,OKC0224,4-Dec-24
شريف جابر سعيد الحداد,7029760208,325,OKC-000225,3889000,0.6146,"20%, 15%, 15%, 20%, 15%, 10%, 5%","تم السداد 777,800.00","تم السداد 583,350.00","تم السداد 583,350.00","تم السداد 777,800.00",غير مستحقة,غير مستحقة,غير مستحقة,0,2722300,بنك مصر,13/11/2024,0.6146,OKC0225,20-Dec-24
مروان محمود كمال الدمرداش,6090775794,326,OKC-000226,4043000,0.6352,"20%, 15%, 15%, 20%, 15%, 10%, 5%","تم السداد 808,600.00","تم السداد 606,450.00","تم السداد 606,450.00","تم السداد 808,600.00",غير مستحقة,غير مستحقة,غير مستحقة,0,2830100,بنك مصر,11/12/2024,0.6352,OKC0226,23-Nov-24
زياد كمال سليمان الجندي,3313729140,327,OKC-000227,3900000,0.6211,"20%, 15%, 15%, 20%, 15%, 10%, 5%","تم السداد 780,000.00","تم السداد 585,000.00","تم السداد 585,000.00","تم السداد 780,000.00",غير مستحقة,غير مستحقة,غير مستحقة,0,2730000,بنك مصر,03/01/2025,0.6211,OKC0227,15-Dec-24
ماهر رشاد سيد شحاتة,7959058192,328,OKC-000228,4628000,0.5971,"20%, 15%, 15%, 20%, 15%, 10%, 5%","تم السداد 925,600.00","تم السداد 694,200.00","تم السداد 694,200.00","تم السداد 925,600.00",غير مستحقة,غير مستحقة,غير مستحقة,0,3239600,بنك مصر,08/12/2024,0.5971,OKC0228,25-Dec-24
زياد مجدي صبري الشرقاوي,4752594081,329,OKC-000229,7070000,0.6492,"20%, 15%, 15%, 20%, 15%, 10%, 5%","تم السداد 1,414,000.00","تم السداد 1,060,500.00","تم السداد 1,060,500.00","تم السداد 1,414,000.00",غير مستحقة,غير مستحقة,غير مستحقة,0,4949000,بنك مصر,10/12/2024,0.6492,OKC0229,3-Dec-24
محمود حسين حسن العشري,7628010768,330,OKC-000230,5654000,0.8058,"20%, 15%, 15%, 20%, 15%, 10%, 5%","تم السداد 1,130,800.00","تم السداد 848,100.00","تم السداد 848,100.00","تم السداد 1,130,800.00",غير مستحقة,غير مستحقة,غير مستحقة,0,3957800,بنك مصر,22/12/2024,0.8058,OKC0230,31-Dec-24
شادي رمضان شوقي السيد,9908757438,331,OKC-000231,5244000,0.6084,"20%, 15%, 15%, 20%, 15%, 10%, 5%","تم السداد 1,048,800.00","تم السداد 786,600.00","تم السداد 786,600.00","تم السداد 1,048,800.00",غير مستحقة,غير مستحقة,غير مستحقة,0,3670800,بنك مصر,29/11/2024,0.6084,OKC0231,29-Nov-24
ماجد جابر عاطف عبدالرازق,3676413296,332,OKC-000232,4134000,0.5917,"20%, 15%, 15%, 20%, 15%, 10%, 5%","تم السداد 826,800.00","تم السداد 620,100.00","تم السداد 620,100.00","تم السداد 826,800.00",غير مستحقة,غير مستحقة,غير مستحقة,0,2893800,بنك مصر,04/01/2025,0.5917,OKC0232,13-Dec-24
نادر جابر فؤاد النحاس,3846741533,333,OKC-000233,5825000,0.5992,"20%, 15%, 15%, 20%, 15%, 10%, 5%","تم السداد 1,165,000.00","تم السداد 873,750.00","تم السداد 873,750.00","تم السداد 1,165,000.00",غير مستحقة,غير مستحقة,غير مستحقة,0,4077500,بنك مصر,08/12/2024,0.5992,OKC0233,3-Dec-24
حسين فتحي عاطف مصطفى,3270633284,334,OKC-000234,5467000,0.7017,"20%, 15%, 15%, 20%, 15%, 10%, 5%","تم السداد 1,093,400.00","تم السداد 820,050.00","تم السداد 820,050.00","تم السداد 1,093,400.00",غير مستحقة,غير مستحقة,غير مستحقة,0,3826900,بنك مصر,22/12/2024,0.7017,OKC0234,22-Dec-24
وليد محمود مختار الوكيل,6737069012,335,OKC-000235,5690000,0.6115,"20%, 15%, 15%, 20%, 15%, 10%, 5%","تم السداد 1,138,000.00","تم السداد 853,500.00","تم السداد 853,500.00","تم السداد 1,138,000.00",غير مستحقة,غير مستحقة,غير مستحقة,0,3983000,بنك مصر,18/12/2024,0.6115,OKC0235,1-Jan-25
سامي نبيل جابر السعدني,4004409996,336,OKC-000236,4099000,0.6899,"20%, 15%, 15%, 20%, 15%, 10%, 5%","تم السداد 819,800.00","تم السداد 614,850.00","تم السداد 614,850.00","تم السداد 819,800.00",غير مستحقة,غير مستحقة,غير مستحقة,0,2869300,بنك مصر,08/12/2024,0.6899,OKC0236,27-Dec-24
عمر عبدالله مختار داود,9903936630,337,OKC-000237,5659000,0.6884,"20%, 15%, 15%, 20%, 15%, 10%, 5%","تم السداد 1,131,800.00","تم السداد 848,850.00","تم السداد 848,850.00","تم السداد 1,131,800.00",غير مستحقة,غير مستحقة,غير مستحقة,0,3961300,بنك مصر,08/01/2025,0.6884,OKC0237,24-Dec-24
ملك عبدالرحمن حسين المصري,3166552677,338,OKC-000238,5712000,0.5914,"20%, 15%, 15%, 20%, 15%, 10%, 5%","تم السداد 1,142,400.00","تم السداد 856,800.00","تم السداد 856,800.00","تم السداد 1,142,400.00",غير مستحقة,غير مستحقة,غير مستحقة,0,3998400,بنك مصر,14/01/2025,0.5914,OKC0238,13-Jan-25
ماهر إبراهيم فتحي عبدالسلام,2551893448,339,OKC-000239,4266000,0.6156,"20%, 15%, 15%, 20%, 15%, 10%, 5%","تم السداد 853,200.00","تم السداد 639,900.00","تم السداد 639,900.00","تم السداد 853,200.00",غير مستحقة,غير مستحقة,غير مستحقة,0,2986200,بنك مصر,22/01/2025,0.6156,OKC0239,6-Jan-25
ماهر محمد رجب عبدالرازق,2752345030,340,OKC-000240,4446000,0.5556,"20%, 15%, 15%, 20%, 15%, 10%, 5%","تم السداد 889,200.00","تم السداد 666,900.00","تم السداد 666,900.00","تم السداد 889,200.00",غير مستحقة,غير مستحقة,غير مستحقة,0,3112200,بنك مصر,04/12/2024,0.5556,OKC0240,13-Jan-25
أشرف صلاح عبدالرحمن العطار,9139591246,341,OKC-000241,4409000,0.6087,"20%, 15%, 15%, 20%, 15%, 10%, 5%","تم السداد 881,800.00","تم السداد 661,350.00","تم السداد 661,350.00","تم السداد 881,800.00",غير مستحقة,غير مستحقة,غير مستحقة,0,3086300,بنك مصر,28/01/2025,0.6087,OKC0241,28-Dec-24
جورج صلاح حسن الطنطاوي,1938748133,342,OKC-000242,5384000,0.5972,"20%, 15%, 15%, 20%, 15%, 10%, 5%","تم السداد 1,076,800.00","تم السداد 807,600.00","تم السداد 807,600.00","تم السداد 1,076,800.00",غير مستحقة,غير مستحقة,غير مستحقة,0,3768800,بنك مصر,14/12/2024,0.5972,OKC0242,17-Jan-25
مصطفى لطفي سمير المرسي,8948674379,343,OKC-000243,5943000,0.7059,"20%, 15%, 15%, 20%, 15%, 10%, 5%","تم السداد 1,188,600.00","تم السداد 891,450.00","تم السداد 891,450.00","تم السداد 1,188,600.00",غير مستحقة,غير مستحقة,غير مستحقة,0,4160100,بنك مصر,26/01/2025,0.7059,OKC0243,27-Dec-24
وليد يوسف لطفي عبداللطيف,8042202792,344,OKC-000244,5973000,0.6122,"20%, 15%, 15%, 20%, 15%, 10%, 5%","تم السداد 1,194,600.00","تم السداد 895,950.00","تم السداد 895,950.00","تم السداد 1,194,600.00",غير مستحقة,غير مستحقة,غير مستحقة,0,4181100,بنك مصر,19/01/2025,0.6122,OKC0244,11-Jan-25
هاني حسن سمير الدمرداش,6745765499,345,OKC-000245,6000000,0.7923,"20%, 15%, 15%, 20%, 15%, 10%, 5%","تم السداد 1,200,000.00","تم السداد 900,000.00","تم السداد 900,000.00","تم السداد 1,200,000.00",غير مستحقة,غير مستحقة,غير مستحقة,0,4200000,بنك مصر,08/01/2025,0.7923,OKC0245,11-Jan-25
أدهم عبدالله سيد محمود,5572313042,346,OKC-000246,4642000,0.5914,"20%, 15%, 15%, 20%, 15%, 10%, 5%","تم السداد 928,400.00","تم السداد 696,300.00","تم السداد 696,300.00","تم السداد 928,400.00",غير مستحقة,غير مستحقة,غير مستحقة,0,3249400,بنك مصر,26/12/2024,0.5914,OKC0246,19-Dec-24
حازم صبحي حسن النجار,3561588589,347,OKC-000247,4265000,0.6107,"20%, 15%, 15%, 20%, 15%, 10%, 5%","تم السداد 853,000.00","تم السداد 639,750.00","تم السداد 639,750.00","تم السداد 853,000.00",غير مستحقة,غير مستحقة,غير مستحقة,0,2985500,بنك مصر,24/01/2025,0.6107,OKC0247,26-Jan-25
شادي محمود نبيل النحاس,9586997161,348,OKC-000248,5423000,0.5649,"20%, 15%, 15%, 20%, 15%, 10%, 5%","تم السداد 1,084,600.00","تم السداد 813,450.00","تم السداد 813,450.00","تم السداد 1,084,600.00",غير مستحقة,غير مستحقة,غير مستحقة,0,3796100,بنك مصر,20/12/2024,0.5649,OKC0248,20-Jan-25
رامز علي محمد السمان,3150302808,349,OKC-000249,5612000,0.6974,"20%, 15%, 15%, 20%, 15%, 10%, 5%","تم السداد 1,122,400.00","تم السداد 841,800.00","تم السداد 841,800.00","تم السداد 1,122,400.00",غير مستحقة,غير مستحقة,غير مستحقة,0,3928400,بنك مصر,08/02/2025,0.6974,OKC0249,30-Dec-24
حازم سليمان عصام حسن,6967864971,350,OKC-000250,5749000,0.6022,"20%, 15%, 15%, 20%, 15%, 10%, 5%","تم السداد 1,149,800.00","تم السداد 862,350.00","تم السداد 862,350.00","تم السداد 1,149,800.00",غير مستحقة,غير مستحقة,غير مستحقة,0,4024300,بنك مصر,25/01/2025,0.6022,OKC0250,24-Dec-24
معتز فؤاد محمود يونس,9421219199,351,OKC-000251,4657000,0.6105,"20%, 15%, 15%, 20%, 15%, 10%, 5%","تم السداد 931,400.00","تم السداد 698,550.00","تم السداد 698,550.00","تم السداد 931,400.00",غير مستحقة,غير مستحقة,غير مستحقة,0,3259900,بنك مصر,03/01/2025,0.6105,OKC0251,31-Jan-25
علي فتحي مختار المصري,9514559058,352,OKC-000252,4273000,0.6089,"20%, 15%, 15%, 20%, 15%, 10%, 5%","تم السداد 854,600.00","تم السداد 640,950.00","تم السداد 640,950.00","تم السداد 854,600.00",غير مستحقة,غير مستحقة,غير مستحقة,0,2991100,بنك مصر,18/01/2025,0.6089,OKC0252,3-Feb-25
كريم فاروق عبدالله حبيب,3351594842,353,OKC-000253,4512000,0.5899,"20%, 15%, 15%, 20%, 15%, 10%, 5%","تم السداد 902,400.00","تم السداد 676,800.00","تم السداد 676,800.00","تم السداد 902,400.00",غير مستحقة,غير مستحقة,غير مستحقة,0,3158400,بنك مصر,12/02/2025,0.5899,OKC0253,28-Dec-24
رامز حسن فاروق خليل,2506860786,354,OKC-000254,5109000,0.699,"20%, 15%, 15%, 20%, 15%, 10%, 5%","تم السداد 1,021,800.00","تم السداد 766,350.00","تم السداد 766,350.00","تم السداد 1,021,800.00",غير مستحقة,غير مستحقة,غير مستحقة,0,3576300,بنك مصر,17/02/2025,0.699,OKC0254,11-Feb-25
أيمن إسماعيل عاطف السمان,6092606966,355,OKC-000255,5579000,0.688,"20%, 15%, 15%, 20%, 15%, 10%, 5%","تم السداد 1,115,800.00","تم السداد 836,850.00","تم السداد 836,850.00","تم السداد 1,115,800.00",غير مستحقة,غير مستحقة,غير مستحقة,0,3905300,بنك مصر,09/02/2025,0.688,OKC0255,21-Feb-25
محمد مصطفى إسماعيل السيد,8956690705,356,OKC-000256,5448000,0.7079,"20%, 15%, 15%, 20%, 15%, 10%, 5%","تم السداد 1,089,600.00","تم السداد 817,200.00","تم السداد 817,200.00","تم السداد 1,089,600.00",غير مستحقة,غير مستحقة,غير مستحقة,0,3813600,بنك مصر,05/02/2025,0.7079,OKC0256,17-Feb-25
شريف حسن سليمان عبدالمقصود,5074223563,357,OKC-000257,4602000,0.5533,"20%, 15%, 15%, 20%, 15%, 10%, 5%","تم السداد 920,400.00","تم السداد 690,300.00","تم السداد 690,300.00","تم السداد 920,400.00",غير مستحقة,غير مستحقة,غير مستحقة,0,3221400,بنك مصر,29/01/2025,0.5533,OKC0257,26-Jan-25
عمرو عاطف جمال عبدالعال,8024792871,358,OKC-000258,5798000,0.5741,"20%, 15%, 15%, 20%, 15%, 10%, 5%","تم السداد 1,159,600.00","تم السداد 869,700.00","تم السداد 869,700.00","تم السداد 1,159,600.00",غير مستحقة,غير مستحقة,غير مستحقة,0,4058600,بنك مصر,17/01/2025,0.5741,OKC0258,4-Mar-25
هاني نبيل فتحي السيد,8888686407,359,OKC-000259,4721000,0.5777,"20%, 15%, 15%, 20%, 15%, 10%, 5%","تم السداد 944,200.00","تم السداد 708,150.00","تم السداد 708,150.00","تم السداد 944,200.00",غير مستحقة,غير مستحقة,غير مستحقة,0,3304700,بنك مصر,15/02/2025,0.5777,OKC0259,7-Feb-25
محمود سعيد فتحي صادق,6173898699,360,OKC-000260,6374000,0.646,"20%, 15%, 15%, 20%, 15%, 10%, 5%","تم السداد 1,274,800.00","تم السداد 956,100.00","تم السداد 956,100.00","تم السداد 1,274,800.00",غير مستحقة,غير مستحقة,غير مستحقة,0,4461800,بنك مصر,16/02/2025,0.646,OKC0260,15-Feb-25
يوسف مصطفى طارق شحاتة,4437877337,361,OKC-000261,5960000,0.6015,"20%, 15%, 15%, 20%, 15%, 10%, 5%","تم السداد 1,192,000.00","تم السداد 894,000.00","تم السداد 894,000.00","تم السداد 1,192,000.00",غير مستحقة,غير مستحقة,غير مستحقة,0,4172000,بنك مصر,18/02/2025,0.6015,OKC0261,17-Feb-25
بيشوي خالد صبحي السمان,6744865345,362,OKC-000262,4434000,0.5891,"20%, 15%, 15%, 20%, 15%, 10%, 5%","تم السداد 886,800.00","تم السداد 665,100.00","تم السداد 665,100.00","تم السداد 886,800.00",غير مستحقة,غير مستحقة,غير مستحقة,0,3103800,بنك مصر,19/02/2025,0.5891,OKC0262,6-Feb-25
أشرف فاروق إسماعيل الإسكندراني,5003025237,363,OKC-000263,6351000,0.6546,"20%, 15%, 15%, 20%, 15%, 10%, 5%","تم السداد 1,270,200.00","تم السداد 952,650.00","تم السداد 952,650.00","تم السداد 1,270,200.00",غير مستحقة,غير مستحقة,غير مستحقة,0,4445700,بنك مصر,28/01/2025,0.6546,OKC0263,11-Feb-25
كريم سيد أحمد مبارك,6153608643,364,OKC-000264,6672000,0.6405,"20%, 15%, 15%, 20%, 15%, 10%, 5%","تم السداد 1,334,400.00","تم السداد 1,000,800.00","تم السداد 1,000,800.00","تم السداد 1,334,400.00",غير مستحقة,غير مستحقة,غير مستحقة,0,4670400,بنك مصر,25/02/2025,0.6405,OKC0264,14-Mar-25
أيمن عاطف صلاح الحداد,9988760819,365,OKC-000265,5283000,0.6625,"20%, 15%, 15%, 20%, 15%, 10%, 5%","تم السداد 1,056,600.00","تم السداد 792,450.00","تم السداد 792,450.00","تم السداد 1,056,600.00",غير مستحقة,غير مستحقة,غير مستحقة,0,3698100,بنك مصر,07/02/2025,0.6625,OKC0265,18-Feb-25
كريم فاروق عبدالله رمضان,6143423243,366,OKC-000266,6110000,0.6954,"20%, 15%, 15%, 20%, 15%, 10%, 5%","تم السداد 1,222,000.00","تم السداد 916,500.00","تم السداد 916,500.00","تم السداد 1,222,000.00",غير مستحقة,غير مستحقة,غير مستحقة,0,4277000,بنك مصر,05/02/2025,0.6954,OKC0266,12-Mar-25
أحمد كمال فتحي السعدني,5070664690,367,OKC-000267,4705000,0.6665,"20%, 15%, 15%, 20%, 15%, 10%, 5%","تم السداد 941,000.00","تم السداد 705,750.00","تم السداد 705,750.00","تم السداد 941,000.00",غير مستحقة,غير مستحقة,غير مستحقة,0,3293500,بنك مصر,18/02/2025,0.6665,OKC0267,5-Feb-25
وليد حسين يوسف الرفاعي,3636606142,368,OKC-000268,4725000,0.7506,"20%, 15%, 15%, 20%, 15%, 10%, 5%","تم السداد 945,000.00","تم السداد 708,750.00","تم السداد 708,750.00","تم السداد 945,000.00",غير مستحقة,غير مستحقة,غير مستحقة,0,3307500,بنك مصر,02/03/2025,0.7506,OKC0268,19-Mar-25
علاء لطفي عاطف عبدالمجيد,7965267315,369,OKC-000269,6591000,0.6967,"20%, 15%, 15%, 20%, 15%, 10%, 5%","تم السداد 1,318,200.00","تم السداد 988,650.00","تم السداد 988,650.00","تم السداد 1,318,200.00",غير مستحقة,غير مستحقة,غير مستحقة,0,4613700,بنك مصر,05/02/2025,0.6967,OKC0269,10-Mar-25
شريف مصطفى سليمان السيد,7782336059,370,OKC-000270,6030000,0.6814,"20%, 15%, 15%, 20%, 15%, 10%, 5%","تم السداد 1,206,000.00","تم السداد 904,500.00","تم السداد 904,500.00","تم السداد 1,206,000.00",غير مستحقة,غير مستحقة,غير مستحقة,0,4221000,بنك مصر,26/02/2025,0.6814,OKC0270,21-Feb-25
كريم مختار رمضان علي,9491212734,371,OKC-000271,5853000,0.7153,"20%, 15%, 15%, 20%, 15%, 10%, 5%","تم السداد 1,170,600.00","تم السداد 877,950.00","تم السداد 877,950.00","تم السداد 1,170,600.00",غير مستحقة,غير مستحقة,غير مستحقة,0,4097100,بنك مصر,10/03/2025,0.7153,OKC0271,5-Mar-25
تامر فاروق مصطفى الدمرداش,8739361133,372,OKC-000272,4687000,0.6575,"20%, 15%, 15%, 20%, 15%, 10%, 5%","تم السداد 937,400.00","تم السداد 703,050.00","تم السداد 703,050.00","تم السداد 937,400.00",غير مستحقة,غير مستحقة,غير مستحقة,0,3280900,بنك مصر,13/02/2025,0.6575,OKC0272,25-Mar-25
عمر مختار فؤاد محمود,2924699568,373,OKC-000273,6498000,0.6597,"20%, 15%, 15%, 20%, 15%, 10%, 5%","تم السداد 1,299,600.00","تم السداد 974,700.00","تم السداد 974,700.00","تم السداد 1,299,600.00",غير مستحقة,غير مستحقة,غير مستحقة,0,4548600,بنك مصر,02/04/2025,0.6597,OKC0273,2-Mar-25
سارة خالد سمير الجمل,9782690367,374,OKC-000274,4787000,0.6986,"20%, 15%, 15%, 20%, 15%, 10%, 5%","تم السداد 957,400.00","تم السداد 718,050.00","تم السداد 718,050.00","تم السداد 957,400.00",غير مستحقة,غير مستحقة,غير مستحقة,0,3350900,بنك مصر,02/03/2025,0.6986,OKC0274,18-Mar-25
آية إبراهيم عصام يونس,6712833876,375,OKC-000275,7070000,0.6588,"20%, 15%, 15%, 20%, 15%, 10%, 5%","تم السداد 1,414,000.00","تم السداد 1,060,500.00","تم السداد 1,060,500.00","تم السداد 1,414,000.00",غير مستحقة,غير مستحقة,غير مستحقة,0,4949000,بنك مصر,12/04/2025,0.6588,OKC0275,11-Mar-25
نادر فؤاد سيد المصري,6355015402,376,OKC-000276,5536000,0.659,"20%, 15%, 15%, 20%, 15%, 10%, 5%","تم السداد 1,107,200.00","تم السداد 830,400.00","تم السداد 830,400.00","تم السداد 1,107,200.00",غير مستحقة,غير مستحقة,غير مستحقة,0,3875200,بنك مصر,25/03/2025,0.659,OKC0276,7-Mar-25
عبدالرحمن رمضان عاطف حجازي,8084912127,377,OKC-000277,5788000,0.6783,"20%, 15%, 15%, 20%, 15%, 10%, 5%","تم السداد 1,157,600.00","تم السداد 868,200.00","تم السداد 868,200.00","تم السداد 1,157,600.00",غير مستحقة,غير مستحقة,غير مستحقة,0,4051600,بنك مصر,18/04/2025,0.6783,OKC0277,16-Mar-25
أشرف صبري صلاح المنياوي,5484759473,378,OKC-000278,5255000,0.6132,"20%, 15%, 15%, 20%, 15%, 10%, 5%","تم السداد 1,051,000.00","تم السداد 788,250.00","تم السداد 788,250.00","تم السداد 1,051,000.00",غير مستحقة,غير مستحقة,غير مستحقة,0,3678500,بنك مصر,07/03/2025,0.6132,OKC0278,21-Mar-25
أحمد مصطفى عاطف مراد,3688470591,379,OKC-000279,4335000,0.6049,"20%, 15%, 15%, 20%, 15%, 10%, 5%","تم السداد 867,000.00","تم السداد 650,250.00","تم السداد 650,250.00","تم السداد 867,000.00",غير مستحقة,غير مستحقة,غير مستحقة,0,3034500,بنك مصر,21/03/2025,0.6049,OKC0279,28-Mar-25
زياد رجب فتحي الوكيل,8968857641,380,OKC-000280,6743000,0.6544,"20%, 15%, 15%, 20%, 15%, 10%, 5%","تم السداد 1,348,600.00","تم السداد 1,011,450.00","تم السداد 1,011,450.00","تم السداد 1,348,600.00",غير مستحقة,غير مستحقة,غير مستحقة,0,4720100,بنك مصر,19/03/2025,0.6544,OKC0280,22-Mar-25
حسام عاطف سيد الإسكندراني,6827316733,381,OKC-000281,6492000,0.6355,"20%, 15%, 15%, 20%, 15%, 10%, 5%","تم السداد 1,298,400.00","تم السداد 973,800.00","تم السداد 973,800.00","تم السداد 1,298,400.00",غير مستحقة,غير مستحقة,غير مستحقة,0,4544400,بنك مصر,16/04/2025,0.6355,OKC0281,4-Apr-25
أشرف فاروق عبدالرحمن البدري,3853584433,382,OKC-000282,6834000,0.7238,"20%, 15%, 15%, 20%, 15%, 10%, 5%","تم السداد 1,366,800.00","تم السداد 1,025,100.00","تم السداد 1,025,100.00","تم السداد 1,366,800.00",غير مستحقة,غير مستحقة,غير مستحقة,0,4783800,بنك مصر,27/03/2025,0.7238,OKC0282,24-Mar-25
حسام صلاح سعيد مبارك,6860355885,383,OKC-000283,5579000,0.682,"20%, 15%, 15%, 20%, 15%, 10%, 5%","تم السداد 1,115,800.00","تم السداد 836,850.00","تم السداد 836,850.00","تم السداد 1,115,800.00",غير مستحقة,غير مستحقة,غير مستحقة,0,3905300,بنك مصر,10/04/2025,0.682,OKC0283,11-Apr-25
أشرف حسن علي الإسكندراني,3005935540,384,OKC-000284,6148000,0.6511,"20%, 15%, 15%, 20%, 15%, 10%, 5%","تم السداد 1,229,600.00","تم السداد 922,200.00","تم السداد 922,200.00","تم السداد 1,229,600.00",غير مستحقة,غير مستحقة,غير مستحقة,0,4303600,بنك مصر,22/03/2025,0.6511,OKC0284,11-Mar-25
بيشوي نبيل علي البحيري,9230932977,385,OKC-000285,6185000,0.666,"20%, 15%, 15%, 20%, 15%, 10%, 5%","تم السداد 1,237,000.00","تم السداد 927,750.00","تم السداد 927,750.00","تم السداد 1,237,000.00",غير مستحقة,غير مستحقة,غير مستحقة,0,4329500,بنك مصر,17/04/2025,0.666,OKC0285,26-Mar-25
سامح فاروق سمير عبدالرازق,1009543178,386,OKC-000286,4909000,0.6296,"20%, 15%, 15%, 20%, 15%, 10%, 5%","تم السداد 981,800.00","تم السداد 736,350.00","تم السداد 736,350.00","تم السداد 981,800.00",غير مستحقة,غير مستحقة,غير مستحقة,0,3436300,بنك مصر,15/04/2025,0.6296,OKC0286,17-Mar-25
باسم سليمان يوسف جابر,5349201665,387,OKC-000287,6735000,0.7773,"20%, 15%, 15%, 20%, 15%, 10%, 5%","تم السداد 1,347,000.00","تم السداد 1,010,250.00","تم السداد 1,010,250.00","تم السداد 1,347,000.00",غير مستحقة,غير مستحقة,غير مستحقة,0,4714500,بنك مصر,26/03/2025,0.7773,OKC0287,14-Apr-25
أشرف حسين عادل حسين,6757947773,388,OKC-000288,6522000,0.6242,"20%, 15%, 15%, 20%, 15%, 10%, 5%","تم السداد 1,304,400.00","تم السداد 978,300.00","تم السداد 978,300.00","تم السداد 1,304,400.00",غير مستحقة,غير مستحقة,غير مستحقة,0,4565400,بنك مصر,23/04/2025,0.6242,OKC0288,9-Apr-25
خالد جمال رجب القاضي,1208521086,389,OKC-000289,4635000,0.6712,"20%, 15%, 15%, 20%, 15%, 10%, 5%","تم السداد 927,000.00","تم السداد 695,250.00","تم السداد 695,250.00","تم السداد 927,000.00",غير مستحقة,غير مستحقة,غير مستحقة,0,3244500,بنك مصر,23/03/2025,0.6712,OKC0289,18-Mar-25
عمرو نبيل فتحي عبدالمجيد,6607833782,390,OKC-000290,5757000,0.5859,"20%, 15%, 15%, 20%, 15%, 10%, 5%","تم السداد 1,151,400.00","تم السداد 863,550.00","تم السداد 863,550.00","تم السداد 1,151,400.00",غير مستحقة,غير مستحقة,غير مستحقة,0,4029900,بنك مصر,21/03/2025,0.5859,OKC0290,6-Apr-25
ياسين شوقي صبحي سليمان,9681671312,391,OKC-000291,6554000,0.7343,"20%, 15%, 15%, 20%, 15%, 10%, 5%","تم السداد 1,310,800.00","تم السداد 983,100.00","تم السداد 983,100.00","تم السداد 1,310,800.00",غير مستحقة,غير مستحقة,غير مستحقة,0,4587800,بنك مصر,04/05/2025,0.7343,OKC0291,8-Apr-25
علاء رشاد عبدالرحمن عبدالعال,9087175476,392,OKC-000292,6093000,0.6163,"20%, 15%, 15%, 20%, 15%, 10%, 5%","تم السداد 1,218,600.00","تم السداد 913,950.00","تم السداد 913,950.00","تم السداد 1,218,600.00",غير مستحقة,غير مستحقة,غير مستحقة,0,4265100,بنك مصر,01/04/2025,0.6163,OKC0292,7-May-25
آية رجب إبراهيم الشرقاوي,8801249380,393,OKC-000293,5385000,0.7358,"20%, 15%, 15%, 20%, 15%, 10%, 5%","تم السداد 1,077,000.00","تم السداد 807,750.00","تم السداد 807,750.00","تم السداد 1,077,000.00",غير مستحقة,غير مستحقة,غير مستحقة,0,3769500,بنك مصر,29/04/2025,0.7358,OKC0293,2-Apr-25
نهال سمير عادل شحاتة,5939777799,394,OKC-000294,4518000,0.5878,"20%, 15%, 15%, 20%, 15%, 10%, 5%","تم السداد 903,600.00","تم السداد 677,700.00","تم السداد 677,700.00","تم السداد 903,600.00",غير مستحقة,غير مستحقة,غير مستحقة,0,3162600,بنك مصر,20/05/2025,0.5878,OKC0294,3-May-25
هشام رشاد فاروق رزق,5256637182,395,OKC-000295,5306000,0.7154,"20%, 15%, 15%, 20%, 15%, 10%, 5%","تم السداد 1,061,200.00","تم السداد 795,900.00","تم السداد 795,900.00","تم السداد 1,061,200.00",غير مستحقة,غير مستحقة,غير مستحقة,0,3714200,بنك مصر,03/04/2025,0.7154,OKC0295,3-May-25
بيشوي إبراهيم سمير حبيب,2651227893,396,OKC-000296,5520000,0.781,"20%, 15%, 15%, 20%, 15%, 10%, 5%","تم السداد 1,104,000.00","تم السداد 828,000.00","تم السداد 828,000.00","تم السداد 1,104,000.00",غير مستحقة,غير مستحقة,غير مستحقة,0,3864000,بنك مصر,08/05/2025,0.781,OKC0296,20-Apr-25
محمود عاطف نبيل الدمرداش,9891704635,397,OKC-000297,4933000,0.6849,"20%, 15%, 15%, 20%, 15%, 10%, 5%","تم السداد 986,600.00","تم السداد 739,950.00","تم السداد 739,950.00","تم السداد 986,600.00",غير مستحقة,غير مستحقة,غير مستحقة,0,3453100,بنك مصر,01/05/2025,0.6849,OKC0297,22-Apr-25
إسلام علي فاروق عبدالرازق,3425615886,398,OKC-000298,5648000,0.6584,"20%, 15%, 15%, 20%, 15%, 10%, 5%","تم السداد 1,129,600.00","تم السداد 847,200.00","تم السداد 847,200.00","تم السداد 1,129,600.00",غير مستحقة,غير مستحقة,غير مستحقة,0,3953600,بنك مصر,26/05/2025,0.6584,OKC0298,9-Apr-25
سامي صبري مصطفى سليمان,6611592539,399,OKC-000299,4619000,0.6987,"20%, 15%, 15%, 20%, 15%, 10%, 5%","تم السداد 923,800.00","تم السداد 692,850.00","تم السداد 692,850.00","تم السداد 923,800.00",غير مستحقة,غير مستحقة,غير مستحقة,0,3233300,بنك مصر,01/06/2025,0.6987,OKC0299,11-May-25
أيمن جابر لطفي جابر,2765280927,400,OKC-000300,6159000,0.6673,"20%, 15%, 15%, 20%, 15%, 10%, 5%","تم السداد 1,231,800.00","تم السداد 923,850.00","تم السداد 923,850.00","تم السداد 1,231,800.00",غير مستحقة,غير مستحقة,غير مستحقة,0,4311300,بنك مصر,14/05/2025,0.6673,OKC0300,18-Apr-25
حنان رشاد أحمد عبدالعال,7562786725,401,OKC-000301,4188000,0.6977,"20%, 15%, 15%, 20%, 15%, 10%, 5%","تم السداد 837,600.00","تم السداد 628,200.00","تم السداد 628,200.00","تم السداد 837,600.00",غير مستحقة,غير مستحقة,غير مستحقة,0,2931600,بنك مصر,05/06/2025,0.6977,OKC0301,8-May-25
أيمن سليمان عصام الشافعي,8523608020,402,OKC-000302,5975000,0.6506,"20%, 15%, 15%, 20%, 15%, 10%, 5%","تم السداد 1,195,000.00","تم السداد 896,250.00","تم السداد 896,250.00","تم السداد 1,195,000.00",غير مستحقة,غير مستحقة,غير مستحقة,0,4182500,بنك مصر,13/06/2025,0.6506,OKC0302,5-Jun-25
شادي رجب خالد العشري,8000548832,403,OKC-000303,4248000,0.7607,"20%, 15%, 15%, 20%, 15%, 10%, 5%","تم السداد 849,600.00","تم السداد 637,200.00","تم السداد 637,200.00","تم السداد 849,600.00",غير مستحقة,غير مستحقة,غير مستحقة,0,2973600,بنك مصر,29/06/2025,0.7607,OKC0303,13-May-25
إبراهيم رمضان مجدي الشرقاوي,7283541361,404,OKC-000304,4496000,0.7518,"20%, 15%, 15%, 20%, 15%, 10%, 5%","تم السداد 899,200.00","تم السداد 674,400.00","تم السداد 674,400.00","تم السداد 899,200.00",غير مستحقة,غير مستحقة,غير مستحقة,0,3147200,بنك مصر,26/07/2025,0.7518,OKC0304,27-Jul-25
محمود رجب نبيل الدسوقي,8579706579,405,OKC-000305,4984000,0.6919,"20%, 15%, 15%, 20%, 15%, 10%, 5%","تم السداد 996,800.00","تم السداد 747,600.00","تم السداد 747,600.00","تم السداد 996,800.00",غير مستحقة,غير مستحقة,غير مستحقة,0,3488800,بنك مصر,06/07/2025,0.6919,OKC0305,23-Jul-25
وائل إسماعيل جابر عبدالمقصود,1718778080,406,OKC-000306,5415000,0.6774,"20%, 15%, 15%, 20%, 15%, 10%, 5%","تم السداد 1,083,000.00","تم السداد 812,250.00","تم السداد 812,250.00","تم السداد 1,083,000.00",غير مستحقة,غير مستحقة,غير مستحقة,0,3790500,بنك مصر,27/08/2025,0.6774,OKC0306,30-Jul-25
علاء فاروق علي فوزي,4963326514,407,OKC-000307,4561000,0.6425,"20%, 15%, 15%, 20%, 15%, 10%, 5%","تم السداد 912,200.00","تم السداد 684,150.00","تم السداد 684,150.00","تم السداد 912,200.00",غير مستحقة,غير مستحقة,غير مستحقة,0,3192700,بنك مصر,28/07/2025,0.6425,OKC0307,15-Aug-25
مروان سيد عبدالرحمن البدري,7951925651,408,OKC-000308,4552000,0.706,"20%, 15%, 15%, 20%, 15%, 10%, 5%","تم السداد 910,400.00","تم السداد 682,800.00","تم السداد 682,800.00","تم السداد 910,400.00",غير مستحقة,غير مستحقة,غير مستحقة,0,3186400,بنك مصر,07/08/2025,0.706,OKC0308,25-Aug-25
هاني فاروق سعيد عبدالسلام,3968705328,409,OKC-000309,4565000,0.6741,"20%, 15%, 15%, 20%, 15%, 10%, 5%","تم السداد 913,000.00","تم السداد 684,750.00","تم السداد 684,750.00","تم السداد 913,000.00",غير مستحقة,غير مستحقة,غير مستحقة,0,3195500,بنك مصر,13/08/2025,0.6741,OKC0309,10-Sep-25
إسلام حسن صبري الحداد,4947989316,410,OKC-000310,4527000,0.5997,"20%, 15%, 15%, 20%, 15%, 10%, 5%","تم السداد 905,400.00","تم السداد 679,050.00","تم السداد 679,050.00","تم السداد 905,400.00",غير مستحقة,غير مستحقة,غير مستحقة,0,3168900,بنك مصر,27/09/2025,0.5997,OKC0310,2-Sep-25
شادي نبيل عادل صلاح,2210974881,411,OKC-000311,5270000,0.6043,"20%, 15%, 15%, 20%, 15%, 10%, 5%","تم السداد 1,054,000.00","تم السداد 790,500.00","تم السداد 790,500.00","تم السداد 1,054,000.00",غير مستحقة,غير مستحقة,غير مستحقة,0,3689000,بنك مصر,11/08/2025,0.6043,OKC0311,1-Sep-25
عبدالله جمال طارق صلاح,2953135908,412,OKC-000312,5145000,0.6486,"20%, 15%, 15%, 20%, 15%, 10%, 5%","تم السداد 1,029,000.00","تم السداد 771,750.00","تم السداد 771,750.00","تم السداد 1,029,000.00",غير مستحقة,غير مستحقة,غير مستحقة,0,3601500,بنك مصر,22/09/2025,0.6486,OKC0312,14-Aug-25
عبدالرحمن طارق حسين حجازي,5924454097,413,OKC-000313,4467000,0.62,"20%, 15%, 15%, 20%, 15%, 10%, 5%","تم السداد 893,400.00","تم السداد 670,050.00","تم السداد 670,050.00","تم السداد 893,400.00",غير مستحقة,غير مستحقة,غير مستحقة,0,3126900,بنك مصر,22/09/2025,0.62,OKC0313,4-Sep-25
فادي عصام حسن القاضي,3826021594,414,OKC-000314,6537000,0.7146,"20%, 15%, 15%, 20%, 15%, 10%, 5%","تم السداد 1,307,400.00","تم السداد 980,550.00","تم السداد 980,550.00","تم السداد 1,307,400.00",غير مستحقة,غير مستحقة,غير مستحقة,0,4575900,بنك مصر,08/10/2025,0.7146,OKC0314,7-Oct-25
حسن كمال فتحي السعدني,4700005165,415,OKC-000315,6829000,0.5962,"20%, 15%, 15%, 20%, 15%, 10%, 5%","تم السداد 1,365,800.00","تم السداد 1,024,350.00","تم السداد 1,024,350.00","تم السداد 1,365,800.00",غير مستحقة,غير مستحقة,غير مستحقة,0,4780300,بنك مصر,05/11/2025,0.5962,OKC0315,15-Nov-25
ماجد أحمد كمال مبارك,9320999866,416,OKC-000316,4532000,0.5858,"20%, 15%, 15%, 20%, 15%, 10%, 5%","تم السداد 906,400.00","تم السداد 679,800.00","تم السداد 679,800.00","تم السداد 906,400.00",غير مستحقة,غير مستحقة,غير مستحقة,0,3172400,بنك مصر,19/10/2025,0.5858,OKC0316,14-Nov-25
كريم طارق صلاح بدوي,6816282767,417,OKC-000317,6279000,0.6499,"20%, 15%, 15%, 20%, 15%, 10%, 5%","تم السداد 1,255,800.00","تم السداد 941,850.00","تم السداد 941,850.00","تم السداد 1,255,800.00",غير مستحقة,غير مستحقة,غير مستحقة,0,4395300,بنك مصر,20/12/2025,0.6499,OKC0317,13-Dec-25
شادي إبراهيم فاروق عوض,5973465480,418,OKC-000318,5794000,0.6107,"20%, 15%, 15%, 20%, 15%, 10%, 5%","تم السداد 1,158,800.00","تم السداد 869,100.00","تم السداد 869,100.00","تم السداد 1,158,800.00",غير مستحقة,غير مستحقة,غير مستحقة,0,4055800,بنك مصر,15/01/2026,0.6107,OKC0318,5-Dec-25
عمرو رجب طارق بدوي,3832412507,419,OKC-000319,6320000,0.699,"20%, 15%, 15%, 20%, 15%, 10%, 5%","تم السداد 1,264,000.00","تم السداد 948,000.00","تم السداد 948,000.00","تم السداد 1,264,000.00",غير مستحقة,غير مستحقة,غير مستحقة,0,4424000,بنك مصر,16/12/2025,0.699,OKC0319,18-Dec-25
عبدالرحمن فؤاد سيد البحيري,7523044548,420,OKC-000320,5059000,0.6029,"20%, 15%, 15%, 20%, 15%, 10%, 5%","تم السداد 1,011,800.00","تم السداد 758,850.00","تم السداد 758,850.00","تم السداد 1,011,800.00",غير مستحقة,غير مستحقة,غير مستحقة,0,3541300,بنك مصر,23/12/2025,0.6029,OKC0320,23-Jan-26
عبدالله حمدي رشاد البنا,9028911898,421,OKC-000321,6632000,0.678,"20%, 15%, 15%, 20%, 15%, 10%, 5%","تم السداد 1,326,400.00","تم السداد 994,800.00","تم السداد 994,800.00","تم السداد 1,326,400.00",غير مستحقة,غير مستحقة,غير مستحقة,0,4642400,بنك مصر,29/01/2026,0.678,OKC0321,9-Feb-26
محمود فتحي رمضان عبدالرازق,2558780986,422,OKC-000322,5212000,0.6361,"20%, 15%, 15%, 20%, 15%, 10%, 5%","تم السداد 1,042,400.00","تم السداد 781,800.00","تم السداد 781,800.00","تم السداد 1,042,400.00",غير مستحقة,غير مستحقة,غير مستحقة,0,3648400,بنك مصر,01/03/2026,0.6361,OKC0322,10-Mar-26
إسلام سمير أحمد الوكيل,6055919077,423,OKC-000323,6493000,0.638,"20%, 15%, 15%, 20%, 15%, 10%, 5%","تم السداد 1,298,600.00","تم السداد 973,950.00","تم السداد 973,950.00","تم السداد 1,298,600.00",غير مستحقة,غير مستحقة,غير مستحقة,0,4545100,بنك مصر,01/03/2026,0.638,OKC0323,1-Apr-26
طارق فتحي جمال البدري,7306460369,424,OKC-000324,5198000,0.7231,"20%, 15%, 15%, 20%, 15%, 10%, 5%","تم السداد 1,039,600.00","تم السداد 779,700.00","تم السداد 779,700.00","تم السداد 1,039,600.00",غير مستحقة,غير مستحقة,غير مستحقة,0,3638600,بنك مصر,01/04/2026,0.7231,OKC0324,23-Mar-26
وليد صبحي حسن الحداد,7558895664,425,OKC-000325,6192000,0.7134,"20%, 15%, 15%, 20%, 15%, 10%, 5%","تم السداد 1,238,400.00","تم السداد 928,800.00","تم السداد 928,800.00","تم السداد 1,238,400.00",غير مستحقة,غير مستحقة,غير مستحقة,0,4334400,بنك مصر,07/05/2026,0.7134,OKC0325,24-Mar-26
عادل محمود رمضان يونس,4294581541,426,OKC-000326,5668000,0.736,"20%, 15%, 15%, 20%, 15%, 10%, 5%","تم السداد 1,133,600.00","تم السداد 850,200.00","تم السداد 850,200.00","تم السداد 1,133,600.00",غير مستحقة,غير مستحقة,غير مستحقة,0,3967600,بنك مصر,23/04/2026,0.736,OKC0326,7-Apr-26
مريم يوسف عصام عبدالمقصود,8557933837,427,OKC-000327,6368000,0.6608,"20%, 15%, 15%, 20%, 15%, 10%, 5%","تم السداد 1,273,600.00","تم السداد 955,200.00","تم السداد 955,200.00","تم السداد 1,273,600.00",غير مستحقة,غير مستحقة,غير مستحقة,0,4457600,بنك مصر,27/05/2026,0.6608,OKC0327,20-May-26
علاء فتحي جابر عبدالفتاح,9362427455,428,OKC-000328,6792000,0.7189,"20%, 15%, 15%, 20%, 15%, 10%, 5%","تم السداد 1,358,400.00","تم السداد 1,018,800.00","تم السداد 1,018,800.00","تم السداد 1,358,400.00",غير مستحقة,غير مستحقة,غير مستحقة,0,4754400,بنك مصر,15/06/2026,0.7189,OKC0328,18-May-26
رامي رشاد فؤاد البنا,3604515220,429,OKC-000329,5340000,0.6544,"20%, 15%, 15%, 20%, 15%, 10%, 5%","تم السداد 1,068,000.00","تم السداد 801,000.00","تم السداد 801,000.00","تم السداد 1,068,000.00",غير مستحقة,غير مستحقة,غير مستحقة,0,3738000,بنك مصر,26/05/2026,0.6544,OKC0329,7-Jun-26
أحمد حسين مجدي صلاح,3280671757,430,OKC-000330,4255000,0.6165,"20%, 15%, 15%, 20%, 15%, 10%, 5%","تم السداد 851,000.00","تم السداد 638,250.00","تم السداد 638,250.00","تم السداد 851,000.00",غير مستحقة,غير مستحقة,غير مستحقة,0,2978500,البنك الأهلي المصري,15/02/2025,0.6165,OKC0330,19-Feb-25
أيمن محمود شوقي الشربيني,4911516404,431,OKC-000331,6342000,0.7544,"20%, 15%, 15%, 20%, 15%, 10%, 5%","تم السداد 1,268,400.00","تم السداد 951,300.00","تم السداد 951,300.00","تم السداد 1,268,400.00",غير مستحقة,غير مستحقة,غير مستحقة,0,4439400,البنك الأهلي المصري,02/03/2025,0.7544,OKC0331,26-Feb-25
بيشوي مجدي فتحي النجار,5274787990,432,OKC-000332,6469000,0.6195,"20%, 15%, 15%, 20%, 15%, 10%, 5%","تم السداد 1,293,800.00","تم السداد 970,350.00","تم السداد 970,350.00","تم السداد 1,293,800.00",غير مستحقة,غير مستحقة,غير مستحقة,0,4528300,البنك الأهلي المصري,10/03/2025,0.6195,OKC0332,21-Mar-25
شريف أحمد حسن فهمي,5885246904,433,OKC-000333,6302000,0.6028,"20%, 15%, 15%, 20%, 15%, 10%, 5%","تم السداد 1,260,400.00","تم السداد 945,300.00","تم السداد 945,300.00","تم السداد 1,260,400.00",غير مستحقة,غير مستحقة,غير مستحقة,0,4411400,البنك الأهلي المصري,26/02/2025,0.6028,OKC0333,28-Feb-25
باسم سليمان فتحي القاضي,1385120569,434,OKC-000334,5368000,0.777,"20%, 15%, 15%, 20%, 15%, 10%, 5%","تم السداد 1,073,600.00","تم السداد 805,200.00","تم السداد 805,200.00","تم السداد 1,073,600.00",غير مستحقة,غير مستحقة,غير مستحقة,0,3757600,البنك الأهلي المصري,28/03/2025,0.777,OKC0334,26-Mar-25
حازم فؤاد مختار القناوي,7848236534,435,OKC-000335,7147000,0.7232,"20%, 15%, 15%, 20%, 15%, 10%, 5%","تم السداد 1,429,400.00","تم السداد 1,072,050.00","تم السداد 1,072,050.00","تم السداد 1,429,400.00",غير مستحقة,غير مستحقة,غير مستحقة,0,5002900,البنك الأهلي المصري,22/04/2025,0.7232,OKC0335,31-Mar-25
مها مختار يوسف خليل,1097981705,436,OKC-000336,5658000,0.6224,"20%, 15%, 15%, 20%, 15%, 10%, 5%","تم السداد 1,131,600.00","تم السداد 848,700.00","تم السداد 848,700.00","تم السداد 1,131,600.00",غير مستحقة,غير مستحقة,غير مستحقة,0,3960600,البنك الأهلي المصري,07/04/2025,0.6224,OKC0336,1-May-25
شادي لطفي حسين عبدالمجيد,5681238789,437,OKC-000337,5948000,0.6374,"20%, 15%, 15%, 20%, 15%, 10%, 5%","تم السداد 1,189,600.00","تم السداد 892,200.00","تم السداد 892,200.00","تم السداد 1,189,600.00",غير مستحقة,غير مستحقة,غير مستحقة,0,4163600,البنك الأهلي المصري,03/05/2025,0.6374,OKC0337,16-Jun-25
ماهر نبيل رمضان السعدني,4698511611,438,OKC-000338,4617000,0.654,"20%, 15%, 15%, 20%, 15%, 10%, 5%","تم السداد 923,400.00","تم السداد 692,550.00","تم السداد 692,550.00","تم السداد 923,400.00",غير مستحقة,غير مستحقة,غير مستحقة,0,3231900,البنك الأهلي المصري,10/08/2025,0.654,OKC0338,22-Jul-25
زياد مجدي عادل الطنطاوي,3107710862,439,OKC-000339,5309000,0.7183,"20%, 15%, 15%, 20%, 15%, 10%, 5%","تم السداد 1,061,800.00","تم السداد 796,350.00","تم السداد 796,350.00","تم السداد 1,061,800.00",غير مستحقة,غير مستحقة,غير مستحقة,0,3716300,البنك الأهلي المصري,08/05/2026,0.7183,OKC0339,30-Apr-26
خالد حسن إبراهيم المنياوي,9330729798,440,OKC-000340,4537000,0.6265,"20%, 20%,20%, 15%,15%, 5%, 5%","تم السداد 907,400.00","تم السداد 907,400.00","تم السداد 907,400.00","تم السداد 680,550.00",غير مستحقة,غير مستحقة,غير مستحقة,0,3402750,البنك الأهلي المصري,25/10/2024,0.6265,OKC0340,23-Oct-24
هاني صبري لطفي النجار,5241584112,441,OKC-000341,4374000,0.6512,"20%, 20%,20%, 15%,15%, 5%, 5%","تم السداد 874,800.00","تم السداد 874,800.00","تم السداد 874,800.00","تم السداد 656,100.00",غير مستحقة,غير مستحقة,غير مستحقة,0,3280500,البنك الأهلي المصري,07/10/2024,0.6512,OKC0341,8-Nov-24
حسن عصام رجب رزق,1682727899,442,OKC-000342,5338000,0.6239,"20%, 20%,20%, 15%,15%, 5%, 5%","تم السداد 1,067,600.00","تم السداد 1,067,600.00","تم السداد 1,067,600.00","تم السداد 800,700.00",غير مستحقة,غير مستحقة,غير مستحقة,0,4003500,البنك الأهلي المصري,21/10/2024,0.6239,OKC0342,19-Nov-24
مروان عصام نبيل القاضي,1618323276,443,OKC-000343,4605000,0.6488,"20%, 20%,20%, 15%,15%, 5%, 5%","تم السداد 921,000.00","تم السداد 921,000.00","تم السداد 921,000.00","تم السداد 690,750.00",غير مستحقة,غير مستحقة,غير مستحقة,0,3453750,البنك الأهلي المصري,20/11/2024,0.6488,OKC0343,19-Nov-24
إسلام أحمد حسين عبداللطيف,5584126876,444,OKC-000344,4080000,0.6322,"20%, 20%,20%, 15%,15%, 5%, 5%","تم السداد 816,000.00","تم السداد 816,000.00","تم السداد 816,000.00","تم السداد 612,000.00",غير مستحقة,غير مستحقة,غير مستحقة,0,3060000,البنك الأهلي المصري,17/10/2024,0.6322,OKC0344,24-Nov-24
علي حسن سيد فوزي,5193406553,445,OKC-000345,6228000,0.6835,"20%, 20%,20%, 15%,15%, 5%, 5%","تم السداد 1,245,600.00","تم السداد 1,245,600.00","تم السداد 1,245,600.00","تم السداد 934,200.00",غير مستحقة,غير مستحقة,غير مستحقة,0,4671000,البنك الأهلي المصري,02/11/2024,0.6835,OKC0345,31-Oct-24
إسلام جمال محمود السوهاجي,3493912368,446,OKC-000346,6319000,0.6033,"20%, 20%,20%, 15%,15%, 5%, 5%","تم السداد 1,263,800.00","تم السداد 1,263,800.00","تم السداد 1,263,800.00","تم السداد 947,850.00",غير مستحقة,غير مستحقة,غير مستحقة,0,4739250,البنك الأهلي المصري,02/11/2024,0.6033,OKC0346,24-Nov-24
مينا إبراهيم سمير شاكر,9824058816,447,OKC-000347,4455000,0.641,"20%, 20%,20%, 15%,15%, 5%, 5%","تم السداد 891,000.00","تم السداد 891,000.00","تم السداد 891,000.00","تم السداد 668,250.00",غير مستحقة,غير مستحقة,غير مستحقة,0,3341250,البنك الأهلي المصري,31/10/2024,0.641,OKC0347,10-Nov-24
نهال رشاد طارق أمين,6652388243,448,OKC-000348,4609000,0.6323,"20%, 20%,20%, 15%,15%, 5%, 5%","تم السداد 921,800.00","تم السداد 921,800.00","تم السداد 921,800.00","تم السداد 691,350.00",غير مستحقة,غير مستحقة,غير مستحقة,0,3456750,البنك الأهلي المصري,29/10/2024,0.6323,OKC0348,3-Dec-24
حسن عبدالله فاروق عبدالمقصود,2758927590,449,OKC-000349,7130000,0.6537,"20%, 20%,20%, 15%,15%, 5%, 5%","تم السداد 1,426,000.00","تم السداد 1,426,000.00","تم السداد 1,426,000.00","تم السداد 1,069,500.00",غير مستحقة,غير مستحقة,غير مستحقة,0,5347500,البنك الأهلي المصري,28/10/2024,0.6537,OKC0349,28-Nov-24
وليد إبراهيم رجب عوض,8496611854,450,OKC-000350,6236000,0.6871,"20%, 20%,20%, 15%,15%, 5%, 5%","تم السداد 1,247,200.00","تم السداد 1,247,200.00","تم السداد 1,247,200.00","تم السداد 935,400.00",غير مستحقة,غير مستحقة,غير مستحقة,0,4677000,البنك الأهلي المصري,05/12/2024,0.6871,OKC0350,8-Nov-24
رامي جابر حسن فهمي,9507660549,451,OKC-000351,5155000,0.5936,"20%, 20%,20%, 15%,15%, 5%, 5%","تم السداد 1,031,000.00","تم السداد 1,031,000.00","تم السداد 1,031,000.00","تم السداد 773,250.00",غير مستحقة,غير مستحقة,غير مستحقة,0,3866250,البنك الأهلي المصري,31/10/2024,0.5936,OKC0351,11-Nov-24
هشام عبدالله سيد سليمان,2361175235,452,OKC-000352,3967000,0.6013,"20%, 20%,20%, 15%,15%, 5%, 5%","تم السداد 793,400.00","تم السداد 793,400.00","تم السداد 793,400.00","تم السداد 595,050.00",غير مستحقة,غير مستحقة,غير مستحقة,0,2975250,البنك الأهلي المصري,07/12/2024,0.6013,OKC0352,14-Nov-24
باسم فتحي لطفي فهمي,5122749826,453,OKC-000353,4392000,0.6296,"20%, 20%,20%, 15%,15%, 5%, 5%","تم السداد 878,400.00","تم السداد 878,400.00","تم السداد 878,400.00","تم السداد 658,800.00",غير مستحقة,غير مستحقة,غير مستحقة,0,3294000,البنك الأهلي المصري,28/11/2024,0.6296,OKC0353,22-Nov-24
فادي فاروق كمال جابر,1369423615,454,OKC-000354,3682000,0.6754,"20%, 20%,20%, 15%,15%, 5%, 5%","تم السداد 736,400.00","تم السداد 736,400.00","تم السداد 736,400.00","تم السداد 552,300.00",غير مستحقة,غير مستحقة,غير مستحقة,0,2761500,البنك الأهلي المصري,10/11/2024,0.6754,OKC0354,17-Nov-24
إسلام عصام إسماعيل الوكيل,6473245157,455,OKC-000355,5265000,0.6675,"20%, 20%,20%, 15%,15%, 5%, 5%","تم السداد 1,053,000.00","تم السداد 1,053,000.00","تم السداد 1,053,000.00","تم السداد 789,750.00",غير مستحقة,غير مستحقة,غير مستحقة,0,3948750,البنك الأهلي المصري,05/11/2024,0.6675,OKC0355,13-Nov-24
هشام فتحي محمود جابر,9605411210,456,OKC-000356,5799000,0.6683,"20%, 20%,20%, 15%,15%, 5%, 5%","تم السداد 1,159,800.00","تم السداد 1,159,800.00","تم السداد 1,159,800.00","تم السداد 869,850.00",غير مستحقة,غير مستحقة,غير مستحقة,0,4349250,البنك الأهلي المصري,08/11/2024,0.6683,OKC0356,16-Nov-24
هشام صبحي إبراهيم صبري,9647872347,457,OKC-000357,4220000,0.651,"20%, 20%,20%, 15%,15%, 5%, 5%","تم السداد 844,000.00","تم السداد 844,000.00","تم السداد 844,000.00","تم السداد 633,000.00",غير مستحقة,غير مستحقة,غير مستحقة,0,3165000,البنك الأهلي المصري,05/11/2024,0.651,OKC0357,30-Nov-24
منة عبدالله عصام صادق,7068239631,458,OKC-000358,4317000,0.6251,"20%, 20%,20%, 15%,15%, 5%, 5%","تم السداد 863,400.00","تم السداد 863,400.00","تم السداد 863,400.00","تم السداد 647,550.00",غير مستحقة,غير مستحقة,غير مستحقة,0,3237750,البنك الأهلي المصري,07/12/2024,0.6251,OKC0358,3-Dec-24
عمر خالد يوسف منصور,7868258966,459,OKC-000359,5647000,0.6318,"20%, 20%,20%, 15%,15%, 5%, 5%","تم السداد 1,129,400.00","تم السداد 1,129,400.00","تم السداد 1,129,400.00","تم السداد 847,050.00",غير مستحقة,غير مستحقة,غير مستحقة,0,4235250,البنك الأهلي المصري,16/11/2024,0.6318,OKC0359,16-Nov-24
رؤوف حسن حمدي الحداد,1018654346,460,OKC-000360,4478000,0.622,"20%, 20%,20%, 15%,15%, 5%, 5%","تم السداد 895,600.00","تم السداد 895,600.00","تم السداد 895,600.00","تم السداد 671,700.00",غير مستحقة,غير مستحقة,غير مستحقة,0,3358500,البنك الأهلي المصري,27/12/2024,0.622,OKC0360,15-Dec-24
مروان إسماعيل محمود عبدالعال,7431691389,461,OKC-000361,4501000,0.6675,"20%, 20%,20%, 15%,15%, 5%, 5%","تم السداد 900,200.00","تم السداد 900,200.00","تم السداد 900,200.00","تم السداد 675,150.00",غير مستحقة,غير مستحقة,غير مستحقة,0,3375750,البنك الأهلي المصري,11/11/2024,0.6675,OKC0361,12-Nov-24
رؤوف لطفي فتحي عبدالفتاح,7266679043,462,OKC-000362,6711000,0.6032,"20%, 20%,20%, 15%,15%, 5%, 5%","تم السداد 1,342,200.00","تم السداد 1,342,200.00","تم السداد 1,342,200.00","تم السداد 1,006,650.00",غير مستحقة,غير مستحقة,غير مستحقة,0,5033250,البنك الأهلي المصري,23/11/2024,0.6032,OKC0362,7-Dec-24
نادر علي جابر لطفي,5058244914,463,OKC-000363,3952000,0.6965,"20%, 20%,20%, 15%,15%, 5%, 5%","تم السداد 790,400.00","تم السداد 790,400.00","تم السداد 790,400.00","تم السداد 592,800.00",غير مستحقة,غير مستحقة,غير مستحقة,0,2964000,البنك الأهلي المصري,20/12/2024,0.6965,OKC0363,6-Dec-24
زياد سيد شوقي عبدالحليم,5963503899,464,OKC-000364,4236000,0.688,"20%, 20%,20%, 15%,15%, 5%, 5%","تم السداد 847,200.00","تم السداد 847,200.00","تم السداد 847,200.00","تم السداد 635,400.00",غير مستحقة,غير مستحقة,غير مستحقة,0,3177000,البنك الأهلي المصري,29/11/2024,0.688,OKC0364,14-Nov-24
محمود فتحي جابر عبداللطيف,3093128647,465,OKC-000365,7049000,0.6733,"20%, 20%,20%, 15%,15%, 5%, 5%","تم السداد 1,409,800.00","تم السداد 1,409,800.00","تم السداد 1,409,800.00","تم السداد 1,057,350.00",غير مستحقة,غير مستحقة,غير مستحقة,0,5286750,البنك الأهلي المصري,25/12/2024,0.6733,OKC0365,23-Nov-24
أحمد عادل سمير عبدالمقصود,2901294156,466,OKC-000366,7080000,0.6288,"20%, 20%,20%, 15%,15%, 5%, 5%","تم السداد 1,416,000.00","تم السداد 1,416,000.00","تم السداد 1,416,000.00","تم السداد 1,062,000.00",غير مستحقة,غير مستحقة,غير مستحقة,0,5310000,البنك الأهلي المصري,11/11/2024,0.6288,OKC0366,25-Nov-24
حازم نبيل حمدي الشافعي,2590669364,467,OKC-000367,4876000,0.6223,"20%, 20%,20%, 15%,15%, 5%, 5%","تم السداد 975,200.00","تم السداد 975,200.00","تم السداد 975,200.00","تم السداد 731,400.00",غير مستحقة,غير مستحقة,غير مستحقة,0,3657000,البنك الأهلي المصري,13/11/2024,0.6223,OKC0367,18-Dec-24
علي مجدي مختار يونس,7074679981,468,OKC-000368,5784000,0.6958,"20%, 20%,20%, 15%,15%, 5%, 5%","تم السداد 1,156,800.00","تم السداد 1,156,800.00","تم السداد 1,156,800.00","تم السداد 867,600.00",غير مستحقة,غير مستحقة,غير مستحقة,0,4338000,البنك الأهلي المصري,05/12/2024,0.6958,OKC0368,15-Dec-24
أحمد مجدي عبدالرحمن داود,9831578118,469,OKC-000369,4363000,0.6203,"20%, 20%,20%, 15%,15%, 5%, 5%","تم السداد 872,600.00","تم السداد 872,600.00","تم السداد 872,600.00","تم السداد 654,450.00",غير مستحقة,غير مستحقة,غير مستحقة,0,3272250,البنك الأهلي المصري,24/12/2024,0.6203,OKC0369,20-Dec-24
يوسف سمير أحمد القناوي,2647502062,470,OKC-000370,3816000,0.5932,"20%, 20%,20%, 15%,15%, 5%, 5%","تم السداد 763,200.00","تم السداد 763,200.00","تم السداد 763,200.00","تم السداد 572,400.00",غير مستحقة,غير مستحقة,غير مستحقة,0,2862000,البنك الأهلي المصري,31/12/2024,0.5932,OKC0370,18-Dec-24
بيشوي سعيد رشاد المنياوي,4477174741,471,OKC-000371,5385000,0.6381,"20%, 20%,20%, 15%,15%, 5%, 5%","تم السداد 1,077,000.00","تم السداد 1,077,000.00","تم السداد 1,077,000.00","تم السداد 807,750.00",غير مستحقة,غير مستحقة,غير مستحقة,0,4038750,البنك الأهلي المصري,13/12/2024,0.6381,OKC0371,25-Nov-24
زياد لطفي مختار الشربيني,9347416890,472,OKC-000372,5071000,0.6126,"20%, 20%,20%, 15%,15%, 5%, 5%","تم السداد 1,014,200.00","تم السداد 1,014,200.00","تم السداد 1,014,200.00","تم السداد 760,650.00",غير مستحقة,غير مستحقة,غير مستحقة,0,3803250,البنك الأهلي المصري,10/12/2024,0.6126,OKC0372,2-Dec-24
ياسين سمير رشاد الشربيني,1718491686,473,OKC-000373,6065000,0.6684,"20%, 20%,20%, 15%,15%, 5%, 5%","تم السداد 1,213,000.00","تم السداد 1,213,000.00","تم السداد 1,213,000.00","تم السداد 909,750.00",غير مستحقة,غير مستحقة,غير مستحقة,0,4548750,البنك الأهلي المصري,25/11/2024,0.6684,OKC0373,17-Nov-24
نادر شوقي صبري الزيات,8348358299,474,OKC-000374,5286000,0.6377,"20%, 20%,20%, 15%,15%, 5%, 5%","تم السداد 1,057,200.00","تم السداد 1,057,200.00","تم السداد 1,057,200.00","تم السداد 792,900.00",غير مستحقة,غير مستحقة,غير مستحقة,0,3964500,البنك الأهلي المصري,15/11/2024,0.6377,OKC0374,19-Nov-24
بيشوي مصطفى فتحي العطار,8675510405,475,OKC-000375,4648000,0.6502,"20%, 20%,20%, 15%,15%, 5%, 5%","تم السداد 929,600.00","تم السداد 929,600.00","تم السداد 929,600.00","تم السداد 697,200.00",غير مستحقة,غير مستحقة,غير مستحقة,0,3486000,البنك الأهلي المصري,18/12/2024,0.6502,OKC0375,16-Dec-24
سامح رمضان رشاد خليل,1036892828,476,OKC-000376,5174000,0.6851,"20%, 20%,20%, 15%,15%, 5%, 5%","تم السداد 1,034,800.00","تم السداد 1,034,800.00","تم السداد 1,034,800.00","تم السداد 776,100.00",غير مستحقة,غير مستحقة,غير مستحقة,0,3880500,البنك الأهلي المصري,05/12/2024,0.6851,OKC0376,28-Nov-24
رضوى عاطف عبدالرحمن داود,9552816573,477,OKC-000377,4383000,0.6074,"20%, 20%,20%, 15%,15%, 5%, 5%","تم السداد 876,600.00","تم السداد 876,600.00","تم السداد 876,600.00","تم السداد 657,450.00",غير مستحقة,غير مستحقة,غير مستحقة,0,3287250,البنك الأهلي المصري,11/12/2024,0.6074,OKC0377,20-Nov-24
جورج خالد فؤاد الرفاعي,8704697532,478,OKC-000378,7674000,0.6228,"20%, 20%,20%, 15%,15%, 5%, 5%","تم السداد 1,534,800.00","تم السداد 1,534,800.00","تم السداد 1,534,800.00","تم السداد 1,151,100.00",غير مستحقة,غير مستحقة,غير مستحقة,0,5755500,البنك الأهلي المصري,24/11/2024,0.6228,OKC0378,25-Dec-24
زياد خالد محمد العشري,8583100435,479,OKC-000379,4014000,0.6656,"20%, 20%,20%, 15%,15%, 5%, 5%","تم السداد 802,800.00","تم السداد 802,800.00","تم السداد 802,800.00","تم السداد 602,100.00",غير مستحقة,غير مستحقة,غير مستحقة,0,3010500,البنك الأهلي المصري,22/11/2024,0.6656,OKC0379,7-Dec-24
معتز إسماعيل رشاد حبيب,8748512520,480,OKC-000380,4164000,0.6975,"20%, 20%,20%, 15%,15%, 5%, 5%","تم السداد 832,800.00","تم السداد 832,800.00","تم السداد 832,800.00","تم السداد 624,600.00",غير مستحقة,غير مستحقة,غير مستحقة,0,3123000,البنك الأهلي المصري,06/12/2024,0.6975,OKC0380,30-Dec-24
فرح جابر إبراهيم عبداللطيف,9340362438,481,OKC-000381,4037000,0.6781,"20%, 20%,20%, 15%,15%, 5%, 5%","تم السداد 807,400.00","تم السداد 807,400.00","تم السداد 807,400.00","تم السداد 605,550.00",غير مستحقة,غير مستحقة,غير مستحقة,0,3027750,البنك الأهلي المصري,28/12/2024,0.6781,OKC0381,6-Jan-25
مجدي فتحي مختار فوزي,8441942567,482,OKC-000382,4438000,0.6096,"20%, 20%,20%, 15%,15%, 5%, 5%","تم السداد 887,600.00","تم السداد 887,600.00","تم السداد 887,600.00","تم السداد 665,700.00",غير مستحقة,غير مستحقة,غير مستحقة,0,3328500,البنك الأهلي المصري,06/12/2024,0.6096,OKC0382,18-Dec-24
أشرف طارق شوقي شحاتة,9012610306,483,OKC-000383,4239000,0.6554,"20%, 20%,20%, 15%,15%, 5%, 5%","تم السداد 847,800.00","تم السداد 847,800.00","تم السداد 847,800.00","تم السداد 635,850.00",غير مستحقة,غير مستحقة,غير مستحقة,0,3179250,البنك الأهلي المصري,08/01/2025,0.6554,OKC0383,7-Dec-24
إبراهيم كمال عبدالرحمن الطنطاوي,1568305987,484,OKC-000384,4245000,0.6032,"20%, 20%,20%, 15%,15%, 5%, 5%","تم السداد 849,000.00","تم السداد 849,000.00","تم السداد 849,000.00","تم السداد 636,750.00",غير مستحقة,غير مستحقة,غير مستحقة,0,3183750,البنك الأهلي المصري,03/01/2025,0.6032,OKC0384,5-Jan-25
زياد سمير جمال عبدالمقصود,2426924994,485,OKC-000385,4006000,0.5844,"20%, 20%,20%, 15%,15%, 5%, 5%","تم السداد 801,200.00","تم السداد 801,200.00","تم السداد 801,200.00","تم السداد 600,900.00",غير مستحقة,غير مستحقة,غير مستحقة,0,3004500,البنك الأهلي المصري,21/11/2024,0.5844,OKC0385,8-Jan-25
مروان سيد فؤاد صادق,3694844106,486,OKC-000386,4061000,0.6056,"20%, 20%,20%, 15%,15%, 5%, 5%","تم السداد 812,200.00","تم السداد 812,200.00","تم السداد 812,200.00","تم السداد 609,150.00",غير مستحقة,غير مستحقة,غير مستحقة,0,3045750,البنك الأهلي المصري,15/01/2025,0.6056,OKC0386,4-Jan-25
وليد عبدالله فتحي عوض,2654737483,487,OKC-000387,4241000,0.6504,"20%, 20%,20%, 15%,15%, 5%, 5%","تم السداد 848,200.00","تم السداد 848,200.00","تم السداد 848,200.00","تم السداد 636,150.00",غير مستحقة,غير مستحقة,غير مستحقة,0,3180750,البنك الأهلي المصري,23/12/2024,0.6504,OKC0387,11-Dec-24
شريف شوقي رشاد شحاتة,9036645442,488,OKC-000388,4313000,0.5908,"20%, 20%,20%, 15%,15%, 5%, 5%","تم السداد 862,600.00","تم السداد 862,600.00","تم السداد 862,600.00","تم السداد 646,950.00",غير مستحقة,غير مستحقة,غير مستحقة,0,3234750,البنك الأهلي المصري,24/12/2024,0.5908,OKC0388,22-Dec-24
ماهر جمال جابر رزق,7811244309,489,OKC-000389,5848000,0.6243,"20%, 20%,20%, 15%,15%, 5%, 5%","تم السداد 1,169,600.00","تم السداد 1,169,600.00","تم السداد 1,169,600.00","تم السداد 877,200.00",غير مستحقة,غير مستحقة,غير مستحقة,0,4386000,البنك الأهلي المصري,02/01/2025,0.6243,OKC0389,25-Dec-24
حسن فتحي رمضان الشربيني,5326567276,490,OKC-000390,5579000,0.6682,"20%, 20%,20%, 15%,15%, 5%, 5%","تم السداد 1,115,800.00","تم السداد 1,115,800.00","تم السداد 1,115,800.00","تم السداد 836,850.00",غير مستحقة,غير مستحقة,غير مستحقة,0,4184250,البنك الأهلي المصري,04/12/2024,0.6682,OKC0390,30-Dec-24
وائل كمال رمضان حبيب,2821886513,491,OKC-000391,3648000,0.5957,"20%, 20%,20%, 15%,15%, 5%, 5%","تم السداد 729,600.00","تم السداد 729,600.00","تم السداد 729,600.00","تم السداد 547,200.00",غير مستحقة,غير مستحقة,غير مستحقة,0,2736000,البنك الأهلي المصري,20/12/2024,0.5957,OKC0391,18-Jan-25
شادي جمال مختار السمان,2268326001,492,OKC-000392,4613000,0.593,"20%, 20%,20%, 15%,15%, 5%, 5%","تم السداد 922,600.00","تم السداد 922,600.00","تم السداد 922,600.00","تم السداد 691,950.00",غير مستحقة,غير مستحقة,غير مستحقة,0,3459750,البنك الأهلي المصري,22/12/2024,0.593,OKC0392,28-Dec-24
حسام صبري مجدي رمضان,5292635950,493,OKC-000393,6262000,0.6881,"20%, 20%,20%, 15%,15%, 5%, 5%","تم السداد 1,252,400.00","تم السداد 1,252,400.00","تم السداد 1,252,400.00","تم السداد 939,300.00",غير مستحقة,غير مستحقة,غير مستحقة,0,4696500,البنك الأهلي المصري,06/01/2025,0.6881,OKC0393,28-Dec-24
خالد عادل علي عبدالفتاح,4502715087,494,OKC-000394,5316000,0.586,"20%, 20%,20%, 15%,15%, 5%, 5%","تم السداد 1,063,200.00","تم السداد 1,063,200.00","تم السداد 1,063,200.00","تم السداد 797,400.00",غير مستحقة,غير مستحقة,غير مستحقة,0,3987000,البنك الأهلي المصري,17/12/2024,0.586,OKC0394,19-Dec-24
شادي حسين إسماعيل القاضي,3680182493,495,OKC-000395,5525000,0.6231,"20%, 20%,20%, 15%,15%, 5%, 5%","تم السداد 1,105,000.00","تم السداد 1,105,000.00","تم السداد 1,105,000.00","تم السداد 828,750.00",غير مستحقة,غير مستحقة,غير مستحقة,0,4143750,البنك الأهلي المصري,27/01/2025,0.6231,OKC0395,8-Jan-25
شادي فاروق صبحي الجمل,4810043084,496,OKC-000396,3982000,0.6206,"20%, 20%,20%, 15%,15%, 5%, 5%","تم السداد 796,400.00","تم السداد 796,400.00","تم السداد 796,400.00","تم السداد 597,300.00",غير مستحقة,غير مستحقة,غير مستحقة,0,2986500,البنك الأهلي المصري,02/01/2025,0.6206,OKC0396,19-Jan-25
أدهم عادل صلاح محمود,1694126197,497,OKC-000397,6234000,0.6867,"20%, 20%,20%, 15%,15%, 5%, 5%","تم السداد 1,246,800.00","تم السداد 1,246,800.00","تم السداد 1,246,800.00","تم السداد 935,100.00",غير مستحقة,غير مستحقة,غير مستحقة,0,4675500,البنك الأهلي المصري,09/01/2025,0.6867,OKC0397,21-Dec-24
ماهر كمال مصطفى سالم,5948553783,498,OKC-000398,6022000,0.6453,"20%, 20%,20%, 15%,15%, 5%, 5%","تم السداد 1,204,400.00","تم السداد 1,204,400.00","تم السداد 1,204,400.00","تم السداد 903,300.00",غير مستحقة,غير مستحقة,غير مستحقة,0,4516500,البنك الأهلي المصري,01/02/2025,0.6453,OKC0398,18-Jan-25
هاني عبدالرحمن إسماعيل المصري,2474845642,499,OKC-000399,5311000,0.6141,"20%, 20%,20%, 15%,15%, 5%, 5%","تم السداد 1,062,200.00","تم السداد 1,062,200.00","تم السداد 1,062,200.00","تم السداد 796,650.00",غير مستحقة,غير مستحقة,غير مستحقة,0,3983250,البنك الأهلي المصري,24/12/2024,0.6141,OKC0399,21-Jan-25
شريف صبحي إسماعيل البدري,7262401582,500,OKC-000400,4566000,0.6428,"20%, 20%,20%, 15%,15%, 5%, 5%","تم السداد 913,200.00","تم السداد 913,200.00","تم السداد 913,200.00","تم السداد 684,900.00",غير مستحقة,غير مستحقة,غير مستحقة,0,3424500,البنك الأهلي المصري,01/01/2025,0.6428,OKC0400,16-Dec-24
عبدالرحمن حسين شوقي يونس,7549954948,501,OKC-000401,5890000,0.6213,"20%, 20%,20%, 15%,15%, 5%, 5%","تم السداد 1,178,000.00","تم السداد 1,178,000.00","تم السداد 1,178,000.00","تم السداد 883,500.00",غير مستحقة,غير مستحقة,غير مستحقة,0,4417500,البنك الأهلي المصري,23/01/2025,0.6213,OKC0401,31-Jan-25
إبراهيم عاطف مختار السيد,1453712009,502,OKC-000402,4223000,0.6333,"20%, 20%,20%, 15%,15%, 5%, 5%","تم السداد 844,600.00","تم السداد 844,600.00","تم السداد 844,600.00","تم السداد 633,450.00",غير مستحقة,غير مستحقة,غير مستحقة,0,3167250,البنك الأهلي المصري,27/12/2024,0.6333,OKC0402,17-Jan-25
زياد حسين أحمد حبيب,8384931822,503,OKC-000403,5137000,0.6795,"20%, 20%,20%, 15%,15%, 5%, 5%","تم السداد 1,027,400.00","تم السداد 1,027,400.00","تم السداد 1,027,400.00","تم السداد 770,550.00",غير مستحقة,غير مستحقة,غير مستحقة,0,3852750,البنك الأهلي المصري,02/01/2025,0.6795,OKC0403,6-Jan-25
ياسين صبري جابر المنشاوي,5037346584,504,OKC-000404,4873000,0.6488,"20%, 20%,20%, 15%,15%, 5%, 5%","تم السداد 974,600.00","تم السداد 974,600.00","تم السداد 974,600.00","تم السداد 730,950.00",غير مستحقة,غير مستحقة,غير مستحقة,0,3654750,البنك الأهلي المصري,16/01/2025,0.6488,OKC0404,31-Dec-24
معتز أحمد سمير الدمرداش,2941640535,505,OKC-000405,6887000,0.6517,"20%, 20%,20%, 15%,15%, 5%, 5%","تم السداد 1,377,400.00","تم السداد 1,377,400.00","تم السداد 1,377,400.00","تم السداد 1,033,050.00",غير مستحقة,غير مستحقة,غير مستحقة,0,5165250,البنك الأهلي المصري,23/01/2025,0.6517,OKC0405,17-Jan-25
إبراهيم رشاد سعيد حسن,5126965944,506,OKC-000406,3904000,0.6029,"20%, 20%,20%, 15%,15%, 5%, 5%","تم السداد 780,800.00","تم السداد 780,800.00","تم السداد 780,800.00","تم السداد 585,600.00",غير مستحقة,غير مستحقة,غير مستحقة,0,2928000,البنك الأهلي المصري,06/01/2025,0.6029,OKC0406,7-Jan-25
وائل مصطفى رشاد سليمان,7729666010,507,OKC-000407,5612000,0.6624,"20%, 20%,20%, 15%,15%, 5%, 5%","تم السداد 1,122,400.00","تم السداد 1,122,400.00","تم السداد 1,122,400.00","تم السداد 841,800.00",غير مستحقة,غير مستحقة,غير مستحقة,0,4209000,البنك الأهلي المصري,13/02/2025,0.6624,OKC0407,9-Feb-25
حازم حسن أحمد النحاس,2581434578,508,OKC-000408,3906000,0.6695,"20%, 20%,20%, 15%,15%, 5%, 5%","تم السداد 781,200.00","تم السداد 781,200.00","تم السداد 781,200.00","تم السداد 585,900.00",غير مستحقة,غير مستحقة,غير مستحقة,0,2929500,البنك الأهلي المصري,30/12/2024,0.6695,OKC0408,5-Feb-25
شادي عادل حمدي فهمي,8263741425,509,OKC-000409,5618000,0.6634,"20%, 20%,20%, 15%,15%, 5%, 5%","تم السداد 1,123,600.00","تم السداد 1,123,600.00","تم السداد 1,123,600.00","تم السداد 842,700.00",غير مستحقة,غير مستحقة,غير مستحقة,0,4213500,البنك الأهلي المصري,19/02/2025,0.6634,OKC0409,21-Jan-25
محمود كمال نبيل مصطفى,7343863355,510,OKC-000410,6146000,0.6461,"20%, 20%,20%, 15%,15%, 5%, 5%","تم السداد 1,229,200.00","تم السداد 1,229,200.00","تم السداد 1,229,200.00","تم السداد 921,900.00",غير مستحقة,غير مستحقة,غير مستحقة,0,4609500,البنك الأهلي المصري,19/02/2025,0.6461,OKC0410,13-Feb-25
رؤوف لطفي محمد سالم,4230940948,511,OKC-000411,5795000,0.6085,"20%, 20%,20%, 15%,15%, 5%, 5%","تم السداد 1,159,000.00","تم السداد 1,159,000.00","تم السداد 1,159,000.00","تم السداد 869,250.00",غير مستحقة,غير مستحقة,غير مستحقة,0,4346250,البنك الأهلي المصري,08/02/2025,0.6085,OKC0411,8-Jan-25
وائل إسماعيل حسن البنا,3931967388,512,OKC-000412,6027000,0.6449,"20%, 20%,20%, 15%,15%, 5%, 5%","تم السداد 1,205,400.00","تم السداد 1,205,400.00","تم السداد 1,205,400.00","تم السداد 904,050.00",غير مستحقة,غير مستحقة,غير مستحقة,0,4520250,البنك الأهلي المصري,01/01/2025,0.6449,OKC0412,22-Jan-25
رامي فاروق سمير حسين,9579568792,513,OKC-000413,6151000,0.6874,"20%, 20%,20%, 15%,15%, 5%, 5%","تم السداد 1,230,200.00","تم السداد 1,230,200.00","تم السداد 1,230,200.00","تم السداد 922,650.00",غير مستحقة,غير مستحقة,غير مستحقة,0,4613250,البنك الأهلي المصري,02/02/2025,0.6874,OKC0413,23-Jan-25
جورج كمال صبري مصطفى,5060237199,514,OKC-000414,6385000,0.6136,"20%, 20%,20%, 15%,15%, 5%, 5%","تم السداد 1,277,000.00","تم السداد 1,277,000.00","تم السداد 1,277,000.00","تم السداد 957,750.00",غير مستحقة,غير مستحقة,غير مستحقة,0,4788750,البنك الأهلي المصري,18/01/2025,0.6136,OKC0414,18-Jan-25
كريم صبحي فتحي الزيات,3329501060,515,OKC-000415,6940000,0.6974,"20%, 20%,20%, 15%,15%, 5%, 5%","تم السداد 1,388,000.00","تم السداد 1,388,000.00","تم السداد 1,388,000.00","تم السداد 1,041,000.00",غير مستحقة,غير مستحقة,غير مستحقة,0,5205000,البنك الأهلي المصري,21/02/2025,0.6974,OKC0415,4-Feb-25
كريم عصام فؤاد المنشاوي,4586945471,516,OKC-000416,4648000,0.6481,"20%, 20%,20%, 15%,15%, 5%, 5%","تم السداد 929,600.00","تم السداد 929,600.00","تم السداد 929,600.00","تم السداد 697,200.00",غير مستحقة,غير مستحقة,غير مستحقة,0,3486000,البنك الأهلي المصري,02/02/2025,0.6481,OKC0416,15-Jan-25
إبراهيم صبحي إبراهيم رمضان,5261939403,517,OKC-000417,5666000,0.6409,"20%, 20%,20%, 15%,15%, 5%, 5%","تم السداد 1,133,200.00","تم السداد 1,133,200.00","تم السداد 1,133,200.00","تم السداد 849,900.00",غير مستحقة,غير مستحقة,غير مستحقة,0,4249500,البنك الأهلي المصري,24/01/2025,0.6409,OKC0417,16-Jan-25
مينا صبحي مصطفى الوكيل,2870791486,518,OKC-000418,5812000,0.6843,"20%, 20%,20%, 15%,15%, 5%, 5%","تم السداد 1,162,400.00","تم السداد 1,162,400.00","تم السداد 1,162,400.00","تم السداد 871,800.00",غير مستحقة,غير مستحقة,غير مستحقة,0,4359000,البنك الأهلي المصري,30/01/2025,0.6843,OKC0418,31-Jan-25
مروان أحمد حسن مبارك,5644653193,519,OKC-000419,6443000,0.6732,"20%, 20%,20%, 15%,15%, 5%, 5%","تم السداد 1,288,600.00","تم السداد 1,288,600.00","تم السداد 1,288,600.00","تم السداد 966,450.00",غير مستحقة,غير مستحقة,غير مستحقة,0,4832250,البنك الأهلي المصري,18/01/2025,0.6732,OKC0419,17-Feb-25
مجدي حسين حسن الدسوقي,3781054497,520,OKC-000420,6286000,0.5983,"20%, 20%,20%, 15%,15%, 5%, 5%","تم السداد 1,257,200.00","تم السداد 1,257,200.00","تم السداد 1,257,200.00","تم السداد 942,900.00",غير مستحقة,غير مستحقة,غير مستحقة,0,4714500,البنك الأهلي المصري,21/01/2025,0.5983,OKC0420,3-Feb-25
تامر محمود عبدالرحمن الشافعي,9393113958,521,OKC-000421,4532000,0.6793,"20%, 20%,20%, 15%,15%, 5%, 5%","تم السداد 906,400.00","تم السداد 906,400.00","تم السداد 906,400.00","تم السداد 679,800.00",غير مستحقة,غير مستحقة,غير مستحقة,0,3399000,البنك الأهلي المصري,27/02/2025,0.6793,OKC0421,19-Feb-25
حازم حسين طارق المنياوي,4201150068,522,OKC-000422,5911000,0.6872,"20%, 20%,20%, 15%,15%, 5%, 5%","تم السداد 1,182,200.00","تم السداد 1,182,200.00","تم السداد 1,182,200.00","تم السداد 886,650.00",غير مستحقة,غير مستحقة,غير مستحقة,0,4433250,البنك الأهلي المصري,13/01/2025,0.6872,OKC0422,20-Jan-25
حسن إسماعيل جابر سليمان,9143158867,523,OKC-000423,6405000,0.6944,"20%, 20%,20%, 15%,15%, 5%, 5%","تم السداد 1,281,000.00","تم السداد 1,281,000.00","تم السداد 1,281,000.00","تم السداد 960,750.00",غير مستحقة,غير مستحقة,غير مستحقة,0,4803750,البنك الأهلي المصري,14/01/2025,0.6944,OKC0423,31-Jan-25
مينا محمد جمال مصطفى,7171387588,524,OKC-000424,5331000,0.6098,"20%, 20%,20%, 15%,15%, 5%, 5%","تم السداد 1,066,200.00","تم السداد 1,066,200.00","تم السداد 1,066,200.00","تم السداد 799,650.00",غير مستحقة,غير مستحقة,غير مستحقة,0,3998250,البنك الأهلي المصري,22/01/2025,0.6098,OKC0424,29-Jan-25
ماهر كمال فؤاد البنا,1733873698,525,OKC-000425,6373000,0.6424,"20%, 20%,20%, 15%,15%, 5%, 5%","تم السداد 1,274,600.00","تم السداد 1,274,600.00","تم السداد 1,274,600.00","تم السداد 955,950.00",غير مستحقة,غير مستحقة,غير مستحقة,0,4779750,البنك الأهلي المصري,10/01/2025,0.6424,OKC0425,22-Feb-25
محمد جابر مجدي رزق,8968400670,526,OKC-000426,6574000,0.6988,"20%, 20%,20%, 15%,15%, 5%, 5%","تم السداد 1,314,800.00","تم السداد 1,314,800.00","تم السداد 1,314,800.00","تم السداد 986,100.00",غير مستحقة,غير مستحقة,غير مستحقة,0,4930500,البنك الأهلي المصري,02/03/2025,0.6988,OKC0426,7-Feb-25
عادل حمدي عادل الدسوقي,6514049991,527,OKC-000427,5072000,0.6784,"20%, 20%,20%, 15%,15%, 5%, 5%","تم السداد 1,014,400.00","تم السداد 1,014,400.00","تم السداد 1,014,400.00","تم السداد 760,800.00",غير مستحقة,غير مستحقة,غير مستحقة,0,3804000,البنك الأهلي المصري,22/02/2025,0.6784,OKC0427,2-Feb-25
علاء أحمد فؤاد مصطفى,1686984520,528,OKC-000428,5510000,0.6614,"20%, 20%,20%, 15%,15%, 5%, 5%","تم السداد 1,102,000.00","تم السداد 1,102,000.00","تم السداد 1,102,000.00","تم السداد 826,500.00",غير مستحقة,غير مستحقة,غير مستحقة,0,4132500,البنك الأهلي المصري,19/01/2025,0.6614,OKC0428,9-Feb-25
طارق عبدالله جابر مبارك,5299850149,529,OKC-000429,5386000,0.6513,"20%, 20%,20%, 15%,15%, 5%, 5%","تم السداد 1,077,200.00","تم السداد 1,077,200.00","تم السداد 1,077,200.00","تم السداد 807,900.00",غير مستحقة,غير مستحقة,غير مستحقة,0,4039500,البنك الأهلي المصري,12/01/2025,0.6513,OKC0429,15-Feb-25
حازم مصطفى رجب منصور,2496126192,530,OKC-000430,5189000,0.656,"20%, 20%,20%, 15%,15%, 5%, 5%","تم السداد 1,037,800.00","تم السداد 1,037,800.00","تم السداد 1,037,800.00","تم السداد 778,350.00",غير مستحقة,غير مستحقة,غير مستحقة,0,3891750,البنك الأهلي المصري,23/01/2025,0.656,OKC0430,26-Jan-25
ماهر يوسف علي القاضي,6885650097,531,OKC-000431,5331000,0.6317,"20%, 20%,20%, 15%,15%, 5%, 5%","تم السداد 1,066,200.00","تم السداد 1,066,200.00","تم السداد 1,066,200.00","تم السداد 799,650.00",غير مستحقة,غير مستحقة,غير مستحقة,0,3998250,البنك الأهلي المصري,15/01/2025,0.6317,OKC0431,30-Jan-25
رامي فؤاد يوسف شحاتة,7367373176,532,OKC-000432,4873000,0.6617,"20%, 20%,20%, 15%,15%, 5%, 5%","تم السداد 974,600.00","تم السداد 974,600.00","تم السداد 974,600.00","تم السداد 730,950.00",غير مستحقة,غير مستحقة,غير مستحقة,0,3654750,البنك الأهلي المصري,23/02/2025,0.6617,OKC0432,25-Jan-25
رامي علي عبدالرحمن حسين,3564880355,533,OKC-000433,4405000,0.6529,"20%, 20%,20%, 15%,15%, 5%, 5%","تم السداد 881,000.00","تم السداد 881,000.00","تم السداد 881,000.00","تم السداد 660,750.00",غير مستحقة,غير مستحقة,غير مستحقة,0,3303750,البنك الأهلي المصري,20/01/2025,0.6529,OKC0433,11-Feb-25
عادل سليمان سمير صلاح,7643918247,534,OKC-000434,6774000,0.6981,"20%, 20%,20%, 15%,15%, 5%, 5%","تم السداد 1,354,800.00","تم السداد 1,354,800.00","تم السداد 1,354,800.00","تم السداد 1,016,100.00",غير مستحقة,غير مستحقة,غير مستحقة,0,5080500,البنك الأهلي المصري,20/02/2025,0.6981,OKC0434,1-Mar-25
هاني محمود صبحي عبدالرازق,2790519407,535,OKC-000435,5148000,0.6029,"20%, 20%,20%, 15%,15%, 5%, 5%","تم السداد 1,029,600.00","تم السداد 1,029,600.00","تم السداد 1,029,600.00","تم السداد 772,200.00",غير مستحقة,غير مستحقة,غير مستحقة,0,3861000,البنك الأهلي المصري,28/02/2025,0.6029,OKC0435,22-Jan-25
أحمد عبدالله عادل المنشاوي,7527700589,536,OKC-000436,6873000,0.6211,"20%, 20%,20%, 15%,15%, 5%, 5%","تم السداد 1,374,600.00","تم السداد 1,374,600.00","تم السداد 1,374,600.00","تم السداد 1,030,950.00",غير مستحقة,غير مستحقة,غير مستحقة,0,5154750,البنك الأهلي المصري,07/03/2025,0.6211,OKC0436,8-Feb-25
ياسين جابر مختار صلاح,3983037646,537,OKC-000437,4669000,0.6367,"20%, 20%,20%, 15%,15%, 5%, 5%","تم السداد 933,800.00","تم السداد 933,800.00","تم السداد 933,800.00","تم السداد 700,350.00",غير مستحقة,غير مستحقة,غير مستحقة,0,3501750,البنك الأهلي المصري,07/03/2025,0.6367,OKC0437,23-Feb-25
ماجد عبدالرحمن جمال صادق,1370388002,538,OKC-000438,4891000,0.6501,"20%, 20%,20%, 15%,15%, 5%, 5%","تم السداد 978,200.00","تم السداد 978,200.00","تم السداد 978,200.00","تم السداد 733,650.00",غير مستحقة,غير مستحقة,غير مستحقة,0,3668250,البنك الأهلي المصري,15/02/2025,0.6501,OKC0438,13-Feb-25
وائل علي عصام حسين,2198324696,539,OKC-000439,5426000,0.681,"20%, 20%,20%, 15%,15%, 5%, 5%","تم السداد 1,085,200.00","تم السداد 1,085,200.00","تم السداد 1,085,200.00","تم السداد 813,900.00",غير مستحقة,غير مستحقة,غير مستحقة,0,4069500,البنك الأهلي المصري,04/03/2025,0.681,OKC0439,1-Feb-25
باسم إسماعيل سيد حسين,8037351982,540,OKC-000440,6150000,0.6719,"20%, 20%,20%, 15%,15%, 5%, 5%","تم السداد 1,230,000.00","تم السداد 1,230,000.00","تم السداد 1,230,000.00","تم السداد 922,500.00",غير مستحقة,غير مستحقة,غير مستحقة,0,4612500,البنك الأهلي المصري,01/02/2025,0.6719,OKC0440,8-Feb-25
علاء جمال يوسف مصطفى,3024750277,541,OKC-000441,5130000,0.5991,"20%, 20%,20%, 15%,15%, 5%, 5%","تم السداد 1,026,000.00","تم السداد 1,026,000.00","تم السداد 1,026,000.00","تم السداد 769,500.00",غير مستحقة,غير مستحقة,غير مستحقة,0,3847500,البنك الأهلي المصري,29/04/2025,0.5991,OKC0441,29-Apr-25
أشرف جمال أحمد داود,6453411881,542,OKC-000442,4546000,0.7327,"20%, 20%,20%, 15%,15%, 5%, 5%","تم السداد 909,200.00","تم السداد 909,200.00","تم السداد 909,200.00","تم السداد 681,900.00","تم السداد 681,900.00",غير مستحقة,غير مستحقة,0,4091400,البنك الأهلي المصري,02/11/2024,0.7327,OKC0442,22-Oct-24
أدهم عصام علي الدسوقي,2795276346,543,OKC-000443,3831000,0.76,"20%, 20%,20%, 15%,15%, 5%, 5%","تم السداد 766,200.00","تم السداد 766,200.00","تم السداد 766,200.00","تم السداد 574,650.00","تم السداد 574,650.00",غير مستحقة,غير مستحقة,0,3447900,البنك الأهلي المصري,13/10/2024,0.76,OKC0443,16-Oct-24
خالد سمير عاطف سالم,3147421607,544,OKC-000444,4038000,0.7509,"20%, 20%,20%, 15%,15%, 5%, 5%","تم السداد 807,600.00","تم السداد 807,600.00","تم السداد 807,600.00","تم السداد 605,700.00","تم السداد 605,700.00",غير مستحقة,غير مستحقة,0,3634200,البنك الأهلي المصري,22/11/2024,0.7509,OKC0444,10-Nov-24
شادي عبدالرحمن إسماعيل العطار,1576653568,545,OKC-000445,4587000,0.7546,"20%, 20%,20%, 15%,15%, 5%, 5%","تم السداد 917,400.00","تم السداد 917,400.00","تم السداد 917,400.00","تم السداد 688,050.00","تم السداد 688,050.00",غير مستحقة,غير مستحقة,0,4128300,البنك الأهلي المصري,29/10/2024,0.7546,OKC0445,5-Nov-24
رامز حسن صبري صلاح,8889331363,546,OKC-000446,3807000,0.7688,"20%, 20%,20%, 15%,15%, 5%, 5%","تم السداد 761,400.00","تم السداد 761,400.00","تم السداد 761,400.00","تم السداد 571,050.00","تم السداد 571,050.00",غير مستحقة,غير مستحقة,0,3426300,البنك الأهلي المصري,25/10/2024,0.7688,OKC0446,31-Oct-24
رضوى مختار علي الحداد,6358262787,547,OKC-000447,6227000,0.7546,"20%, 20%,20%, 15%,15%, 5%, 5%","تم السداد 1,245,400.00","تم السداد 1,245,400.00","تم السداد 1,245,400.00","تم السداد 934,050.00","تم السداد 934,050.00",غير مستحقة,غير مستحقة,0,5604300,البنك الأهلي المصري,09/11/2024,0.7546,OKC0447,2-Oct-24
زياد نبيل سليمان الشرقاوي,7263171608,548,OKC-000448,4978000,0.7061,"20%, 20%,20%, 15%,15%, 5%, 5%","تم السداد 995,600.00","تم السداد 995,600.00","تم السداد 995,600.00","تم السداد 746,700.00","تم السداد 746,700.00",غير مستحقة,غير مستحقة,0,4480200,البنك الأهلي المصري,16/11/2024,0.7061,OKC0448,21-Oct-24
عبير محمود لطفي الدمرداش,7395731479,549,OKC-000449,4897000,0.7511,"20%, 20%,20%, 15%,15%, 5%, 5%","تم السداد 979,400.00","تم السداد 979,400.00","تم السداد 979,400.00","تم السداد 734,550.00","تم السداد 734,550.00",غير مستحقة,غير مستحقة,0,4407300,البنك الأهلي المصري,04/11/2024,0.7511,OKC0449,27-Oct-24
ماجد رشاد جمال المنشاوي,7572989299,550,OKC-000450,4334000,0.7588,"20%, 20%,20%, 15%,15%, 5%, 5%","تم السداد 866,800.00","تم السداد 866,800.00","تم السداد 866,800.00","تم السداد 650,100.00","تم السداد 650,100.00",غير مستحقة,غير مستحقة,0,3900600,البنك الأهلي المصري,29/10/2024,0.7588,OKC0450,10-Nov-24
كريم خالد شوقي عبدالحليم,8621451709,551,OKC-000451,4202000,0.7345,"20%, 20%,20%, 15%,15%, 5%, 5%","تم السداد 840,400.00","تم السداد 840,400.00","تم السداد 840,400.00","تم السداد 630,300.00","تم السداد 630,300.00",غير مستحقة,غير مستحقة,0,3781800,البنك الأهلي المصري,27/10/2024,0.7345,OKC0451,31-Oct-24
إبراهيم صبحي فاروق مبارك,1468796053,552,OKC-000452,4425000,0.7762,"20%, 20%,20%, 15%,15%, 5%, 5%","تم السداد 885,000.00","تم السداد 885,000.00","تم السداد 885,000.00","تم السداد 663,750.00","تم السداد 663,750.00",غير مستحقة,غير مستحقة,0,3982500,البنك الأهلي المصري,09/10/2024,0.7762,OKC0452,18-Oct-24
أدهم سعيد فؤاد الدمرداش,6736564426,553,OKC-000453,6645000,0.7565,"20%, 20%,20%, 15%,15%, 5%, 5%","تم السداد 1,329,000.00","تم السداد 1,329,000.00","تم السداد 1,329,000.00","تم السداد 996,750.00","تم السداد 996,750.00",غير مستحقة,غير مستحقة,0,5980500,البنك الأهلي المصري,25/11/2024,0.7565,OKC0453,13-Oct-24
هاني شوقي محمد السعدني,5304664448,554,OKC-000454,5855000,0.7779,"20%, 20%,20%, 15%,15%, 5%, 5%","تم السداد 1,171,000.00","تم السداد 1,171,000.00","تم السداد 1,171,000.00","تم السداد 878,250.00","تم السداد 878,250.00",غير مستحقة,غير مستحقة,0,5269500,البنك الأهلي المصري,30/10/2024,0.7779,OKC0454,1-Nov-24
سامي عبدالرحمن نبيل المنياوي,8098311156,555,OKC-000455,4545000,0.7783,"20%, 20%,20%, 15%,15%, 5%, 5%","تم السداد 909,000.00","تم السداد 909,000.00","تم السداد 909,000.00","تم السداد 681,750.00","تم السداد 681,750.00",غير مستحقة,غير مستحقة,0,4090500,البنك الأهلي المصري,01/12/2024,0.7783,OKC0455,14-Nov-24
تامر حسن فاروق داود,5623820961,556,OKC-000456,5090000,0.7193,"20%, 20%,20%, 15%,15%, 5%, 5%","تم السداد 1,018,000.00","تم السداد 1,018,000.00","تم السداد 1,018,000.00","تم السداد 763,500.00","تم السداد 763,500.00",غير مستحقة,غير مستحقة,0,4581000,البنك الأهلي المصري,23/10/2024,0.7193,OKC0456,22-Nov-24
يوسف فتحي رشاد السمان,9983625919,557,OKC-000457,5367000,0.7945,"20%, 20%,20%, 15%,15%, 5%, 5%","تم السداد 1,073,400.00","تم السداد 1,073,400.00","تم السداد 1,073,400.00","تم السداد 805,050.00","تم السداد 805,050.00",غير مستحقة,غير مستحقة,0,4830300,البنك الأهلي المصري,16/10/2024,0.7945,OKC0457,25-Nov-24
حازم صبحي صبري السيد,6045167593,558,OKC-000458,5287000,0.7778,"20%, 20%,20%, 15%,15%, 5%, 5%","تم السداد 1,057,400.00","تم السداد 1,057,400.00","تم السداد 1,057,400.00","تم السداد 793,050.00","تم السداد 793,050.00",غير مستحقة,غير مستحقة,0,4758300,البنك الأهلي المصري,02/12/2024,0.7778,OKC0458,10-Nov-24
ماجد شوقي فتحي خليل,4404617594,559,OKC-000459,4731000,0.7401,"20%, 20%,20%, 15%,15%, 5%, 5%","تم السداد 946,200.00","تم السداد 946,200.00","تم السداد 946,200.00","تم السداد 709,650.00","تم السداد 709,650.00",غير مستحقة,غير مستحقة,0,4257900,البنك الأهلي المصري,10/10/2024,0.7401,OKC0459,12-Nov-24
شريف حسن لطفي المنياوي,9452331808,560,OKC-000460,5768000,0.8363,"20%, 20%,20%, 15%,15%, 5%, 5%","تم السداد 1,153,600.00","تم السداد 1,153,600.00","تم السداد 1,153,600.00","تم السداد 865,200.00","تم السداد 865,200.00",غير مستحقة,غير مستحقة,0,5191200,البنك الأهلي المصري,02/12/2024,0.8363,OKC0460,21-Nov-24
سامي سيد علي العشري,8526646421,561,OKC-000461,5559000,0.7911,"20%, 20%,20%, 15%,15%, 5%, 5%","تم السداد 1,111,800.00","تم السداد 1,111,800.00","تم السداد 1,111,800.00","تم السداد 833,850.00","تم السداد 833,850.00",غير مستحقة,غير مستحقة,0,5003100,البنك الأهلي المصري,25/10/2024,0.7911,OKC0461,25-Oct-24
مجدي عصام علي مبارك,1315801207,562,OKC-000462,4712000,0.7441,"20%, 20%,20%, 15%,15%, 5%, 5%","تم السداد 942,400.00","تم السداد 942,400.00","تم السداد 942,400.00","تم السداد 706,800.00","تم السداد 706,800.00",غير مستحقة,غير مستحقة,0,4240800,البنك الأهلي المصري,18/10/2024,0.7441,OKC0462,24-Oct-24
مروان حمدي جابر الجندي,2255502917,563,OKC-000463,4102000,0.7741,"20%, 20%,20%, 15%,15%, 5%, 5%","تم السداد 820,400.00","تم السداد 820,400.00","تم السداد 820,400.00","تم السداد 615,300.00","تم السداد 615,300.00",غير مستحقة,غير مستحقة,0,3691800,البنك الأهلي المصري,09/11/2024,0.7741,OKC0463,23-Nov-24
أشرف مختار نبيل القاضي,1594857163,564,OKC-000464,5748000,0.7083,"20%, 20%,20%, 15%,15%, 5%, 5%","تم السداد 1,149,600.00","تم السداد 1,149,600.00","تم السداد 1,149,600.00","تم السداد 862,200.00","تم السداد 862,200.00",غير مستحقة,غير مستحقة,0,5173200,البنك الأهلي المصري,24/10/2024,0.7083,OKC0464,1-Nov-24
ماهر حسين جابر يونس,7466458303,565,OKC-000465,4418000,0.7804,"20%, 20%,20%, 15%,15%, 5%, 5%","تم السداد 883,600.00","تم السداد 883,600.00","تم السداد 883,600.00","تم السداد 662,700.00","تم السداد 662,700.00",غير مستحقة,غير مستحقة,0,3976200,البنك الأهلي المصري,10/10/2024,0.7804,OKC0465,15-Nov-24
إبراهيم مصطفى طارق عبدالحليم,7592766328,566,OKC-000466,5662000,0.8123,"20%, 20%,20%, 15%,15%, 5%, 5%","تم السداد 1,132,400.00","تم السداد 1,132,400.00","تم السداد 1,132,400.00","تم السداد 849,300.00","تم السداد 849,300.00",غير مستحقة,غير مستحقة,0,5095800,البنك الأهلي المصري,19/11/2024,0.8123,OKC0466,17-Oct-24
فادي جابر لطفي البدري,7590000184,567,OKC-000467,3913000,0.7645,"20%, 20%,20%, 15%,15%, 5%, 5%","تم السداد 782,600.00","تم السداد 782,600.00","تم السداد 782,600.00","تم السداد 586,950.00","تم السداد 586,950.00",غير مستحقة,غير مستحقة,0,3521700,البنك الأهلي المصري,09/11/2024,0.7645,OKC0467,23-Oct-24
هاني فتحي أحمد الإسكندراني,4316606495,568,OKC-000468,4744000,0.765,"20%, 20%,20%, 15%,15%, 5%, 5%","تم السداد 948,800.00","تم السداد 948,800.00","تم السداد 948,800.00","تم السداد 711,600.00","تم السداد 711,600.00",غير مستحقة,غير مستحقة,0,4269600,البنك الأهلي المصري,05/11/2024,0.765,OKC0468,4-Nov-24
علي سليمان يوسف المصري,4176641201,569,OKC-000469,5347000,0.775,"20%, 20%,20%, 15%,15%, 5%, 5%","تم السداد 1,069,400.00","تم السداد 1,069,400.00","تم السداد 1,069,400.00","تم السداد 802,050.00","تم السداد 802,050.00",غير مستحقة,غير مستحقة,0,4812300,البنك الأهلي المصري,20/10/2024,0.775,OKC0469,6-Nov-24
عادل فاروق فؤاد جابر,1411629854,570,OKC-000470,5574000,0.6996,"20%, 20%,20%, 15%,15%, 5%, 5%","تم السداد 1,114,800.00","تم السداد 1,114,800.00","تم السداد 1,114,800.00","تم السداد 836,100.00","تم السداد 836,100.00",غير مستحقة,غير مستحقة,0,5016600,البنك الأهلي المصري,02/12/2024,0.6996,OKC0470,19-Oct-24
مجدي كمال فؤاد عبدالعال,8641140837,571,OKC-000471,5889000,0.7396,"20%, 20%,20%, 15%,15%, 5%, 5%","تم السداد 1,177,800.00","تم السداد 1,177,800.00","تم السداد 1,177,800.00","تم السداد 883,350.00","تم السداد 883,350.00",غير مستحقة,غير مستحقة,0,5300100,البنك الأهلي المصري,12/10/2024,0.7396,OKC0471,9-Nov-24
رامز مجدي رجب العطار,6685992623,572,OKC-000472,4353000,0.7494,"20%, 20%,20%, 15%,15%, 5%, 5%","تم السداد 870,600.00","تم السداد 870,600.00","تم السداد 870,600.00","تم السداد 652,950.00","تم السداد 652,950.00",غير مستحقة,غير مستحقة,0,3917700,البنك الأهلي المصري,07/11/2024,0.7494,OKC0472,27-Oct-24
رامي عصام رشاد عبدالرازق,9733698883,573,OKC-000473,5761000,0.763,"20%, 20%,20%, 15%,15%, 5%, 5%","تم السداد 1,152,200.00","تم السداد 1,152,200.00","تم السداد 1,152,200.00","تم السداد 864,150.00","تم السداد 864,150.00",غير مستحقة,غير مستحقة,0,5184900,البنك الأهلي المصري,23/11/2024,0.763,OKC0473,27-Nov-24
أشرف عبدالله مجدي السمان,3445495739,574,OKC-000474,3686000,0.7439,"20%, 20%,20%, 15%,15%, 5%, 5%","تم السداد 737,200.00","تم السداد 737,200.00","تم السداد 737,200.00","تم السداد 552,900.00","تم السداد 552,900.00",غير مستحقة,غير مستحقة,0,3317400,البنك الأهلي المصري,26/11/2024,0.7439,OKC0474,8-Nov-24
إسلام إبراهيم جابر الزيات,4918074354,575,OKC-000475,4290000,0.7428,"20%, 20%,20%, 15%,15%, 5%, 5%","تم السداد 858,000.00","تم السداد 858,000.00","تم السداد 858,000.00","تم السداد 643,500.00","تم السداد 643,500.00",غير مستحقة,غير مستحقة,0,3861000,البنك الأهلي المصري,31/10/2024,0.7428,OKC0475,16-Nov-24
نانسي نبيل حسين سالم,7418727287,576,OKC-000476,5206000,0.718,"20%, 20%,20%, 15%,15%, 5%, 5%","تم السداد 1,041,200.00","تم السداد 1,041,200.00","تم السداد 1,041,200.00","تم السداد 780,900.00","تم السداد 780,900.00",غير مستحقة,غير مستحقة,0,4685400,البنك الأهلي المصري,27/10/2024,0.718,OKC0476,25-Nov-24
حسام سعيد إبراهيم علي,7293259644,577,OKC-000477,5955000,0.7295,"20%, 20%,20%, 15%,15%, 5%, 5%","تم السداد 1,191,000.00","تم السداد 1,191,000.00","تم السداد 1,191,000.00","تم السداد 893,250.00","تم السداد 893,250.00",غير مستحقة,غير مستحقة,0,5359500,البنك الأهلي المصري,12/11/2024,0.7295,OKC0477,18-Nov-24
شريف إسماعيل رمضان البحيري,3817539973,578,OKC-000478,4833000,0.7465,"20%, 20%,20%, 15%,15%, 5%, 5%","تم السداد 966,600.00","تم السداد 966,600.00","تم السداد 966,600.00","تم السداد 724,950.00","تم السداد 724,950.00",غير مستحقة,غير مستحقة,0,4349700,البنك الأهلي المصري,30/11/2024,0.7465,OKC0478,15-Nov-24
طارق عادل فؤاد شحاتة,5254667265,579,OKC-000479,5802000,0.8316,"20%, 20%,20%, 15%,15%, 5%, 5%","تم السداد 1,160,400.00","تم السداد 1,160,400.00","تم السداد 1,160,400.00","تم السداد 870,300.00","تم السداد 870,300.00",غير مستحقة,غير مستحقة,0,5221800,البنك الأهلي المصري,03/12/2024,0.8316,OKC0479,30-Oct-24
عبدالله سليمان أحمد إبراهيم,9789299985,580,OKC-000480,5675000,0.7844,"20%, 20%,20%, 15%,15%, 5%, 5%","تم السداد 1,135,000.00","تم السداد 1,135,000.00","تم السداد 1,135,000.00","تم السداد 851,250.00","تم السداد 851,250.00",غير مستحقة,غير مستحقة,0,5107500,البنك الأهلي المصري,28/11/2024,0.7844,OKC0480,22-Nov-24
باسم مجدي صلاح عبدالفتاح,1024848251,581,OKC-000481,5823000,0.808,"20%, 20%,20%, 15%,15%, 5%, 5%","تم السداد 1,164,600.00","تم السداد 1,164,600.00","تم السداد 1,164,600.00","تم السداد 873,450.00","تم السداد 873,450.00",غير مستحقة,غير مستحقة,0,5240700,البنك الأهلي المصري,28/10/2024,0.808,OKC0481,27-Nov-24
أيمن محمود فؤاد لطفي,6431233200,582,OKC-000482,6173000,0.7161,"20%, 20%,20%, 15%,15%, 5%, 5%","تم السداد 1,234,600.00","تم السداد 1,234,600.00","تم السداد 1,234,600.00","تم السداد 925,950.00","تم السداد 925,950.00",غير مستحقة,غير مستحقة,0,5555700,البنك الأهلي المصري,05/12/2024,0.7161,OKC0482,6-Nov-24
معتز إبراهيم عبدالله الشافعي,7844187583,583,OKC-000483,5445000,0.7084,"20%, 20%,20%, 15%,15%, 5%, 5%","تم السداد 1,089,000.00","تم السداد 1,089,000.00","تم السداد 1,089,000.00","تم السداد 816,750.00","تم السداد 816,750.00",غير مستحقة,غير مستحقة,0,4900500,البنك الأهلي المصري,12/11/2024,0.7084,OKC0483,24-Oct-24
أشرف عبدالرحمن محمود البنا,9254820069,584,OKC-000484,5385000,0.8093,"20%, 20%,20%, 15%,15%, 5%, 5%","تم السداد 1,077,000.00","تم السداد 1,077,000.00","تم السداد 1,077,000.00","تم السداد 807,750.00","تم السداد 807,750.00",غير مستحقة,غير مستحقة,0,4846500,البنك الأهلي المصري,25/11/2024,0.8093,OKC0484,30-Oct-24
معتز خالد محمود القاضي,1291582123,585,OKC-000485,5704000,0.7895,"20%, 20%,20%, 15%,15%, 5%, 5%","تم السداد 1,140,800.00","تم السداد 1,140,800.00","تم السداد 1,140,800.00","تم السداد 855,600.00","تم السداد 855,600.00",غير مستحقة,غير مستحقة,0,5133600,البنك الأهلي المصري,29/11/2024,0.7895,OKC0485,28-Nov-24
إبراهيم سعيد رمضان علي,4416647860,586,OKC-000486,5698000,0.7757,"20%, 20%,20%, 15%,15%, 5%, 5%","تم السداد 1,139,600.00","تم السداد 1,139,600.00","تم السداد 1,139,600.00","تم السداد 854,700.00","تم السداد 854,700.00",غير مستحقة,غير مستحقة,0,5128200,البنك الأهلي المصري,20/11/2024,0.7757,OKC0486,6-Nov-24
أيمن خالد كمال مصطفى,4803565723,587,OKC-000487,3954000,0.7379,"20%, 20%,20%, 15%,15%, 5%, 5%","تم السداد 790,800.00","تم السداد 790,800.00","تم السداد 790,800.00","تم السداد 593,100.00","تم السداد 593,100.00",غير مستحقة,غير مستحقة,0,3558600,البنك الأهلي المصري,07/12/2024,0.7379,OKC0487,24-Nov-24
عمرو طارق حسين الدمرداش,1420549170,588,OKC-000488,5481000,0.7042,"20%, 20%,20%, 15%,15%, 5%, 5%","تم السداد 1,096,200.00","تم السداد 1,096,200.00","تم السداد 1,096,200.00","تم السداد 822,150.00","تم السداد 822,150.00",غير مستحقة,غير مستحقة,0,4932900,البنك الأهلي المصري,09/12/2024,0.7042,OKC0488,1-Nov-24
حسن سعيد خالد داود,7902885544,589,OKC-000489,6528000,0.8034,"20%, 20%,20%, 15%,15%, 5%, 5%","تم السداد 1,305,600.00","تم السداد 1,305,600.00","تم السداد 1,305,600.00","تم السداد 979,200.00","تم السداد 979,200.00",غير مستحقة,غير مستحقة,0,5875200,البنك الأهلي المصري,11/11/2024,0.8034,OKC0489,11-Dec-24
أشرف فتحي حسين إبراهيم,9437920426,590,OKC-000490,5396000,0.7173,"20%, 20%,20%, 15%,15%, 5%, 5%","تم السداد 1,079,200.00","تم السداد 1,079,200.00","تم السداد 1,079,200.00","تم السداد 809,400.00","تم السداد 809,400.00",غير مستحقة,غير مستحقة,0,4856400,البنك الأهلي المصري,17/11/2024,0.7173,OKC0490,5-Dec-24
رنا شوقي سيد النجار,9062659329,591,OKC-000491,5272000,0.78,"20%, 20%,20%, 15%,15%, 5%, 5%","تم السداد 1,054,400.00","تم السداد 1,054,400.00","تم السداد 1,054,400.00","تم السداد 790,800.00","تم السداد 790,800.00",غير مستحقة,غير مستحقة,0,4744800,البنك الأهلي المصري,28/11/2024,0.78,OKC0491,25-Nov-24
تامر كمال إسماعيل القناوي,4216804639,592,OKC-000492,5759000,0.8015,"20%, 20%,20%, 15%,15%, 5%, 5%","تم السداد 1,151,800.00","تم السداد 1,151,800.00","تم السداد 1,151,800.00","تم السداد 863,850.00","تم السداد 863,850.00",غير مستحقة,غير مستحقة,0,5183100,البنك الأهلي المصري,19/11/2024,0.8015,OKC0492,3-Dec-24
أدهم أحمد حسن صادق,3770941969,593,OKC-000493,5147000,0.7655,"20%, 20%,20%, 15%,15%, 5%, 5%","تم السداد 1,029,400.00","تم السداد 1,029,400.00","تم السداد 1,029,400.00","تم السداد 772,050.00","تم السداد 772,050.00",غير مستحقة,غير مستحقة,0,4632300,البنك الأهلي المصري,10/12/2024,0.7655,OKC0493,7-Dec-24
أدهم مختار رمضان الدسوقي,1560040072,594,OKC-000494,4088000,0.754,"20%, 20%,20%, 15%,15%, 5%, 5%","تم السداد 817,600.00","تم السداد 817,600.00","تم السداد 817,600.00","تم السداد 613,200.00","تم السداد 613,200.00",غير مستحقة,غير مستحقة,0,3679200,البنك الأهلي المصري,26/11/2024,0.754,OKC0494,9-Dec-24
مجدي طارق جمال جابر,8315260506,595,OKC-000495,6026000,0.7362,"20%, 20%,20%, 15%,15%, 5%, 5%","تم السداد 1,205,200.00","تم السداد 1,205,200.00","تم السداد 1,205,200.00","تم السداد 903,900.00","تم السداد 903,900.00",غير مستحقة,غير مستحقة,0,5423400,البنك الأهلي المصري,01/11/2024,0.7362,OKC0495,2-Dec-24
مصطفى فؤاد عادل السعدني,9738008198,596,OKC-000496,4155000,0.7307,"20%, 20%,20%, 15%,15%, 5%, 5%","تم السداد 831,000.00","تم السداد 831,000.00","تم السداد 831,000.00","تم السداد 623,250.00","تم السداد 623,250.00",غير مستحقة,غير مستحقة,0,3739500,البنك الأهلي المصري,20/12/2024,0.7307,OKC0496,24-Nov-24
مروان عادل عاطف منصور,5377630479,597,OKC-000497,4584000,0.7658,"20%, 20%,20%, 15%,15%, 5%, 5%","تم السداد 916,800.00","تم السداد 916,800.00","تم السداد 916,800.00","تم السداد 687,600.00","تم السداد 687,600.00",غير مستحقة,غير مستحقة,0,4125600,البنك الأهلي المصري,09/12/2024,0.7658,OKC0497,21-Nov-24
فادي سيد شوقي بدوي,9703816574,598,OKC-000498,5744000,0.7436,"20%, 20%,20%, 15%,15%, 5%, 5%","تم السداد 1,148,800.00","تم السداد 1,148,800.00","تم السداد 1,148,800.00","تم السداد 861,600.00","تم السداد 861,600.00",غير مستحقة,غير مستحقة,0,5169600,البنك الأهلي المصري,17/11/2024,0.7436,OKC0498,23-Nov-24
مي عصام حسن سالم,7621367503,599,OKC-000499,4219000,0.7556,"20%, 20%,20%, 15%,15%, 5%, 5%","تم السداد 843,800.00","تم السداد 843,800.00","تم السداد 843,800.00","تم السداد 632,850.00","تم السداد 632,850.00",غير مستحقة,غير مستحقة,0,3797100,البنك الأهلي المصري,14/12/2024,0.7556,OKC0499,20-Dec-24
رؤوف حسن مصطفى الزيات,4612028859,600,OKC-000500,5030000,0.7434,"20%, 20%,20%, 15%,15%, 5%, 5%","تم السداد 1,006,000.00","تم السداد 1,006,000.00","تم السداد 1,006,000.00","تم السداد 754,500.00","تم السداد 754,500.00",غير مستحقة,غير مستحقة,0,4527000,البنك الأهلي المصري,05/12/2024,0.7434,OKC0500,9-Dec-24
خالد حسن فاروق سالم,6487560247,601,OKC-000501,4565000,0.744,"20%, 20%,20%, 15%,15%, 5%, 5%","تم السداد 913,000.00","تم السداد 913,000.00","تم السداد 913,000.00","تم السداد 684,750.00","تم السداد 684,750.00",غير مستحقة,غير مستحقة,0,4108500,البنك الأهلي المصري,18/12/2024,0.744,OKC0501,13-Nov-24
عمر علي صبحي منصور,4583684648,602,OKC-000502,4143000,0.7835,"20%, 20%,20%, 15%,15%, 5%, 5%","تم السداد 828,600.00","تم السداد 828,600.00","تم السداد 828,600.00","تم السداد 621,450.00","تم السداد 621,450.00",غير مستحقة,غير مستحقة,0,3728700,البنك الأهلي المصري,05/12/2024,0.7835,OKC0502,27-Nov-24
إبراهيم طارق مجدي القاضي,4673228395,603,OKC-000503,4186000,0.7477,"20%, 20%,20%, 15%,15%, 5%, 5%","تم السداد 837,200.00","تم السداد 837,200.00","تم السداد 837,200.00","تم السداد 627,900.00","تم السداد 627,900.00",غير مستحقة,غير مستحقة,0,3767400,البنك الأهلي المصري,01/01/2025,0.7477,OKC0503,12-Dec-24
حازم شوقي حسن حسين,1678560979,604,OKC-000504,4073000,0.7705,"20%, 20%,20%, 15%,15%, 5%, 5%","تم السداد 814,600.00","تم السداد 814,600.00","تم السداد 814,600.00","تم السداد 610,950.00","تم السداد 610,950.00",غير مستحقة,غير مستحقة,0,3665700,البنك الأهلي المصري,24/11/2024,0.7705,OKC0504,4-Jan-25
رؤوف أحمد حمدي محمود,6501389053,605,OKC-000505,6341000,0.7514,"20%, 20%,20%, 15%,15%, 5%, 5%","تم السداد 1,268,200.00","تم السداد 1,268,200.00","تم السداد 1,268,200.00","تم السداد 951,150.00","تم السداد 951,150.00",غير مستحقة,غير مستحقة,0,5706900,البنك الأهلي المصري,16/01/2025,0.7514,OKC0505,20-Dec-24
ماهر رشاد عصام مراد,9576197345,606,OKC-000506,6587000,0.7612,"20%, 20%,20%, 15%,15%, 5%, 5%","تم السداد 1,317,400.00","تم السداد 1,317,400.00","تم السداد 1,317,400.00","تم السداد 988,050.00","تم السداد 988,050.00",غير مستحقة,غير مستحقة,0,5928300,البنك الأهلي المصري,30/11/2024,0.7612,OKC0506,10-Jan-25
عبدالله لطفي علي منصور,7491431227,607,OKC-000507,3795000,0.7543,"20%, 20%,20%, 15%,15%, 5%, 5%","تم السداد 759,000.00","تم السداد 759,000.00","تم السداد 759,000.00","تم السداد 569,250.00","تم السداد 569,250.00",غير مستحقة,غير مستحقة,0,3415500,البنك الأهلي المصري,05/01/2025,0.7543,OKC0507,17-Dec-24
ماهر فتحي خالد الجندي,9055152288,608,OKC-000508,6941000,0.8101,"20%, 20%,20%, 15%,15%, 5%, 5%","تم السداد 1,388,200.00","تم السداد 1,388,200.00","تم السداد 1,388,200.00","تم السداد 1,041,150.00","تم السداد 1,041,150.00",غير مستحقة,غير مستحقة,0,6246900,البنك الأهلي المصري,10/01/2025,0.8101,OKC0508,5-Jan-25
سامح فتحي نبيل الشرقاوي,4925634036,609,OKC-000509,6236000,0.7865,"20%, 20%,20%, 15%,15%, 5%, 5%","تم السداد 1,247,200.00","تم السداد 1,247,200.00","تم السداد 1,247,200.00","تم السداد 935,400.00","تم السداد 935,400.00",غير مستحقة,غير مستحقة,0,5612400,البنك الأهلي المصري,18/01/2025,0.7865,OKC0509,23-Dec-24
حازم مجدي سعيد المصري,3454832783,610,OKC-000510,5257000,0.7471,"20%, 20%,20%, 15%,15%, 5%, 5%","تم السداد 1,051,400.00","تم السداد 1,051,400.00","تم السداد 1,051,400.00","تم السداد 788,550.00","تم السداد 788,550.00",غير مستحقة,غير مستحقة,0,4731300,البنك الأهلي المصري,11/12/2024,0.7471,OKC0510,24-Dec-24
بيشوي سمير عبدالله فهمي,3563694688,611,OKC-000511,5006000,0.749,"20%, 20%,20%, 15%,15%, 5%, 5%","تم السداد 1,001,200.00","تم السداد 1,001,200.00","تم السداد 1,001,200.00","تم السداد 750,900.00","تم السداد 750,900.00",غير مستحقة,غير مستحقة,0,4505400,البنك الأهلي المصري,28/01/2025,0.749,OKC0511,23-Jan-25
عمر فاروق مجدي حسين,7592291947,612,OKC-000512,4429000,0.766,"20%, 20%,20%, 15%,15%, 5%, 5%","تم السداد 885,800.00","تم السداد 885,800.00","تم السداد 885,800.00","تم السداد 664,350.00","تم السداد 664,350.00",غير مستحقة,غير مستحقة,0,3986100,البنك الأهلي المصري,11/01/2025,0.766,OKC0512,14-Jan-25
عبدالرحمن عبدالله عادل منصور,7616559215,613,OKC-000513,4206000,0.7193,"20%, 20%,20%, 15%,15%, 5%, 5%","تم السداد 841,200.00","تم السداد 841,200.00","تم السداد 841,200.00","تم السداد 630,900.00","تم السداد 630,900.00",غير مستحقة,غير مستحقة,0,3785400,البنك الأهلي المصري,07/02/2025,0.7193,OKC0513,15-Jan-25
مصطفى صلاح فتحي رمضان,3080084235,614,OKC-000514,6152000,0.6946,"20%, 20%,20%, 15%,15%, 5%, 5%","تم السداد 1,230,400.00","تم السداد 1,230,400.00","تم السداد 1,230,400.00","تم السداد 922,800.00","تم السداد 922,800.00",غير مستحقة,غير مستحقة,0,5536800,البنك الأهلي المصري,24/01/2025,0.6946,OKC0514,30-Jan-25
عبير يوسف سمير حسن,3271631032,615,OKC-000515,4000000,0.714,"20%, 20%,20%, 15%,15%, 5%, 5%","تم السداد 800,000.00","تم السداد 800,000.00","تم السداد 800,000.00","تم السداد 600,000.00","تم السداد 600,000.00",غير مستحقة,غير مستحقة,0,3600000,البنك الأهلي المصري,31/01/2025,0.714,OKC0515,22-Jan-25
كريم شوقي خالد علي,9219286765,616,OKC-000516,4357000,0.7729,"20%, 20%,20%, 15%,15%, 5%, 5%","تم السداد 871,400.00","تم السداد 871,400.00","تم السداد 871,400.00","تم السداد 653,550.00","تم السداد 653,550.00",غير مستحقة,غير مستحقة,0,3921300,البنك الأهلي المصري,19/02/2025,0.7729,OKC0516,5-Jan-25
حسين مختار محمد الشرقاوي,3867819499,617,OKC-000517,4890000,0.7397,"20%, 20%,20%, 15%,15%, 5%, 5%","تم السداد 978,000.00","تم السداد 978,000.00","تم السداد 978,000.00","تم السداد 733,500.00","تم السداد 733,500.00",غير مستحقة,غير مستحقة,0,4401000,البنك الأهلي المصري,17/02/2025,0.7397,OKC0517,11-Feb-25
ياسين صلاح سعيد محمود,5499170216,618,OKC-000518,5914000,0.7326,"20%, 20%,20%, 15%,15%, 5%, 5%","تم السداد 1,182,800.00","تم السداد 1,182,800.00","تم السداد 1,182,800.00","تم السداد 887,100.00","تم السداد 887,100.00",غير مستحقة,غير مستحقة,0,5322600,البنك الأهلي المصري,02/01/2025,0.7326,OKC0518,31-Jan-25
ماهر رشاد عاطف داود,9903881433,619,OKC-000519,5562000,0.7962,"20%, 20%,20%, 15%,15%, 5%, 5%","تم السداد 1,112,400.00","تم السداد 1,112,400.00","تم السداد 1,112,400.00","تم السداد 834,300.00","تم السداد 834,300.00",غير مستحقة,غير مستحقة,0,5005800,البنك الأهلي المصري,16/01/2025,0.7962,OKC0519,2-Feb-25
سامح سليمان جمال العشري,5403606680,620,OKC-000520,5517000,0.7637,"20%, 20%,20%, 15%,15%, 5%, 5%","تم السداد 1,103,400.00","تم السداد 1,103,400.00","تم السداد 1,103,400.00","تم السداد 827,550.00","تم السداد 827,550.00",غير مستحقة,غير مستحقة,0,4965300,البنك الأهلي المصري,25/02/2025,0.7637,OKC0520,12-Feb-25
كريم حسين صبحي السيد,9038337606,621,OKC-000521,4996000,0.7612,"20%, 20%,20%, 15%,15%, 5%, 5%","تم السداد 999,200.00","تم السداد 999,200.00","تم السداد 999,200.00","تم السداد 749,400.00","تم السداد 749,400.00",غير مستحقة,غير مستحقة,0,4496400,البنك الأهلي المصري,14/02/2025,0.7612,OKC0521,12-Feb-25
محمد حمدي سعيد أمين,2046272043,622,OKC-000522,3852000,0.7522,"20%, 20%,20%, 15%,15%, 5%, 5%","تم السداد 770,400.00","تم السداد 770,400.00","تم السداد 770,400.00","تم السداد 577,800.00","تم السداد 577,800.00",غير مستحقة,غير مستحقة,0,3466800,البنك الأهلي المصري,16/02/2025,0.7522,OKC0522,16-Feb-25
أشرف خالد لطفي الإسكندراني,8564579703,623,OKC-000523,5919000,0.7731,"20%, 20%,20%, 15%,15%, 5%, 5%","تم السداد 1,183,800.00","تم السداد 1,183,800.00","تم السداد 1,183,800.00","تم السداد 887,850.00","تم السداد 887,850.00",غير مستحقة,غير مستحقة,0,5327100,البنك الأهلي المصري,27/02/2025,0.7731,OKC0523,21-Feb-25
بيشوي صلاح سعيد عبدالمقصود,3267101197,624,OKC-000524,4002000,0.7408,"20%, 20%,20%, 15%,15%, 5%, 5%","تم السداد 800,400.00","تم السداد 800,400.00","تم السداد 800,400.00","تم السداد 600,300.00","تم السداد 600,300.00",غير مستحقة,غير مستحقة,0,3601800,البنك الأهلي المصري,18/01/2025,0.7408,OKC0524,9-Feb-25
معتز طارق أحمد الجمل,7159053812,625,OKC-000525,4184000,0.7303,"20%, 20%,20%, 15%,15%, 5%, 5%","تم السداد 836,800.00","تم السداد 836,800.00","تم السداد 836,800.00","تم السداد 627,600.00","تم السداد 627,600.00",غير مستحقة,غير مستحقة,0,3765600,البنك الأهلي المصري,23/02/2025,0.7303,OKC0525,8-Feb-25
طارق حمدي حسين أمين,1289363649,626,OKC-000526,5976000,0.7303,"20%, 20%,20%, 15%,15%, 5%, 5%","تم السداد 1,195,200.00","تم السداد 1,195,200.00","تم السداد 1,195,200.00","تم السداد 896,400.00","تم السداد 896,400.00",غير مستحقة,غير مستحقة,0,5378400,EGBANK - البنك المصري الخليجي,16/10/2024,0.7303,OKC0526,10-Oct-24
ماجد خالد طارق لطفي,5518969412,627,OKC-000527,5645000,0.7732,"20%, 20%,20%, 15%,15%, 5%, 5%","تم السداد 1,129,000.00","تم السداد 1,129,000.00","تم السداد 1,129,000.00","تم السداد 846,750.00","تم السداد 846,750.00",غير مستحقة,غير مستحقة,0,5080500,بنك الإسكندرية,11/11/2024,0.7732,OKC0527,30-Oct-24
مينا حمدي رجب حبيب,4557364386,628,OKC-000528,3919000,0.7776,"20%, 20%,20%, 15%,15%, 5%, 5%","تم السداد 783,800.00","تم السداد 783,800.00","تم السداد 783,800.00","تم السداد 587,850.00","تم السداد 587,850.00",غير مستحقة,غير مستحقة,0,3527100,كريدي أجريكول مصر,17/12/2024,0.7776,OKC0528,26-Nov-24
إبراهيم إسماعيل رجب الزيني,1432997367,629,OKC-000529,5084000,0.822,"20%, 15%, 15%, 20%, 15%, 10%, 5%","تم السداد 1,016,800.00","تم السداد 762,600.00","تم السداد 762,600.00","تم السداد 1,016,800.00","تم السداد 762,600.00",غير مستحقة,غير مستحقة,0,4321400,بنك مصر,04/01/2025,0.822,OKC0529,11-Dec-24
حسام فؤاد فتحي فهمي,9087340942,630,OKC-000530,4304000,0.7994,"20%, 20%,20%, 15%,15%, 5%, 5%","تم السداد 860,800.00","تم السداد 860,800.00","تم السداد 860,800.00","تم السداد 645,600.00","تم السداد 645,600.00",غير مستحقة,غير مستحقة,0,3873600,البنك التجاري الدولي CIB,31/12/2024,0.7994,OKC0530,10-Jan-25
زياد أحمد مصطفى رزق,9105584711,631,OKC-000531,5466000,0.7451,"20%, 20%,20%, 15%,15%, 5%, 5%","تم السداد 1,093,200.00","تم السداد 1,093,200.00","تم السداد 1,093,200.00","تم السداد 819,900.00","تم السداد 819,900.00",غير مستحقة,غير مستحقة,0,4919400,البنك التجاري الدولي CIB,20/01/2025,0.7451,OKC0531,17-Jan-25
هاني سيد صبري سليمان,7695888573,632,OKC-000532,5609000,0.7018,"20%, 20%,20%, 15%,15%, 5%, 5%","تم السداد 1,121,800.00","تم السداد 1,121,800.00","تم السداد 1,121,800.00","تم السداد 841,350.00","تم السداد 841,350.00",غير مستحقة,غير مستحقة,0,5048100,البنك التجاري الدولي CIB,09/02/2025,0.7018,OKC0532,18-Dec-24
هشام جابر حسين إبراهيم,2652170025,633,OKC-000533,5341000,0.7536,"20%, 20%,20%, 15%,15%, 5%, 5%","تم السداد 1,068,200.00","تم السداد 1,068,200.00","تم السداد 1,068,200.00","تم السداد 801,150.00","تم السداد 801,150.00",غير مستحقة,غير مستحقة,0,4806900,البنك التجاري الدولي CIB,27/01/2025,0.7536,OKC0533,12-Jan-25
كريم جابر لطفي عبدالحليم,5108900457,634,OKC-000534,7273000,0.6849,"20%, 20%,20%, 15%,15%, 5%, 5%","تم السداد 1,454,600.00","تم السداد 1,454,600.00","تم السداد 1,454,600.00","تم السداد 1,090,950.00","تم السداد 1,090,950.00",غير مستحقة,غير مستحقة,0,6545700,البنك التجاري الدولي CIB,09/01/2025,0.6849,OKC0534,16-Feb-25
باسم عبدالرحمن سليمان الطنطاوي,1278971027,635,OKC-000535,5503000,0.7551,"20%, 20%,20%, 15%,15%, 5%, 5%","تم السداد 1,100,600.00","تم السداد 1,100,600.00","تم السداد 1,100,600.00","تم السداد 825,450.00","تم السداد 825,450.00",غير مستحقة,غير مستحقة,0,4952700,البنك التجاري الدولي CIB,21/02/2025,0.7551,OKC0535,17-Feb-25
مينا جابر عبدالله النجار,4778435112,636,OKC-000536,5189000,0.7044,"20%, 20%,20%, 15%,15%, 5%, 5%","تم السداد 1,037,800.00","تم السداد 1,037,800.00","تم السداد 1,037,800.00","تم السداد 778,350.00","تم السداد 778,350.00",غير مستحقة,غير مستحقة,0,4670100,البنك التجاري الدولي CIB,05/03/2025,0.7044,OKC0536,6-Feb-25
حسام صبري عادل عبدالمجيد,8920718926,637,OKC-000537,5245000,0.7055,"20%, 20%,20%, 15%,15%, 5%, 5%","تم السداد 1,049,000.00","تم السداد 1,049,000.00","تم السداد 1,049,000.00","تم السداد 786,750.00","تم السداد 786,750.00",غير مستحقة,غير مستحقة,0,4720500,البنك التجاري الدولي CIB,17/02/2025,0.7055,OKC0537,11-Feb-25
رامي حسين يوسف صلاح,3594229181,638,OKC-000538,5110000,0.8042,"20%, 20%,20%, 15%,15%, 5%, 5%","تم السداد 1,022,000.00","تم السداد 1,022,000.00","تم السداد 1,022,000.00","تم السداد 766,500.00","تم السداد 766,500.00",غير مستحقة,غير مستحقة,0,4599000,البنك التجاري الدولي CIB,07/02/2025,0.8042,OKC0538,31-Jan-25
فادي مصطفى طارق البدري,6619201877,639,OKC-000539,6739000,0.7929,"20%, 20%,20%, 15%,15%, 5%, 5%","تم السداد 1,347,800.00","تم السداد 1,347,800.00","تم السداد 1,347,800.00","تم السداد 1,010,850.00","تم السداد 1,010,850.00",غير مستحقة,غير مستحقة,0,6065100,البنك التجاري الدولي CIB,17/02/2025,0.7929,OKC0539,21-Jan-25
باسم مصطفى حمدي عبداللطيف,8308050989,640,OKC-000540,6470000,0.7017,"20%, 20%,20%, 15%,15%, 5%, 5%","تم السداد 1,294,000.00","تم السداد 1,294,000.00","تم السداد 1,294,000.00","تم السداد 970,500.00","تم السداد 970,500.00",غير مستحقة,غير مستحقة,0,5823000,البنك التجاري الدولي CIB,28/02/2025,0.7017,OKC0540,18-Feb-25
عبدالرحمن مجدي رجب النحاس,3411223937,641,OKC-000541,6769000,0.7019,"20%, 20%,20%, 15%,15%, 5%, 5%","تم السداد 1,353,800.00","تم السداد 1,353,800.00","تم السداد 1,353,800.00","تم السداد 1,015,350.00","تم السداد 1,015,350.00",غير مستحقة,غير مستحقة,0,6092100,البنك التجاري الدولي CIB,18/02/2025,0.7019,OKC0541,20-Mar-25
أحمد حمدي سيد أمين,5820608379,642,OKC-000542,6609000,0.7275,"20%, 20%,20%, 15%,15%, 5%, 5%","تم السداد 1,321,800.00","تم السداد 1,321,800.00","تم السداد 1,321,800.00","تم السداد 991,350.00","تم السداد 991,350.00",غير مستحقة,غير مستحقة,0,5948100,كريدي أجريكول مصر,01/04/2025,0.7275,OKC0542,16-Mar-25
ماهر كمال حسين الشرقاوي,9445761392,643,OKC-000543,5262000,0.7215,"20%, 20%,20%, 15%,15%, 5%, 5%","تم السداد 1,052,400.00","تم السداد 1,052,400.00","تم السداد 1,052,400.00","تم السداد 789,300.00","تم السداد 789,300.00",غير مستحقة,غير مستحقة,0,4735800,البنك التجاري الدولي CIB,12/04/2025,0.7215,OKC0543,17-May-25
علاء إسماعيل مصطفى إبراهيم,1286808794,644,OKC-000544,6829000,0.7429,"20%, 20%,20%, 15%,15%, 5%, 5%","تم السداد 1,365,800.00","تم السداد 1,365,800.00","تم السداد 1,365,800.00","تم السداد 1,024,350.00","تم السداد 1,024,350.00",غير مستحقة,غير مستحقة,0,6146100,بنك القاهرة,04/05/2025,0.7429,OKC0544,31-May-25
محمود حسن فتحي السمان,3434629037,645,OKC-000545,4990000,0.7353,"20%, 20%,20%, 15%,15%, 5%, 5%","تم السداد 998,000.00","تم السداد 998,000.00","تم السداد 998,000.00","تم السداد 748,500.00","تم السداد 748,500.00",غير مستحقة,غير مستحقة,0,4491000,EGBANK - البنك المصري الخليجي,06/05/2025,0.7353,OKC0545,1-Jun-25
مصطفى مجدي صبري البدري,7858528762,646,OKC-000546,5272000,0.7582,"20%, 20%,20%, 15%,15%, 5%, 5%","تم السداد 1,054,400.00","تم السداد 1,054,400.00","تم السداد 1,054,400.00","تم السداد 790,800.00","790,800.00",غير مستحقة,غير مستحقة,790800,3954000,البنك التجاري الدولي CIB,03/11/2024,0.7582,OKC0546,10-Oct-24
شادي كمال عبدالرحمن مصطفى,5654938896,647,OKC-000547,4385000,0.756,"20%, 20%,20%, 15%,15%, 5%, 5%","تم السداد 877,000.00","تم السداد 877,000.00","تم السداد 877,000.00","تم السداد 657,750.00","657,750.00",غير مستحقة,غير مستحقة,657750,3288750,EGBANK - البنك المصري الخليجي,17/11/2024,0.756,OKC0547,15-Oct-24
وليد نبيل شوقي الوكيل,8620420495,648,OKC-000548,4717000,0.7386,"20%, 20%,20%, 15%,15%, 5%, 5%","تم السداد 943,400.00","تم السداد 943,400.00","تم السداد 943,400.00","تم السداد 707,550.00","707,550.00",غير مستحقة,غير مستحقة,707550,3537750,البنك الأهلي المصري,28/11/2024,0.7386,OKC0548,29-Oct-24
علي عبدالرحمن لطفي البنا,8465491665,649,OKC-000549,5379000,0.7375,"20%, 20%,20%, 15%,15%, 5%, 5%","تم السداد 1,075,800.00","تم السداد 1,075,800.00","تم السداد 1,075,800.00","تم السداد 806,850.00","806,850.00",غير مستحقة,غير مستحقة,806850,4034250,البنك الأهلي المصري,11/11/2024,0.7375,OKC0549,24-Oct-24
حسين نبيل أحمد الشرقاوي,3970336002,650,OKC-000550,5459000,0.7533,"20%, 20%,20%, 15%,15%, 5%, 5%","تم السداد 1,091,800.00","تم السداد 1,091,800.00","تم السداد 1,091,800.00","818,850.00","818,850.00",غير مستحقة,غير مستحقة,1637700,3275400,QNB مصر,19/10/2024,0.7533,OKC0550,15-Nov-24
عبدالله إبراهيم كمال البدري,4446861124,651,OKC-000551,4990000,0.8107,"20%, 20%,20%, 15%,15%, 5%, 5%","تم السداد 998,000.00","تم السداد 998,000.00","تم السداد 998,000.00","تم السداد 748,500.00","748,500.00",غير مستحقة,غير مستحقة,748500,3742500,البنك الأهلي المصري,31/10/2024,0.8107,OKC0551,26-Nov-24
محمد مختار أحمد حسين,3742785943,652,OKC-000552,4646000,0.7581,"20%, 20%,20%, 15%,15%, 5%, 5%","تم السداد 929,200.00","تم السداد 929,200.00","تم السداد 929,200.00","تم السداد 696,900.00","696,900.00",غير مستحقة,غير مستحقة,696900,3484500,البنك التجاري الدولي CIB,24/11/2024,0.7581,OKC0552,27-Nov-24
حسين عصام مختار فهمي,6549020061,653,OKC-000553,6637000,0.815,"20%, 20%,20%, 15%,15%, 5%, 5%","تم السداد 1,327,400.00","تم السداد 1,327,400.00","تم السداد 1,327,400.00","تم السداد 995,550.00","995,550.00",غير مستحقة,غير مستحقة,995550,4977750,البنك الأهلي المصري,24/11/2024,0.815,OKC0553,29-Oct-24
ماهر مختار حسن محمود,7784616249,654,OKC-000554,4273000,0.7431,"20%, 20%,20%, 15%,15%, 5%, 5%","تم السداد 854,600.00","تم السداد 854,600.00","تم السداد 854,600.00","تم السداد 640,950.00","640,950.00",غير مستحقة,غير مستحقة,640950,3204750,البنك الأهلي المصري,28/11/2024,0.7431,OKC0554,21-Nov-24
مروان حسين فاروق الشربيني,1417695564,655,OKC-000555,5777000,0.8232,"20%, 20%,20%, 15%,15%, 5%, 5%","تم السداد 1,155,400.00","تم السداد 1,155,400.00","تم السداد 1,155,400.00","تم السداد 866,550.00","866,550.00",غير مستحقة,غير مستحقة,866550,4332750,البنك الأهلي المصري,23/10/2024,0.8232,OKC0555,28-Nov-24
عادل عصام يوسف لطفي,5030276324,656,OKC-000556,4408000,0.7475,"20%, 20%,20%, 15%,15%, 5%, 5%","تم السداد 881,600.00","تم السداد 881,600.00","تم السداد 881,600.00","تم السداد 661,200.00","661,200.00",غير مستحقة,غير مستحقة,661200,3306000,البنك الأهلي المصري,06/11/2024,0.7475,OKC0556,21-Nov-24
علي سيد محمد البحيري,4029925877,657,OKC-000557,4432000,0.7481,"20%, 20%,20%, 15%,15%, 5%, 5%","تم السداد 886,400.00","تم السداد 886,400.00","تم السداد 886,400.00","664,800.00","664,800.00",غير مستحقة,غير مستحقة,1329600,2659200,EGBANK - البنك المصري الخليجي,25/11/2024,0.7481,OKC0557,7-Nov-24
ماجد محمد لطفي البحيري,1646736696,658,OKC-000558,5327000,0.8315,"20%, 20%,20%, 15%,15%, 5%, 5%","تم السداد 1,065,400.00","تم السداد 1,065,400.00","تم السداد 1,065,400.00","799,050.00","799,050.00",غير مستحقة,غير مستحقة,1598100,3196200,QNB مصر,14/11/2024,0.8315,OKC0558,22-Dec-24
مجدي خالد جابر السمان,7593678838,659,OKC-000559,6785000,0.8128,"20%, 15%, 15%, 20%, 15%, 10%, 5%","تم السداد 1,357,000.00","تم السداد 1,017,750.00","تم السداد 1,017,750.00","تم السداد 1,357,000.00","1,017,750.00",غير مستحقة,غير مستحقة,1017750,4749500,كاش,01/01/2025,0.8128,OKC0559,7-Dec-24
شادي أحمد محمد عبدالحليم,3839436946,660,OKC-000560,4813000,0.7728,"20%, 20%,20%, 15%,15%, 5%, 5%","تم السداد 962,600.00","تم السداد 962,600.00","تم السداد 962,600.00","تم السداد 721,950.00","721,950.00",غير مستحقة,غير مستحقة,721950,3609750,البنك العربي الأفريقي الدولي,13/12/2024,0.7728,OKC0560,5-Dec-24
خالد علي طارق المصري,5832584270,661,OKC-000561,5531000,0.7683,"20%, 20%,20%, 15%,15%, 5%, 5%","تم السداد 1,106,200.00","تم السداد 1,106,200.00","تم السداد 1,106,200.00","تم السداد 829,650.00","829,650.00",غير مستحقة,غير مستحقة,829650,4148250,البنك التجاري الدولي CIB,14/02/2025,0.7683,OKC0561,29-Dec-24
هاني صلاح عبدالرحمن عبدالحليم,4142276456,662,OKC-000562,5502000,0.7678,"20%, 20%,20%, 15%,15%, 5%, 5%","تم السداد 1,100,400.00","تم السداد 1,100,400.00","تم السداد 1,100,400.00","تم السداد 825,300.00","825,300.00",غير مستحقة,غير مستحقة,825300,4126500,بنك القاهرة,08/03/2025,0.7678,OKC0562,13-Feb-25
إسلام رمضان فتحي سليمان,7121955008,663,OKC-000563,5602000,0.7872,"20%, 20%,20%, 15%,15%, 5%, 5%","تم السداد 1,120,400.00","تم السداد 1,120,400.00","تم السداد 1,120,400.00","تم السداد 840,300.00","840,300.00",غير مستحقة,غير مستحقة,840300,4201500,البنك التجاري الدولي CIB,19/02/2025,0.7872,OKC0563,22-Jan-25
علي مختار فتحي شحاتة,1359242861,664,OKC-000564,5686000,0.7692,"20%, 20%,20%, 15%,15%, 5%, 5%","تم السداد 1,137,200.00","تم السداد 1,137,200.00","تم السداد 1,137,200.00","تم السداد 852,900.00","852,900.00",غير مستحقة,غير مستحقة,852900,4264500,البنك العربي الأفريقي الدولي,22/05/2025,0.7692,OKC0564,28-Apr-25
إسلام صبحي إبراهيم الشربيني,9542525055,665,OKC-000565,7612000,0.8288,"20%, 15%, 15%, 20%, 15%, 10%, 5%","تم السداد 1,522,400.00","تم السداد 1,141,800.00","تم السداد 1,141,800.00","تم السداد 1,522,400.00","1,141,800.00",غير مستحقة,غير مستحقة,1141800,5328400,كاش,09/08/2025,0.8288,OKC0565,6-Jul-25
عبدالله حسين سمير صبري,5216931478,666,OKC-000566,5374000,0.5711,"20%, 20%,20%, 15%,15%, 5%, 5%","تم السداد 1,074,800.00","تم السداد 1,074,800.00","1,074,800.00",غير مستحقة,غير مستحقة,غير مستحقة,غير مستحقة,1074800,2149600,البنك التجاري الدولي CIB,15/10/2024,0.5711,OKC0566,25-Oct-24
بسمة كمال محمد علي,2061050541,667,OKC-000567,6145000,0.7597,"20%, 15%, 15%, 20%, 15%, 10%, 5%","تم السداد 1,229,000.00","تم السداد 921,750.00","تم السداد 921,750.00","1,229,000.00",غير مستحقة,غير مستحقة,غير مستحقة,1229000,3072500,كاش,01/11/2024,0.7597,OKC0567,17-Oct-24
رامي صبحي صبري عبدالسلام,3274009113,668,OKC-000568,4715000,0.6176,"20%, 20%,20%, 15%,15%, 5%, 5%","تم السداد 943,000.00","تم السداد 943,000.00","تم السداد 943,000.00","707,250.00",غير مستحقة,غير مستحقة,غير مستحقة,707250,2829000,البنك الأهلي المصري,29/10/2024,0.6176,OKC0568,20-Nov-24
شادي صبري مختار مراد,6114464224,669,OKC-000569,5096000,0.741,"20%, 15%, 15%, 20%, 15%, 10%, 5%","تم السداد 1,019,200.00","تم السداد 764,400.00","تم السداد 764,400.00","1,019,200.00",غير مستحقة,غير مستحقة,غير مستحقة,1019200,2548000,كاش,13/11/2024,0.741,OKC0569,8-Nov-24
حسام عبدالله نبيل عبدالمقصود,7165484285,670,OKC-000570,6963000,0.7119,"20%, 15%, 15%, 20%, 15%, 10%, 5%","تم السداد 1,392,600.00","تم السداد 1,044,450.00","تم السداد 1,044,450.00","1,392,600.00",غير مستحقة,غير مستحقة,غير مستحقة,1392600,3481500,كاش,02/11/2024,0.7119,OKC0570,21-Oct-24
ماجد طارق عادل محمود,6514448871,671,OKC-000571,5630000,0.5736,"20%, 15%, 15%, 20%, 15%, 10%, 5%","تم السداد 1,126,000.00","تم السداد 844,500.00","تم السداد 844,500.00","1,126,000.00",غير مستحقة,غير مستحقة,غير مستحقة,1126000,2815000,كاش,20/10/2024,0.5736,OKC0571,21-Nov-24
ماهر جمال حمدي منصور,8730110245,672,OKC-000572,5505000,0.6647,"20%, 20%,20%, 15%,15%, 5%, 5%","تم السداد 1,101,000.00","تم السداد 1,101,000.00","تم السداد 1,101,000.00","825,750.00",غير مستحقة,غير مستحقة,غير مستحقة,825750,3303000,كريدي أجريكول مصر,04/11/2024,0.6647,OKC0572,22-Nov-24
مينا سعيد عادل السعدني,9519078939,673,OKC-000573,3950000,0.6406,"20%, 15%, 15%, 20%, 15%, 10%, 5%","تم السداد 790,000.00","تم السداد 592,500.00","تم السداد 592,500.00","790,000.00",غير مستحقة,غير مستحقة,غير مستحقة,790000,1975000,بنك مصر,27/11/2024,0.6406,OKC0573,12-Dec-24
عمر محمود طارق الزيات,1458096259,674,OKC-000574,3933000,0.6597,"20%, 20%,20%, 15%,15%, 5%, 5%","تم السداد 786,600.00","تم السداد 786,600.00","تم السداد 786,600.00","589,950.00",غير مستحقة,غير مستحقة,غير مستحقة,589950,2359800,EGBANK - البنك المصري الخليجي,12/12/2024,0.6597,OKC0574,7-Jan-25
مروان علي عبدالله القناوي,9170572014,675,OKC-000575,6698000,0.7472,"20%, 15%, 15%, 20%, 15%, 10%, 5%","تم السداد 1,339,600.00","تم السداد 1,004,700.00","تم السداد 1,004,700.00","1,339,600.00",غير مستحقة,غير مستحقة,غير مستحقة,1339600,3349000,بنك مصر,28/11/2024,0.7472,OKC0575,27-Dec-24
علي مصطفى فاروق الشافعي,5184242356,676,OKC-000576,5170000,0.5914,"20%, 20%,20%, 15%,15%, 5%, 5%","تم السداد 1,034,000.00","تم السداد 1,034,000.00","تم السداد 1,034,000.00","775,500.00",غير مستحقة,غير مستحقة,غير مستحقة,775500,3102000,كريدي أجريكول مصر,06/12/2024,0.5914,OKC0576,31-Dec-24
جورج صلاح مجدي سالم,1367477714,677,OKC-000577,3978000,0.6286,"20%, 20%,20%, 15%,15%, 5%, 5%","تم السداد 795,600.00","تم السداد 795,600.00","تم السداد 795,600.00","596,700.00",غير مستحقة,غير مستحقة,غير مستحقة,596700,2386800,البنك التجاري الدولي CIB,18/12/2024,0.6286,OKC0577,19-Jan-25
سامي سيد صبحي رمضان,8922045651,678,OKC-000578,5597000,0.6379,"20%, 20%,20%, 15%,15%, 5%, 5%","تم السداد 1,119,400.00","تم السداد 1,119,400.00","تم السداد 1,119,400.00","839,550.00",غير مستحقة,غير مستحقة,غير مستحقة,839550,3358200,البنك الأهلي المصري,14/12/2024,0.6379,OKC0578,27-Dec-24
رامي كمال عصام عبدالعال,5627511916,679,OKC-000579,4577000,0.6383,"20%, 20%,20%, 15%,15%, 5%, 5%","تم السداد 915,400.00","تم السداد 915,400.00","915,400.00","686,550.00",غير مستحقة,غير مستحقة,غير مستحقة,1601950,1830800,البنك التجاري الدولي CIB,22/12/2024,0.6383,OKC0579,23-Dec-24
شريف شوقي رجب عبداللطيف,1132035086,680,OKC-000580,6336000,0.6597,"20%, 20%,20%, 15%,15%, 5%, 5%","تم السداد 1,267,200.00","تم السداد 1,267,200.00","تم السداد 1,267,200.00","950,400.00",غير مستحقة,غير مستحقة,غير مستحقة,950400,3801600,البنك التجاري الدولي CIB,03/01/2025,0.6597,OKC0580,26-Dec-24
علاء فتحي سعيد عبدالحميد,3764041838,681,OKC-000581,4635000,0.6114,"20%, 20%,20%, 15%,15%, 5%, 5%","تم السداد 927,000.00","تم السداد 927,000.00","تم السداد 927,000.00","695,250.00",غير مستحقة,غير مستحقة,غير مستحقة,695250,2781000,البنك الأهلي المصري,10/01/2025,0.6114,OKC0581,3-Feb-25
رانيا سيد رمضان إبراهيم,4214317249,682,OKC-000582,6035000,0.5962,"20%, 20%,20%, 15%,15%, 5%, 5%","تم السداد 1,207,000.00","تم السداد 1,207,000.00","تم السداد 1,207,000.00","905,250.00",غير مستحقة,غير مستحقة,غير مستحقة,905250,3621000,EGBANK - البنك المصري الخليجي,10/02/2025,0.5962,OKC0582,26-Jan-25
إبراهيم فتحي مجدي علي,5529256326,683,OKC-000583,5430000,0.6761,"20%, 20%,20%, 15%,15%, 5%, 5%","تم السداد 1,086,000.00","تم السداد 1,086,000.00","تم السداد 1,086,000.00","814,500.00",غير مستحقة,غير مستحقة,غير مستحقة,814500,3258000,كريدي أجريكول مصر,02/01/2025,0.6761,OKC0583,5-Feb-25
محمود أحمد رمضان المرسي,7625199184,684,OKC-000584,5473000,0.7131,"20%, 15%, 15%, 20%, 15%, 10%, 5%","تم السداد 1,094,600.00","تم السداد 820,950.00","820,950.00","1,094,600.00",غير مستحقة,غير مستحقة,غير مستحقة,1915550,1915550,كاش,13/01/2025,0.7131,OKC0584,29-Jan-25
معتز فتحي رمضان داود,7920895229,685,OKC-000585,4040000,0.6517,"20%, 20%,20%, 15%,15%, 5%, 5%","تم السداد 808,000.00","تم السداد 808,000.00","تم السداد 808,000.00","606,000.00",غير مستحقة,غير مستحقة,غير مستحقة,606000,2424000,البنك التجاري الدولي CIB,27/01/2025,0.6517,OKC0585,9-Jan-25
يوسف جابر رجب فوزي,1571231981,686,OKC-000586,5675000,0.708,"20%, 15%, 15%, 20%, 15%, 10%, 5%","تم السداد 1,135,000.00","تم السداد 851,250.00","851,250.00","1,135,000.00",غير مستحقة,غير مستحقة,غير مستحقة,1986250,1986250,كاش,11/02/2025,0.708,OKC0586,30-Jan-25
نادر سمير حسن جابر,5647526853,687,OKC-000587,5459000,0.744,"20%, 15%, 15%, 20%, 15%, 10%, 5%","تم السداد 1,091,800.00","تم السداد 818,850.00","تم السداد 818,850.00","1,091,800.00",غير مستحقة,غير مستحقة,غير مستحقة,1091800,2729500,بنك مصر,22/02/2025,0.744,OKC0587,6-Feb-25
ميرنا مجدي علي رمضان,8244723769,688,OKC-000588,7359000,0.613,"20%, 15%, 15%, 20%, 15%, 10%, 5%","تم السداد 1,471,800.00","تم السداد 1,103,850.00","تم السداد 1,103,850.00","1,471,800.00",غير مستحقة,غير مستحقة,غير مستحقة,1471800,3679500,كاش,18/02/2025,0.613,OKC0588,29-Jan-25
معتز حسين مختار حسن,4705632376,689,OKC-000589,4307000,0.6019,"20%, 20%,20%, 15%,15%, 5%, 5%","تم السداد 861,400.00","تم السداد 861,400.00","تم السداد 861,400.00","646,050.00",غير مستحقة,غير مستحقة,غير مستحقة,646050,2584200,البنك الأهلي المصري,04/02/2025,0.6019,OKC0589,6-Feb-25
ياسمين مصطفى فؤاد عوض,9309660799,690,OKC-000590,5034000,0.658,"20%, 15%, 15%, 20%, 15%, 10%, 5%","تم السداد 1,006,800.00","تم السداد 755,100.00","تم السداد 755,100.00","1,006,800.00",غير مستحقة,غير مستحقة,غير مستحقة,1006800,2517000,كاش,13/03/2025,0.658,OKC0590,16-Feb-25
وليد طارق جمال عبدالعال,6106292626,691,OKC-000591,5432000,0.7477,"20%, 15%, 15%, 20%, 15%, 10%, 5%","تم السداد 1,086,400.00","تم السداد 814,800.00","تم السداد 814,800.00","1,086,400.00",غير مستحقة,غير مستحقة,غير مستحقة,1086400,2716000,بنك مصر,20/02/2025,0.7477,OKC0591,15-Feb-25
كريم مختار حمدي الشرقاوي,5263146401,692,OKC-000592,6286000,0.6426,"20%, 15%, 15%, 20%, 15%, 10%, 5%","تم السداد 1,257,200.00","تم السداد 942,900.00","تم السداد 942,900.00","1,257,200.00",غير مستحقة,غير مستحقة,غير مستحقة,1257200,3143000,بنك مصر,05/02/2025,0.6426,OKC0592,7-Mar-25
إسراء يوسف سليمان الزيات,7073644027,693,OKC-000593,5961000,0.56,"20%, 15%, 15%, 20%, 15%, 10%, 5%","تم السداد 1,192,200.00","تم السداد 894,150.00","تم السداد 894,150.00","1,192,200.00",غير مستحقة,غير مستحقة,غير مستحقة,1192200,2980500,كاش,20/03/2025,0.56,OKC0593,15-Mar-25
حنان سليمان مختار عبدالفتاح,1833671840,694,OKC-000594,4952000,0.7242,"20%, 15%, 15%, 20%, 15%, 10%, 5%","تم السداد 990,400.00","تم السداد 742,800.00","تم السداد 742,800.00","990,400.00",غير مستحقة,غير مستحقة,غير مستحقة,990400,2476000,كاش,26/03/2025,0.7242,OKC0594,17-Mar-25
كريم فتحي حمدي علي,1160862992,695,OKC-000595,7094000,0.7486,"20%, 15%, 15%, 20%, 15%, 10%, 5%","تم السداد 1,418,800.00","تم السداد 1,064,100.00","1,064,100.00","1,418,800.00",غير مستحقة,غير مستحقة,غير مستحقة,2482900,2482900,كاش,20/03/2025,0.7486,OKC0595,3-Mar-25
مصطفى مجدي شوقي الطنطاوي,3284150795,696,OKC-000596,6245000,0.6627,"20%, 20%,20%, 15%,15%, 5%, 5%","تم السداد 1,249,000.00","تم السداد 1,249,000.00","تم السداد 1,249,000.00","936,750.00",غير مستحقة,غير مستحقة,غير مستحقة,936750,3747000,البنك التجاري الدولي CIB,13/02/2025,0.6627,OKC0596,20-Mar-25
حسن حمدي صلاح داود,9403036828,697,OKC-000597,7164000,0.5631,"20%, 15%, 15%, 20%, 15%, 10%, 5%","تم السداد 1,432,800.00","تم السداد 1,074,600.00","تم السداد 1,074,600.00","1,432,800.00",غير مستحقة,غير مستحقة,غير مستحقة,1432800,3582000,كاش,19/02/2025,0.5631,OKC0597,16-Mar-25
خالد طارق يوسف عبدالحليم,8125952487,698,OKC-000598,7052000,0.624,"20%, 15%, 15%, 20%, 15%, 10%, 5%","تم السداد 1,410,400.00","تم السداد 1,057,800.00","تم السداد 1,057,800.00","1,410,400.00",غير مستحقة,غير مستحقة,غير مستحقة,1410400,3526000,كاش,21/02/2025,0.624,OKC0598,20-Mar-25
جورج رجب رشاد مصطفى,9072111892,699,OKC-000599,7171000,0.6603,"20%, 15%, 15%, 20%, 15%, 10%, 5%","تم السداد 1,434,200.00","تم السداد 1,075,650.00","تم السداد 1,075,650.00","1,434,200.00",غير مستحقة,غير مستحقة,غير مستحقة,1434200,3585500,بنك مصر,18/02/2025,0.6603,OKC0599,10-Mar-25
ماهر سعيد مجدي شحاتة,1780505543,700,OKC-000600,5686000,0.6566,"20%, 15%, 15%, 20%, 15%, 10%, 5%","تم السداد 1,137,200.00","تم السداد 852,900.00","تم السداد 852,900.00","1,137,200.00",غير مستحقة,غير مستحقة,غير مستحقة,1137200,2843000,بنك مصر,06/04/2025,0.6566,OKC0600,21-Mar-25
كريم شوقي صبحي النجار,7143747232,701,OKC-000601,6740000,0.6874,"20%, 15%, 15%, 20%, 15%, 10%, 5%","تم السداد 1,348,000.00","تم السداد 1,011,000.00","1,011,000.00","1,348,000.00",غير مستحقة,غير مستحقة,غير مستحقة,2359000,2359000,كاش,09/04/2025,0.6874,OKC0601,12-Mar-25
إيمان عادل مصطفى جابر,4849355265,702,OKC-000602,5874000,0.6245,"20%, 15%, 15%, 20%, 15%, 10%, 5%","تم السداد 1,174,800.00","تم السداد 881,100.00","تم السداد 881,100.00","1,174,800.00",غير مستحقة,غير مستحقة,غير مستحقة,1174800,2937000,كاش,26/02/2025,0.6245,OKC0602,4-Mar-25
إيمان صبحي عبدالله شاكر,9049213118,703,OKC-000603,7120000,0.6026,"20%, 15%, 15%, 20%, 15%, 10%, 5%","1,424,000.00","1,068,000.00","1,068,000.00","1,424,000.00",غير مستحقة,غير مستحقة,غير مستحقة,4984000,0,كاش,20/02/2025,0.6026,OKC0603,11-Mar-25
أميرة جمال حسن جابر,6639522344,704,OKC-000604,7684000,0.6092,"20%, 15%, 15%, 20%, 15%, 10%, 5%","تم السداد 1,536,800.00","تم السداد 1,152,600.00","تم السداد 1,152,600.00","1,536,800.00",غير مستحقة,غير مستحقة,غير مستحقة,1536800,3842000,كاش,12/03/2025,0.6092,OKC0604,5-Mar-25
كريم كمال مختار محمود,6294243048,705,OKC-000605,6792000,0.6595,"20%, 15%, 15%, 20%, 15%, 10%, 5%","تم السداد 1,358,400.00","تم السداد 1,018,800.00","تم السداد 1,018,800.00","1,358,400.00",غير مستحقة,غير مستحقة,غير مستحقة,1358400,3396000,كاش,06/03/2025,0.6595,OKC0605,7-Apr-25
نيرمين صلاح صبري حبيب,6805170506,706,OKC-000606,6192000,0.6244,"20%, 15%, 15%, 20%, 15%, 10%, 5%","تم السداد 1,238,400.00","تم السداد 928,800.00","تم السداد 928,800.00","1,238,400.00",غير مستحقة,غير مستحقة,غير مستحقة,1238400,3096000,كاش,25/03/2025,0.6244,OKC0606,5-Mar-25
ياسين صبري صلاح الجندي,9295483438,707,OKC-000607,6370000,0.6056,"20%, 15%, 15%, 20%, 15%, 10%, 5%","تم السداد 1,274,000.00","تم السداد 955,500.00","تم السداد 955,500.00","1,274,000.00",غير مستحقة,غير مستحقة,غير مستحقة,1274000,3185000,بنك مصر,31/03/2025,0.6056,OKC0607,7-Mar-25
هشام سيد حسن الشافعي,5018523162,708,OKC-000608,6625000,0.617,"20%, 15%, 15%, 20%, 15%, 10%, 5%","تم السداد 1,325,000.00","تم السداد 993,750.00","تم السداد 993,750.00","1,325,000.00",غير مستحقة,غير مستحقة,غير مستحقة,1325000,3312500,كاش,02/05/2025,0.617,OKC0608,16-Apr-25
أشرف صبحي محمود صادق,7112192673,709,OKC-000609,5924000,0.7088,"20%, 15%, 15%, 20%, 15%, 10%, 5%","تم السداد 1,184,800.00","تم السداد 888,600.00","تم السداد 888,600.00","1,184,800.00",غير مستحقة,غير مستحقة,غير مستحقة,1184800,2962000,EGBANK - البنك المصري الخليجي,09/04/2025,0.7088,OKC0609,26-Apr-25
مصطفى نبيل مجدي سليمان,8238501315,710,OKC-000610,4569000,0.5931,"20%, 15%, 15%, 20%, 15%, 10%, 5%","تم السداد 913,800.00","تم السداد 685,350.00","تم السداد 685,350.00","913,800.00",غير مستحقة,غير مستحقة,غير مستحقة,913800,2284500,بنك القاهرة,07/05/2025,0.5931,OKC0610,2-May-25
فادي عبدالرحمن عصام خليل,5317874259,711,OKC-000611,4671000,0.639,"20%, 15%, 15%, 20%, 15%, 10%, 5%","تم السداد 934,200.00","تم السداد 700,650.00","تم السداد 700,650.00","934,200.00",غير مستحقة,غير مستحقة,غير مستحقة,934200,2335500,بنك مصر,18/04/2025,0.639,OKC0611,30-Apr-25
علاء إبراهيم إسماعيل عبدالعال,5888477296,712,OKC-000612,7211000,0.6284,"20%, 15%, 15%, 20%, 15%, 10%, 5%","تم السداد 1,442,200.00","تم السداد 1,081,650.00","تم السداد 1,081,650.00","1,442,200.00",غير مستحقة,غير مستحقة,غير مستحقة,1442200,3605500,بنك مصر,09/05/2025,0.6284,OKC0612,15-May-25
أشرف عصام محمد فوزي,2833825614,713,OKC-000613,6882000,0.5865,"20%, 15%, 15%, 20%, 15%, 10%, 5%","تم السداد 1,376,400.00","تم السداد 1,032,300.00","تم السداد 1,032,300.00","1,376,400.00",غير مستحقة,غير مستحقة,غير مستحقة,1376400,3441000,البنك التجاري الدولي CIB,15/05/2025,0.5865,OKC0613,30-May-25
ياسين أحمد سمير عبدالسلام,9287464108,714,OKC-000614,6254000,0.6122,"20%, 15%, 15%, 20%, 15%, 10%, 5%","تم السداد 1,250,800.00","تم السداد 938,100.00","تم السداد 938,100.00","1,250,800.00",غير مستحقة,غير مستحقة,غير مستحقة,1250800,3127000,QNB مصر,11/07/2025,0.6122,OKC0614,6-Jul-25
نهال سليمان شوقي عبدالمقصود,9322549099,715,OKC-000615,5296000,0.7305,"20%, 15%, 15%, 20%, 15%, 10%, 5%","تم السداد 1,059,200.00","تم السداد 794,400.00","تم السداد 794,400.00","1,059,200.00",غير مستحقة,غير مستحقة,غير مستحقة,1059200,2648000,QNB مصر,06/07/2025,0.7305,OKC0615,18-Jun-25
يوسف عبدالرحمن صلاح علي,5625292754,716,OKC-000616,6979000,0.6376,"20%, 15%, 15%, 20%, 15%, 10%, 5%","تم السداد 1,395,800.00","تم السداد 1,046,850.00","تم السداد 1,046,850.00","1,395,800.00",غير مستحقة,غير مستحقة,غير مستحقة,1395800,3489500,QNB مصر,20/07/2025,0.6376,OKC0616,11-Jun-25
نادر سمير رمضان عبدالحميد,5790772860,717,OKC-000617,3987000,0.7619,"20%, 15%, 15%, 20%, 15%, 10%, 5%","تم السداد 797,400.00","تم السداد 598,050.00","تم السداد 598,050.00","797,400.00",غير مستحقة,غير مستحقة,غير مستحقة,797400,1993500,بنك مصر,13/07/2025,0.7619,OKC0617,12-Jun-25
شيماء كمال فؤاد يونس,2449166751,718,OKC-000618,5899000,0.5765,"20%, 15%, 15%, 20%, 15%, 10%, 5%","تم السداد 1,179,800.00","تم السداد 884,850.00","تم السداد 884,850.00","1,179,800.00",غير مستحقة,غير مستحقة,غير مستحقة,1179800,2949500,كاش,24/06/2025,0.5765,OKC0618,10-Jul-25
باسم حسين كمال داود,3478791566,719,OKC-000619,5945000,0.681,"20%, 15%, 15%, 20%, 15%, 10%, 5%","تم السداد 1,189,000.00","تم السداد 891,750.00","تم السداد 891,750.00","1,189,000.00",غير مستحقة,غير مستحقة,غير مستحقة,1189000,2972500,QNB مصر,30/06/2025,0.681,OKC0619,27-Jun-25
حسن فاروق نبيل القناوي,7780404497,720,OKC-000620,4592000,0.5849,"20%, 15%, 15%, 20%, 15%, 10%, 5%","تم السداد 918,400.00","تم السداد 688,800.00","688,800.00","918,400.00",غير مستحقة,غير مستحقة,غير مستحقة,1607200,1607200,QNB مصر,09/07/2025,0.5849,OKC0620,12-Jul-25
أحمد نبيل جمال مبارك,1783995675,721,OKC-000621,4998000,0.6782,"20%, 15%, 15%, 20%, 15%, 10%, 5%","تم السداد 999,600.00","تم السداد 749,700.00","749,700.00","999,600.00",غير مستحقة,غير مستحقة,غير مستحقة,1749300,1749300,كاش,09/07/2025,0.6782,OKC0621,31-Jul-25
عمر كمال مختار صبري,4925180786,722,OKC-000622,6478000,0.6947,"20%, 15%, 15%, 20%, 15%, 10%, 5%","تم السداد 1,295,600.00","تم السداد 971,700.00","تم السداد 971,700.00","1,295,600.00",غير مستحقة,غير مستحقة,غير مستحقة,1295600,3239000,QNB مصر,12/09/2025,0.6947,OKC0622,31-Aug-25
جورج حسن سليمان الجندي,8371637784,723,OKC-000623,5114000,0.6762,"20%, 15%, 15%, 20%, 15%, 10%, 5%","تم السداد 1,022,800.00","تم السداد 767,100.00","تم السداد 767,100.00","1,022,800.00",غير مستحقة,غير مستحقة,غير مستحقة,1022800,2557000,بنك مصر,22/08/2025,0.6762,OKC0623,27-Aug-25
نادر فتحي جمال عوض,2032215624,724,OKC-000624,5242000,0.6069,"20%, 15%, 15%, 20%, 15%, 10%, 5%","تم السداد 1,048,400.00","تم السداد 786,300.00","تم السداد 786,300.00","1,048,400.00",غير مستحقة,غير مستحقة,غير مستحقة,1048400,2621000,البنك العربي الأفريقي الدولي,18/08/2025,0.6069,OKC0624,23-Sep-25
عبدالرحمن فاروق عادل عبدالسلام,3709818496,725,OKC-000625,6325000,0.6198,"20%, 15%, 15%, 20%, 15%, 10%, 5%","تم السداد 1,265,000.00","تم السداد 948,750.00","تم السداد 948,750.00","1,265,000.00",غير مستحقة,غير مستحقة,غير مستحقة,1265000,3162500,بنك مصر,31/08/2025,0.6198,OKC0625,8-Sep-25
أدهم عادل فتحي عبدالفتاح,1913200637,726,OKC-000626,4795000,0.605,"20%, 15%, 15%, 20%, 15%, 10%, 5%","تم السداد 959,000.00","تم السداد 719,250.00","تم السداد 719,250.00","959,000.00",غير مستحقة,غير مستحقة,غير مستحقة,959000,2397500,بنك مصر,25/11/2025,0.605,OKC0626,26-Oct-25
يوسف فتحي عادل عوض,3968245684,727,OKC-000627,6700000,0.6546,"20%, 15%, 15%, 20%, 15%, 10%, 5%","تم السداد 1,340,000.00","تم السداد 1,005,000.00","تم السداد 1,005,000.00","1,340,000.00",غير مستحقة,غير مستحقة,غير مستحقة,1340000,3350000,QNB مصر,28/12/2025,0.6546,OKC0627,7-Jan-26
هشام سمير إسماعيل المصري,5900415761,728,OKC-000628,6195000,0.5485,"20%, 15%, 15%, 20%, 15%, 10%, 5%","تم السداد 1,239,000.00","تم السداد 929,250.00","929,250.00",غير مستحقة,غير مستحقة,غير مستحقة,غير مستحقة,929250,2168250,كاش,30/12/2025,0.5485,OKC0628,29-Dec-25
حسام خالد عادل بدوي,7910256273,729,OKC-000629,4009000,0.6002,"20%, 15%, 15%, 20%, 15%, 10%, 5%","تم السداد 801,800.00","تم السداد 601,350.00","تم السداد 601,350.00","801,800.00",غير مستحقة,غير مستحقة,غير مستحقة,801800,2004500,بنك مصر,08/01/2026,0.6002,OKC0629,8-Feb-26
أشرف فتحي مختار حجازي,4449199088,730,OKC-000630,6677000,0.7194,"20%, 15%, 15%, 20%, 15%, 10%, 5%","تم السداد 1,335,400.00","تم السداد 1,001,550.00","تم السداد 1,001,550.00","1,335,400.00",غير مستحقة,غير مستحقة,غير مستحقة,1335400,3338500,بنك مصر,10/02/2026,0.7194,OKC0630,26-Jan-26
عمر فتحي سيد يونس,3749467112,731,OKC-000631,6881000,0.6276,"20%, 15%, 15%, 20%, 15%, 10%, 5%","تم السداد 1,376,200.00","تم السداد 1,032,150.00","تم السداد 1,032,150.00","1,376,200.00",غير مستحقة,غير مستحقة,غير مستحقة,1376200,3440500,QNB مصر,03/03/2026,0.6276,OKC0631,30-Mar-26
علاء شوقي لطفي أمين,9888111796,732,OKC-000632,5844000,0.6448,"20%, 15%, 15%, 20%, 15%, 10%, 5%","تم السداد 1,168,800.00","تم السداد 876,600.00","تم السداد 876,600.00","1,168,800.00",غير مستحقة,غير مستحقة,غير مستحقة,1168800,2922000,بنك مصر,03/05/2026,0.6448,OKC0632,10-May-26
زياد سيد مصطفى حجازي,6793477762,733,OKC-000633,4901000,0.6818,"20%, 15%, 15%, 20%, 15%, 10%, 5%","980,200.00","735,150.00","735,150.00","980,200.00",غير مستحقة,غير مستحقة,غير مستحقة,3430700,0,QNB مصر,20/04/2026,0.6818,OKC0633,23-Apr-26
ماجد طارق يوسف العشري,2266175554,734,OKC-000634,6626000,0.6173,"20%, 15%, 15%, 20%, 15%, 10%, 5%","تم السداد 1,325,200.00","993,900.00","993,900.00","1,325,200.00",غير مستحقة,غير مستحقة,غير مستحقة,3313000,1325200,QNB مصر,04/04/2026,0.6173,OKC0634,14-Apr-26
عبدالله فتحي سعيد البنا,8407458952,735,OKC-000635,4590000,0.5537,"20%, 15%, 15%, 20%, 15%, 10%, 5%","تم السداد 918,000.00","تم السداد 688,500.00","تم السداد 688,500.00","918,000.00",غير مستحقة,غير مستحقة,غير مستحقة,918000,2295000,البنك التجاري الدولي CIB,17/06/2026,0.5537,OKC0635,8-May-26
طارق عاطف سليمان حسن,6879873309,736,OKC-000636,6470000,0.6299,"20%, 15%, 15%, 20%, 15%, 10%, 5%","تم السداد 1,294,000.00","تم السداد 970,500.00","970,500.00","1,294,000.00",غير مستحقة,غير مستحقة,غير مستحقة,2264500,2264500,كاش,02/07/2026,0.6299,OKC0636,30-Jun-26
مروان أحمد عادل حجازي,5810220777,737,OKC-000637,5450000,0.6253,"20%, 15%, 15%, 20%, 15%, 10%, 5%","تم السداد 1,090,000.00","817,500.00","817,500.00","1,090,000.00",غير مستحقة,غير مستحقة,غير مستحقة,2725000,1090000,QNB مصر,06/08/2026,0.6253,OKC0637,18-Jul-26
حازم عبدالرحمن نبيل عبدالحليم,5816421249,738,OKC-000638,4820000,0.5772,"20%, 15%, 15%, 20%, 15%, 10%, 5%","تم السداد 964,000.00","723,000.00","723,000.00","964,000.00",غير مستحقة,غير مستحقة,غير مستحقة,2410000,964000,EGBANK - البنك المصري الخليجي,12/06/2026,0.5772,OKC0638,26-Jul-26
ماهر مختار صبحي الدسوقي,5872301386,739,OKC-000639,7141000,0.7333,"20%, 15%, 15%, 20%, 15%, 10%, 5%","1,428,200.00","1,071,150.00","1,071,150.00","1,428,200.00",غير مستحقة,غير مستحقة,غير مستحقة,4998700,0,بنك التعمير والإسكان,31/07/2026,0.7333,OKC0639,26-Jul-26
دينا مجدي رجب المصري,5421820010,740,OKC-000640,5746000,0.6174,"20%, 15%, 15%, 20%, 15%, 10%, 5%","تم السداد 1,149,200.00","تم السداد 861,900.00","تم السداد 861,900.00","1,149,200.00",غير مستحقة,غير مستحقة,غير مستحقة,1149200,2873000,كاش,02/08/2026,0.6174,OKC0640,3-Aug-26
Summary Total,,,,,,,681062000,603064500,601288850,511055550,96851250,0,0,122807250,2370514900,,,,,
Paid Installments,,,,,,,677229600,597655800,586804400,428058800,80766300,0,0,0,2370514900,,,,,
Remaining Installments,,,,,,,3832400,5408700,14484450,82996750,16084950,0,0,122807250,0,,,,,