اسم العميل,رقم الهوية,رقم الوحدة,كود الوحدة,سعر الوحدة,نسبة الانجاز من الاستشاري الهندسي,جدول الدفعات,الدفعة 1,الدفعة 2,الدفعة3,الدفعة 4,الدفعة 5,الدفعة 6,الدفعة 7,مجموع الدفعات المستحقة,مجموع الدفعات المدفوعة,البنك,تاريخ عقد البيع,POC,رقم عقد البيع,Date
مجدي رمضان فؤاد الرفاعي,7403766008,B1 - A001,Skyline - B1 - A001,3829000,0.9355,"20%, 20%,20%, 15%,15%, 5%, 5%","تم السداد 765,800.00","تم السداد 765,800.00","تم السداد 765,800.00","تم السداد 574,350.00","تم السداد 574,350.00","تم السداد 191,450.00",غير مستحقة,0,3637550,كاش,16-Nov-24,0.9355,SKC0001,23-Nov-24
ماجد سمير إسماعيل الشافعي,2427812462,B1 - B002,Skyline - B1 - B002,3244000,0.9315,"20%, 20%,20%, 15%,15%, 5%, 5%","تم السداد 648,800.00","تم السداد 648,800.00","تم السداد 648,800.00","تم السداد 486,600.00","تم السداد 486,600.00","تم السداد 162,200.00",غير مستحقة,0,3081800,كاش,4-Nov-24,0.9315,SKC0002,9-Nov-24
نيرمين محمد إبراهيم السيد,1576457857,B1 - C003,Skyline - B1 - C003,4284000,0.9149,"20%, 20%,20%, 15%,15%, 5%, 5%","تم السداد 856,800.00","تم السداد 856,800.00","تم السداد 856,800.00","تم السداد 642,600.00","تم السداد 642,600.00","تم السداد 214,200.00",غير مستحقة,0,4069800,كاش,16-Nov-24,0.9149,SKC0003,23-Nov-24
محمد خالد رمضان منصور,7990822490,B1 - A004,Skyline - B1 - A004,4453000,0.9461,"20%, 20%,20%, 15%,15%, 5%, 5%","تم السداد 890,600.00","تم السداد 890,600.00","تم السداد 890,600.00","تم السداد 667,950.00","تم السداد 667,950.00","تم السداد 222,650.00",غير مستحقة,0,4230350,كاش,12-Oct-24,0.9461,SKC0004,14-Oct-24
حسين فؤاد عبدالله لطفي,3243872153,B1 - B005,Skyline - B1 - B005,5363000,0.9243,"20%, 20%,20%, 15%,15%, 5%, 5%","تم السداد 1,072,600.00","تم السداد 1,072,600.00","تم السداد 1,072,600.00","تم السداد 804,450.00","تم السداد 804,450.00","تم السداد 268,150.00",غير مستحقة,0,5094850,كاش,15-Oct-24,0.9243,SKC0005,20-Oct-24
حازم رجب لطفي العطار,4211355512,B1 - C006,Skyline - B1 - C006,3482000,0.9434,"20%, 20%,20%, 15%,15%, 5%, 5%","تم السداد 696,400.00","تم السداد 696,400.00","تم السداد 696,400.00","تم السداد 522,300.00","تم السداد 522,300.00","تم السداد 174,100.00",غير مستحقة,0,3307900,كاش,18-Nov-24,0.9434,SKC0006,20-Nov-24
مينا طارق محمود مراد,2279487261,B1 - A007,Skyline - B1 - A007,3398000,0.9597,"20%, 20%,20%, 15%,15%, 5%, 5%","تم السداد 679,600.00","تم السداد 679,600.00","تم السداد 679,600.00","تم السداد 509,700.00","تم السداد 509,700.00","تم السداد 169,900.00",غير مستحقة,0,3228100,كاش,25-Nov-24,0.9597,SKC0007,26-Nov-24
نهى محمد حسن سليمان,5523731530,B1 - B008,Skyline - B1 - B008,3477000,0.9596,"20%, 20%,20%, 15%,15%, 5%, 5%","تم السداد 695,400.00","تم السداد 695,400.00","تم السداد 695,400.00","تم السداد 521,550.00","تم السداد 521,550.00","تم السداد 173,850.00",غير مستحقة,0,3303150,كاش,1-Dec-24,0.9596,SKC0008,1-Dec-24
شيماء فتحي سعيد الشرقاوي,7555911221,B1 - C009,Skyline - B1 - C009,4128000,0.9292,"20%, 20%,20%, 15%,15%, 5%, 5%","تم السداد 825,600.00","تم السداد 825,600.00","تم السداد 825,600.00","تم السداد 619,200.00","تم السداد 619,200.00","تم السداد 206,400.00",غير مستحقة,0,3921600,كاش,26-Nov-24,0.9292,SKC0009,27-Nov-24
ماهر شوقي صبحي السعدني,2681039540,B1 - A010,Skyline - B1 - A010,5447000,0.9361,"20%, 20%,20%, 15%,15%, 5%, 5%","تم السداد 1,089,400.00","تم السداد 1,089,400.00","تم السداد 1,089,400.00","تم السداد 817,050.00","تم السداد 817,050.00","تم السداد 272,350.00",غير مستحقة,0,5174650,كاش,28-Oct-24,0.9361,SKC0010,1-Nov-24
إسلام رشاد مجدي الدمرداش,9811054273,B1 - B011,Skyline - B1 - B011,6734000,0.9346,"20%, 20%,20%, 15%,15%, 5%, 5%","تم السداد 1,346,800.00","تم السداد 1,346,800.00","تم السداد 1,346,800.00","تم السداد 1,010,100.00","تم السداد 1,010,100.00","تم السداد 336,700.00",غير مستحقة,0,6397300,كاش,16-Nov-24,0.9346,SKC0011,19-Nov-24
ياسين محمود فاروق الشرقاوي,7850034714,B1 - C012,Skyline - B1 - C012,3665000,0.9499,"20%, 20%,20%, 15%,15%, 5%, 5%","تم السداد 733,000.00","تم السداد 733,000.00","تم السداد 733,000.00","تم السداد 549,750.00","تم السداد 549,750.00","تم السداد 183,250.00",غير مستحقة,0,3481750,كاش,25-Oct-24,0.9499,SKC0012,29-Oct-24
حسام عاطف إبراهيم النحاس,7760565014,B1 - A013,Skyline - B1 - A013,3276000,0.9325,"20%, 20%,20%, 15%,15%, 5%, 5%","تم السداد 655,200.00","تم السداد 655,200.00","تم السداد 655,200.00","تم السداد 491,400.00","تم السداد 491,400.00","تم السداد 163,800.00",غير مستحقة,0,3112200,كاش,21-Oct-24,0.9325,SKC0013,27-Oct-24
سامي كمال محمود عبدالرازق,1533820576,B1 - B014,Skyline - B1 - B014,3882000,0.9356,"20%, 20%,20%, 15%,15%, 5%, 5%","تم السداد 776,400.00","تم السداد 776,400.00","تم السداد 776,400.00","تم السداد 582,300.00","تم السداد 582,300.00","تم السداد 194,100.00",غير مستحقة,0,3687900,كاش,30-Nov-24,0.9356,SKC0014,2-Dec-24
ماجد يوسف سيد السعدني,8741405309,B1 - C015,Skyline - B1 - C015,3561000,0.9285,"20%, 20%,20%, 15%,15%, 5%, 5%","تم السداد 712,200.00","تم السداد 712,200.00","تم السداد 712,200.00","تم السداد 534,150.00","تم السداد 534,150.00","تم السداد 178,050.00",غير مستحقة,0,3382950,كاش,20-Nov-24,0.9285,SKC0015,22-Nov-24
هاني مختار إبراهيم عبدالحميد,8989189421,B1 - A016,Skyline - B1 - A016,5727000,0.9461,"20%, 20%,20%, 15%,15%, 5%, 5%","تم السداد 1,145,400.00","تم السداد 1,145,400.00","تم السداد 1,145,400.00","تم السداد 859,050.00","تم السداد 859,050.00","تم السداد 286,350.00",غير مستحقة,0,5440650,كاش,1-Nov-24,0.9461,SKC0016,2-Nov-24
زياد رمضان خالد المصري,5084900694,B1 - B017,Skyline - B1 - B017,4807000,0.9533,"20%, 20%,20%, 15%,15%, 5%, 5%","تم السداد 961,400.00","تم السداد 961,400.00","تم السداد 961,400.00","تم السداد 721,050.00","تم السداد 721,050.00","تم السداد 240,350.00",غير مستحقة,0,4566650,كاش,19-Nov-24,0.9533,SKC0017,22-Nov-24
رامز رجب فتحي صبري,7027502624,B1 - C018,Skyline - B1 - C018,5011000,0.9574,"20%, 20%,20%, 15%,15%, 5%, 5%","تم السداد 1,002,200.00","تم السداد 1,002,200.00","تم السداد 1,002,200.00","تم السداد 751,650.00","تم السداد 751,650.00","تم السداد 250,550.00",غير مستحقة,0,4760450,كاش,24-Nov-24,0.9574,SKC0018,24-Nov-24
فادي سليمان طارق الإسكندراني,7140540808,B1 - A019,Skyline - B1 - A019,4108000,0.9546,"20%, 20%,20%, 15%,15%, 5%, 5%","تم السداد 821,600.00","تم السداد 821,600.00","تم السداد 821,600.00","تم السداد 616,200.00","تم السداد 616,200.00","تم السداد 205,400.00",غير مستحقة,0,3902600,كاش,3-Dec-24,0.9546,SKC0019,3-Dec-24
حسين سمير حمدي جابر,5735472003,B1 - B020,Skyline - B1 - B020,3526000,0.9612,"20%, 20%,20%, 15%,15%, 5%, 5%","تم السداد 705,200.00","تم السداد 705,200.00","تم السداد 705,200.00","تم السداد 528,900.00","تم السداد 528,900.00","تم السداد 176,300.00",غير مستحقة,0,3349700,كاش,23-Oct-24,0.9612,SKC0020,26-Oct-24
ياسين مختار جمال المصري,4765351482,B1 - C021,Skyline - B1 - C021,5216000,0.9379,"20%, 20%,20%, 15%,15%, 5%, 5%","تم السداد 1,043,200.00","تم السداد 1,043,200.00","تم السداد 1,043,200.00","تم السداد 782,400.00","تم السداد 782,400.00","تم السداد 260,800.00",غير مستحقة,0,4955200,كاش,6-Nov-24,0.9379,SKC0021,12-Nov-24
هشام عصام أحمد النجار,4373317148,B1 - A022,Skyline - B1 - A022,4105000,0.9244,"20%, 20%,20%, 15%,15%, 5%, 5%","تم السداد 821,000.00","تم السداد 821,000.00","تم السداد 821,000.00","تم السداد 615,750.00","تم السداد 615,750.00","تم السداد 205,250.00",غير مستحقة,0,3899750,كاش,16-Nov-24,0.9244,SKC0022,18-Nov-24
أيمن شوقي مختار الرفاعي,6697558567,B1 - B023,Skyline - B1 - B023,6673000,0.9323,"20%, 20%,20%, 15%,15%, 5%, 5%","تم السداد 1,334,600.00","تم السداد 1,334,600.00","تم السداد 1,334,600.00","تم السداد 1,000,950.00","تم السداد 1,000,950.00","تم السداد 333,650.00",غير مستحقة,0,6339350,كاش,2-Dec-24,0.9323,SKC0023,7-Dec-24
خالد رجب فاروق عبدالحليم,2521252492,B1 - C024,Skyline - B1 - C024,4154000,0.9336,"20%, 20%,20%, 15%,15%, 5%, 5%","تم السداد 830,800.00","تم السداد 830,800.00","تم السداد 830,800.00","تم السداد 623,100.00","تم السداد 623,100.00","تم السداد 207,700.00",غير مستحقة,0,3946300,كاش,14-Nov-24,0.9336,SKC0024,18-Nov-24
مصطفى محمود حسن البحيري,9863036964,B1 - A025,Skyline - B1 - A025,5514000,0.9598,"20%, 20%,20%, 15%,15%, 5%, 5%","تم السداد 1,102,800.00","تم السداد 1,102,800.00","تم السداد 1,102,800.00","تم السداد 827,100.00","تم السداد 827,100.00","تم السداد 275,700.00",غير مستحقة,0,5238300,كاش,14-Nov-24,0.9598,SKC0025,14-Nov-24
ياسين فتحي عبدالله فهمي,4218326288,B1 - B026,Skyline - B1 - B026,5810000,0.9558,"20%, 20%,20%, 15%,15%, 5%, 5%","تم السداد 1,162,000.00","تم السداد 1,162,000.00","تم السداد 1,162,000.00","تم السداد 871,500.00","تم السداد 871,500.00","تم السداد 290,500.00",غير مستحقة,0,5519500,كاش,30-Nov-24,0.9558,SKC0026,4-Dec-24
عادل فاروق رمضان حسين,5914012491,B1 - C027,Skyline - B1 - C027,4326000,0.9688,"20%, 20%,20%, 15%,15%, 5%, 5%","تم السداد 865,200.00","تم السداد 865,200.00","تم السداد 865,200.00","تم السداد 648,900.00","تم السداد 648,900.00","تم السداد 216,300.00",غير مستحقة,0,4109700,كاش,21-Nov-24,0.9688,SKC0027,28-Nov-24
وائل صبري محمود عبدالمقصود,1702957216,B1 - A028,Skyline - B1 - A028,4672000,0.9521,"20%, 20%,20%, 15%,15%, 5%, 5%","تم السداد 934,400.00","تم السداد 934,400.00","تم السداد 934,400.00","تم السداد 700,800.00","تم السداد 700,800.00","تم السداد 233,600.00",غير مستحقة,0,4438400,كاش,25-Nov-24,0.9521,SKC0028,2-Dec-24
عادل نبيل فاروق عبدالرازق,6862032980,B1 - B029,Skyline - B1 - B029,4154000,0.9363,"20%, 20%,20%, 15%,15%, 5%, 5%","تم السداد 830,800.00","تم السداد 830,800.00","تم السداد 830,800.00","تم السداد 623,100.00","تم السداد 623,100.00","تم السداد 207,700.00",غير مستحقة,0,3946300,كاش,23-Oct-24,0.9363,SKC0029,30-Oct-24
طارق فؤاد فتحي رمضان,9638276082,B1 - C030,Skyline - B1 - C030,4348000,0.9716,"20%, 20%,20%, 15%,15%, 5%, 5%","تم السداد 869,600.00","تم السداد 869,600.00","تم السداد 869,600.00","تم السداد 652,200.00","تم السداد 652,200.00","تم السداد 217,400.00",غير مستحقة,0,4130600,كاش,12-Nov-24,0.9716,SKC0030,12-Nov-24
رامز محمد إبراهيم المرسي,6210266160,B1 - A031,Skyline - B1 - A031,3553000,0.9543,"20%, 20%,20%, 15%,15%, 5%, 5%","تم السداد 710,600.00","تم السداد 710,600.00","تم السداد 710,600.00","تم السداد 532,950.00","تم السداد 532,950.00","تم السداد 177,650.00",غير مستحقة,0,3375350,كاش,16-Nov-24,0.9543,SKC0031,23-Nov-24
معتز مجدي عاطف النحاس,3576184694,B1 - B032,Skyline - B1 - B032,4091000,0.9546,"20%, 20%,20%, 15%,15%, 5%, 5%","تم السداد 818,200.00","تم السداد 818,200.00","تم السداد 818,200.00","تم السداد 613,650.00","تم السداد 613,650.00","تم السداد 204,550.00",غير مستحقة,0,3886450,كاش,4-Dec-24,0.9546,SKC0032,6-Dec-24
ماهر أحمد عادل عبدالحليم,7000742814,B1 - C033,Skyline - B1 - C033,4243000,0.966,"20%, 20%,20%, 15%,15%, 5%, 5%","تم السداد 848,600.00","تم السداد 848,600.00","تم السداد 848,600.00","تم السداد 636,450.00","تم السداد 636,450.00","تم السداد 212,150.00",غير مستحقة,0,4030850,كاش,11-Dec-24,0.966,SKC0033,13-Dec-24
طارق عبدالله خالد عبدالرازق,7406690566,B1 - A034,Skyline - B1 - A034,4391000,0.9674,"20%, 20%,20%, 15%,15%, 5%, 5%","تم السداد 878,200.00","تم السداد 878,200.00","تم السداد 878,200.00","تم السداد 658,650.00","تم السداد 658,650.00","تم السداد 219,550.00",غير مستحقة,0,4171450,كاش,15-Nov-24,0.9674,SKC0034,15-Nov-24
رامي إسماعيل صلاح صادق,8729900889,B1 - B035,Skyline - B1 - B035,4429000,0.9525,"20%, 20%,20%, 15%,15%, 5%, 5%","تم السداد 885,800.00","تم السداد 885,800.00","تم السداد 885,800.00","تم السداد 664,350.00","تم السداد 664,350.00","تم السداد 221,450.00",غير مستحقة,0,4207550,كاش,13-Nov-24,0.9525,SKC0035,15-Nov-24
عمر عبدالرحمن حسين الحداد,1059456479,B1 - C036,Skyline - B1 - C036,4383000,0.9582,"20%, 20%,20%, 15%,15%, 5%, 5%","تم السداد 876,600.00","تم السداد 876,600.00","تم السداد 876,600.00","تم السداد 657,450.00","تم السداد 657,450.00","تم السداد 219,150.00",غير مستحقة,0,4163850,كاش,17-Nov-24,0.9582,SKC0036,18-Nov-24
حسن طارق فتحي عبدالعال,6591993329,B1 - A037,Skyline - B1 - A037,3466000,0.9573,"20%, 20%,20%, 15%,15%, 5%, 5%","تم السداد 693,200.00","تم السداد 693,200.00","تم السداد 693,200.00","تم السداد 519,900.00","تم السداد 519,900.00","تم السداد 173,300.00",غير مستحقة,0,3292700,كاش,18-Oct-24,0.9573,SKC0037,22-Oct-24
حسن سليمان إسماعيل البدري,7968798344,B1 - B038,Skyline - B1 - B038,6700000,0.9631,"20%, 20%,20%, 15%,15%, 5%, 5%","تم السداد 1,340,000.00","تم السداد 1,340,000.00","تم السداد 1,340,000.00","تم السداد 1,005,000.00","تم السداد 1,005,000.00","تم السداد 335,000.00",غير مستحقة,0,6365000,كاش,4-Nov-24,0.9631,SKC0038,9-Nov-24
رؤوف حمدي سيد السمان,4717907678,B1 - C039,Skyline - B1 - C039,4304000,0.9607,"20%, 20%,20%, 15%,15%, 5%, 5%","تم السداد 860,800.00","تم السداد 860,800.00","تم السداد 860,800.00","تم السداد 645,600.00","تم السداد 645,600.00","تم السداد 215,200.00",غير مستحقة,0,4088800,كاش,20-Oct-24,0.9607,SKC0039,27-Oct-24
كريم عبدالرحمن فاروق عبدالمجيد,1329553289,B1 - A040,Skyline - B1 - A040,4673000,0.9682,"20%, 20%,20%, 15%,15%, 5%, 5%","تم السداد 934,600.00","تم السداد 934,600.00","تم السداد 934,600.00","تم السداد 700,950.00","تم السداد 700,950.00","تم السداد 233,650.00",غير مستحقة,0,4439350,كاش,24-Nov-24,0.9682,SKC0040,1-Dec-24
حسن سيد لطفي منصور,7639524318,B1 - B041,Skyline - B1 - B041,5277000,0.958,"20%, 20%,20%, 15%,15%, 5%, 5%","تم السداد 1,055,400.00","تم السداد 1,055,400.00","تم السداد 1,055,400.00","تم السداد 791,550.00","تم السداد 791,550.00","تم السداد 263,850.00",غير مستحقة,0,5013150,كاش,7-Nov-24,0.958,SKC0041,8-Nov-24
ماهر نبيل عاطف حجازي,9144029651,B1 - C042,Skyline - B1 - C042,4992000,0.9705,"20%, 20%,20%, 15%,15%, 5%, 5%","تم السداد 998,400.00","تم السداد 998,400.00","تم السداد 998,400.00","تم السداد 748,800.00","تم السداد 748,800.00","تم السداد 249,600.00",غير مستحقة,0,4742400,كاش,18-Nov-24,0.9705,SKC0042,20-Nov-24
أشرف لطفي صبري حسين,4790050454,B1 - A043,Skyline - B1 - A043,3474000,0.9371,"20%, 20%,20%, 15%,15%, 5%, 5%","تم السداد 694,800.00","تم السداد 694,800.00","تم السداد 694,800.00","تم السداد 521,100.00","تم السداد 521,100.00","تم السداد 173,700.00",غير مستحقة,0,3300300,كاش,9-Dec-24,0.9371,SKC0043,15-Dec-24
عبدالله عاطف مجدي سالم,9134749532,B1 - B044,Skyline - B1 - B044,3424000,0.9645,"20%, 20%,20%, 15%,15%, 5%, 5%","تم السداد 684,800.00","تم السداد 684,800.00","تم السداد 684,800.00","تم السداد 513,600.00","تم السداد 513,600.00","تم السداد 171,200.00",غير مستحقة,0,3252800,كاش,8-Dec-24,0.9645,SKC0044,14-Dec-24
أشرف إسماعيل حسين يونس,5479237142,B1 - C045,Skyline - B1 - C045,3696000,0.9642,"20%, 20%,20%, 15%,15%, 5%, 5%","تم السداد 739,200.00","تم السداد 739,200.00","تم السداد 739,200.00","تم السداد 554,400.00","تم السداد 554,400.00","تم السداد 184,800.00",غير مستحقة,0,3511200,كاش,24-Oct-24,0.9642,SKC0045,26-Oct-24
محمد صلاح حسين يونس,8135440985,B1 - A046,Skyline - B1 - A046,4393000,0.9294,"20%, 20%,20%, 15%,15%, 5%, 5%","تم السداد 878,600.00","تم السداد 878,600.00","تم السداد 878,600.00","تم السداد 658,950.00","تم السداد 658,950.00","تم السداد 219,650.00",غير مستحقة,0,4173350,كاش,8-Dec-24,0.9294,SKC0046,10-Dec-24
بيشوي مجدي خالد حسن,2252693756,B1 - B047,Skyline - B1 - B047,3494000,0.9548,"20%, 20%,20%, 15%,15%, 5%, 5%","تم السداد 698,800.00","تم السداد 698,800.00","تم السداد 698,800.00","تم السداد 524,100.00","تم السداد 524,100.00","تم السداد 174,700.00",غير مستحقة,0,3319300,كاش,5-Nov-24,0.9548,SKC0047,8-Nov-24
عبدالرحمن شوقي لطفي عبدالمجيد,9521543769,B1 - C048,Skyline - B1 - C048,3881000,0.9489,"20%, 20%,20%, 15%,15%, 5%, 5%","تم السداد 776,200.00","تم السداد 776,200.00","تم السداد 776,200.00","تم السداد 582,150.00","تم السداد 582,150.00","تم السداد 194,050.00",غير مستحقة,0,3686950,كاش,31-Oct-24,0.9489,SKC0048,5-Nov-24
وائل مختار يوسف شحاتة,5610445483,B1 - A049,Skyline - B1 - A049,4245000,0.9516,"20%, 20%,20%, 15%,15%, 5%, 5%","تم السداد 849,000.00","تم السداد 849,000.00","تم السداد 849,000.00","تم السداد 636,750.00","تم السداد 636,750.00","تم السداد 212,250.00",غير مستحقة,0,4032750,كاش,29-Nov-24,0.9516,SKC0049,6-Dec-24
وائل جمال صلاح عبدالعال,8643535219,B1 - B050,Skyline - B1 - B050,4521000,0.9539,"20%, 20%,20%, 15%,15%, 5%, 5%","تم السداد 904,200.00","تم السداد 904,200.00","تم السداد 904,200.00","تم السداد 678,150.00","تم السداد 678,150.00","تم السداد 226,050.00",غير مستحقة,0,4294950,كاش,10-Nov-24,0.9539,SKC0050,17-Nov-24
عمرو حسن كمال مراد,7320047593,B1 - C051,Skyline - B1 - C051,7059000,0.9496,"20%, 20%,20%, 15%,15%, 5%, 5%","تم السداد 1,411,800.00","تم السداد 1,411,800.00","تم السداد 1,411,800.00","تم السداد 1,058,850.00","تم السداد 1,058,850.00","تم السداد 352,950.00",غير مستحقة,0,6706050,كاش,26-Oct-24,0.9496,SKC0051,1-Nov-24
جورج فتحي رجب فوزي,5743727600,B1 - A052,Skyline - B1 - A052,4828000,0.9591,"20%, 20%,20%, 15%,15%, 5%, 5%","تم السداد 965,600.00","تم السداد 965,600.00","تم السداد 965,600.00","تم السداد 724,200.00","تم السداد 724,200.00","تم السداد 241,400.00",غير مستحقة,0,4586600,كاش,21-Oct-24,0.9591,SKC0052,27-Oct-24
نادر رشاد عبدالرحمن حسن,8409098760,B1 - B053,Skyline - B1 - B053,4191000,0.9443,"20%, 20%,20%, 15%,15%, 5%, 5%","تم السداد 838,200.00","تم السداد 838,200.00","تم السداد 838,200.00","تم السداد 628,650.00","تم السداد 628,650.00","تم السداد 209,550.00",غير مستحقة,0,3981450,كاش,29-Nov-24,0.9443,SKC0053,4-Dec-24
فادي نبيل فتحي الدسوقي,4218100643,B1 - C054,Skyline - B1 - C054,4934000,0.9555,"20%, 20%,20%, 15%,15%, 5%, 5%","تم السداد 986,800.00","تم السداد 986,800.00","تم السداد 986,800.00","تم السداد 740,100.00","تم السداد 740,100.00","تم السداد 246,700.00",غير مستحقة,0,4687300,كاش,8-Nov-24,0.9555,SKC0054,15-Nov-24
رامي علي يوسف المرسي,1405805803,B1 - A055,Skyline - B1 - A055,3699000,0.9564,"20%, 20%,20%, 15%,15%, 5%, 5%","تم السداد 739,800.00","تم السداد 739,800.00","تم السداد 739,800.00","تم السداد 554,850.00","تم السداد 554,850.00","تم السداد 184,950.00",غير مستحقة,0,3514050,كاش,24-Nov-24,0.9564,SKC0055,29-Nov-24
رامي خالد مختار عبدالفتاح,5308635791,B1 - B056,Skyline - B1 - B056,3545000,0.9349,"20%, 20%,20%, 15%,15%, 5%, 5%","تم السداد 709,000.00","تم السداد 709,000.00","تم السداد 709,000.00","تم السداد 531,750.00","تم السداد 531,750.00","تم السداد 177,250.00",غير مستحقة,0,3367750,كاش,14-Nov-24,0.9349,SKC0056,18-Nov-24
عمر حسن سيد المصري,7288512398,B1 - C057,Skyline - B1 - C057,3528000,0.9703,"20%, 20%,20%, 15%,15%, 5%, 5%","تم السداد 705,600.00","تم السداد 705,600.00","تم السداد 705,600.00","تم السداد 529,200.00","تم السداد 529,200.00","تم السداد 176,400.00",غير مستحقة,0,3351600,كاش,23-Nov-24,0.9703,SKC0057,24-Nov-24
أدهم حسن صلاح المنشاوي,3394665470,B1 - A058,Skyline - B1 - A058,3918000,0.9537,"20%, 20%,20%, 15%,15%, 5%, 5%","تم السداد 783,600.00","تم السداد 783,600.00","تم السداد 783,600.00","تم السداد 587,700.00","تم السداد 587,700.00","تم السداد 195,900.00",غير مستحقة,0,3722100,كاش,26-Oct-24,0.9537,SKC0058,26-Oct-24
رامز أحمد فؤاد عبدالسلام,4859979040,B1 - B059,Skyline - B1 - B059,4262000,0.9519,"20%, 20%,20%, 15%,15%, 5%, 5%","تم السداد 852,400.00","تم السداد 852,400.00","تم السداد 852,400.00","تم السداد 639,300.00","تم السداد 639,300.00","تم السداد 213,100.00",غير مستحقة,0,4048900,كاش,1-Dec-24,0.9519,SKC0059,7-Dec-24
شادي محمود علي فهمي,5332911894,B1 - C060,Skyline - B1 - C060,6193000,0.9646,"20%, 20%,20%, 15%,15%, 5%, 5%","تم السداد 1,238,600.00","تم السداد 1,238,600.00","تم السداد 1,238,600.00","تم السداد 928,950.00","تم السداد 928,950.00","تم السداد 309,650.00",غير مستحقة,0,5883350,كاش,3-Nov-24,0.9646,SKC0060,6-Nov-24
مصطفى حسين فاروق الشربيني,3948817217,B1 - A061,Skyline - B1 - A061,5144000,0.9597,"20%, 20%,20%, 15%,15%, 5%, 5%","تم السداد 1,028,800.00","تم السداد 1,028,800.00","تم السداد 1,028,800.00","تم السداد 771,600.00","تم السداد 771,600.00","تم السداد 257,200.00",غير مستحقة,0,4886800,كاش,19-Nov-24,0.9597,SKC0061,25-Nov-24
شادي صبري رمضان خليل,6814885028,B1 - B062,Skyline - B1 - B062,4517000,0.9672,"20%, 20%,20%, 15%,15%, 5%, 5%","تم السداد 903,400.00","تم السداد 903,400.00","تم السداد 903,400.00","تم السداد 677,550.00","تم السداد 677,550.00","تم السداد 225,850.00",غير مستحقة,0,4291150,كاش,8-Dec-24,0.9672,SKC0062,13-Dec-24
عادل مجدي إبراهيم الطنطاوي,8770567025,B1 - C063,Skyline - B1 - C063,3896000,0.9542,"20%, 20%,20%, 15%,15%, 5%, 5%","تم السداد 779,200.00","تم السداد 779,200.00","تم السداد 779,200.00","تم السداد 584,400.00","تم السداد 584,400.00","تم السداد 194,800.00",غير مستحقة,0,3701200,كاش,10-Nov-24,0.9542,SKC0063,14-Nov-24
نادر طارق إسماعيل حسين,5129041082,B1 - A064,Skyline - B1 - A064,3369000,0.954,"20%, 20%,20%, 15%,15%, 5%, 5%","تم السداد 673,800.00","تم السداد 673,800.00","تم السداد 673,800.00","تم السداد 505,350.00","تم السداد 505,350.00","تم السداد 168,450.00",غير مستحقة,0,3200550,كاش,4-Dec-24,0.954,SKC0064,10-Dec-24
سامي نبيل عبدالله عبداللطيف,2976135949,B1 - B065,Skyline - B1 - B065,3637000,0.9519,"20%, 20%,20%, 15%,15%, 5%, 5%","تم السداد 727,400.00","تم السداد 727,400.00","تم السداد 727,400.00","تم السداد 545,550.00","تم السداد 545,550.00","تم السداد 181,850.00",غير مستحقة,0,3455150,كاش,28-Oct-24,0.9519,SKC0065,30-Oct-24
طارق صلاح صبحي العشري,4166373722,B1 - C066,Skyline - B1 - C066,4413000,0.9474,"20%, 20%,20%, 15%,15%, 5%, 5%","تم السداد 882,600.00","تم السداد 882,600.00","تم السداد 882,600.00","تم السداد 661,950.00","تم السداد 661,950.00","تم السداد 220,650.00",غير مستحقة,0,4192350,كاش,6-Nov-24,0.9474,SKC0066,7-Nov-24
إبراهيم حمدي عادل المنياوي,1148300403,B1 - A067,Skyline - B1 - A067,7223000,0.9458,"20%, 20%,20%, 15%,15%, 5%, 5%","تم السداد 1,444,600.00","تم السداد 1,444,600.00","تم السداد 1,444,600.00","تم السداد 1,083,450.00","تم السداد 1,083,450.00","تم السداد 361,150.00",غير مستحقة,0,6861850,كاش,10-Dec-24,0.9458,SKC0067,10-Dec-24
مجدي حسين إسماعيل عبدالمقصود,6123293092,B1 - B068,Skyline - B1 - B068,6836000,0.9476,"20%, 20%,20%, 15%,15%, 5%, 5%","تم السداد 1,367,200.00","تم السداد 1,367,200.00","تم السداد 1,367,200.00","تم السداد 1,025,400.00","تم السداد 1,025,400.00","تم السداد 341,800.00",غير مستحقة,0,6494200,كاش,2-Nov-24,0.9476,SKC0068,2-Nov-24
جورج حسن مجدي سليمان,3658312108,B1 - C069,Skyline - B1 - C069,7234000,0.9686,"20%, 20%,20%, 15%,15%, 5%, 5%","تم السداد 1,446,800.00","تم السداد 1,446,800.00","تم السداد 1,446,800.00","تم السداد 1,085,100.00","تم السداد 1,085,100.00","تم السداد 361,700.00",غير مستحقة,0,6872300,كاش,3-Dec-24,0.9686,SKC0069,9-Dec-24
فادي رمضان سليمان رمضان,6529538019,B1 - A070,Skyline - B1 - A070,5131000,0.9347,"20%, 20%,20%, 15%,15%, 5%, 5%","تم السداد 1,026,200.00","تم السداد 1,026,200.00","تم السداد 1,026,200.00","تم السداد 769,650.00","تم السداد 769,650.00","تم السداد 256,550.00",غير مستحقة,0,4874450,كاش,29-Nov-24,0.9347,SKC0070,2-Dec-24
فاطمة سليمان عاطف عبداللطيف,5279571989,B1 - B071,Skyline - B1 - B071,3824000,0.9462,"20%, 20%,20%, 15%,15%, 5%, 5%","تم السداد 764,800.00","تم السداد 764,800.00","تم السداد 764,800.00","تم السداد 573,600.00","تم السداد 573,600.00","تم السداد 191,200.00",غير مستحقة,0,3632800,كاش,19-Dec-24,0.9462,SKC0071,20-Dec-24
عبدالرحمن يوسف رجب منصور,2963996968,B1 - C072,Skyline - B1 - C072,5061000,0.9441,"20%, 20%,20%, 15%,15%, 5%, 5%","تم السداد 1,012,200.00","تم السداد 1,012,200.00","تم السداد 1,012,200.00","تم السداد 759,150.00","تم السداد 759,150.00","تم السداد 253,050.00",غير مستحقة,0,4807950,كاش,16-Nov-24,0.9441,SKC0072,17-Nov-24
تامر مختار فؤاد الجمل,9916450908,B2 - A001,Skyline - B2 - A001,5236000,0.9445,"20%, 20%,20%, 15%,15%, 5%, 5%","تم السداد 1,047,200.00","تم السداد 1,047,200.00","تم السداد 1,047,200.00","تم السداد 785,400.00","تم السداد 785,400.00","تم السداد 261,800.00",غير مستحقة,0,4974200,كاش,16-Dec-24,0.9445,SKC0073,22-Dec-24
وائل طارق عادل العطار,5127202601,B2 - B002,Skyline - B2 - B002,4125000,0.9497,"20%, 20%,20%, 15%,15%, 5%, 5%","تم السداد 825,000.00","تم السداد 825,000.00","تم السداد 825,000.00","تم السداد 618,750.00","تم السداد 618,750.00","تم السداد 206,250.00",غير مستحقة,0,3918750,كاش,2-Nov-24,0.9497,SKC0074,8-Nov-24
وليد فاروق رمضان عوض,2611464157,B2 - C003,Skyline - B2 - C003,3692000,0.9583,"20%, 20%,20%, 15%,15%, 5%, 5%","تم السداد 738,400.00","تم السداد 738,400.00","تم السداد 738,400.00","تم السداد 553,800.00","تم السداد 553,800.00","تم السداد 184,600.00",غير مستحقة,0,3507400,كاش,28-Oct-24,0.9583,SKC0075,29-Oct-24
جورج رشاد نبيل يونس,8865634119,B2 - A004,Skyline - B2 - A004,5390000,0.9272,"20%, 20%,20%, 15%,15%, 5%, 5%","تم السداد 1,078,000.00","تم السداد 1,078,000.00","تم السداد 1,078,000.00","تم السداد 808,500.00","تم السداد 808,500.00","تم السداد 269,500.00",غير مستحقة,0,5120500,كاش,12-Nov-24,0.9272,SKC0076,14-Nov-24
جورج فؤاد عادل البدري,7778617828,B2 - B005,Skyline - B2 - B005,6802000,0.9562,"20%, 20%,20%, 15%,15%, 5%, 5%","تم السداد 1,360,400.00","تم السداد 1,360,400.00","تم السداد 1,360,400.00","تم السداد 1,020,300.00","تم السداد 1,020,300.00","تم السداد 340,100.00",غير مستحقة,0,6461900,كاش,22-Nov-24,0.9562,SKC0077,22-Nov-24
بيشوي مصطفى حسين صبري,4056389872,B2 - C006,Skyline - B2 - C006,3846000,0.9235,"20%, 20%,20%, 15%,15%, 5%, 5%","تم السداد 769,200.00","تم السداد 769,200.00","تم السداد 769,200.00","تم السداد 576,900.00","تم السداد 576,900.00","تم السداد 192,300.00",غير مستحقة,0,3653700,كاش,31-Oct-24,0.9235,SKC0078,1-Nov-24
عادل صبحي جمال محمود,4986000596,B2 - A007,Skyline - B2 - A007,3899000,0.9406,"20%, 20%,20%, 15%,15%, 5%, 5%","تم السداد 779,800.00","تم السداد 779,800.00","تم السداد 779,800.00","تم السداد 584,850.00","تم السداد 584,850.00","تم السداد 194,950.00",غير مستحقة,0,3704050,كاش,12-Dec-24,0.9406,SKC0079,17-Dec-24
محمد رجب جابر مصطفى,5647713589,B2 - B008,Skyline - B2 - B008,5536000,0.9502,"20%, 20%,20%, 15%,15%, 5%, 5%","تم السداد 1,107,200.00","تم السداد 1,107,200.00","تم السداد 1,107,200.00","تم السداد 830,400.00","تم السداد 830,400.00","تم السداد 276,800.00",غير مستحقة,0,5259200,كاش,16-Nov-24,0.9502,SKC0080,16-Nov-24
كريم حسن عاطف عبدالسلام,9383,B2 - C009,Skyline - B2 - C009,5004000,0.951,"20%, 20%,20%, 15%,15%, 5%, 5%","تم السداد 1,000,800.00","تم السداد 1,000,800.00","تم السداد 1,000,800.00","تم السداد 750,600.00","تم السداد 750,600.00","تم السداد 250,200.00",غير مستحقة,0,4753800,كاش,14-Dec-24,0.951,SKC0081,16-Dec-24
علاء رجب رمضان حبيب,3519408904,B2 - A010,Skyline - B2 - A010,6268000,0.9705,"20%, 20%,20%, 15%,15%, 5%, 5%","تم السداد 1,253,600.00","تم السداد 1,253,600.00","تم السداد 1,253,600.00","تم السداد 940,200.00","تم السداد 940,200.00","تم السداد 313,400.00",غير مستحقة,0,5954600,كاش,29-Dec-24,0.9705,SKC0082,29-Dec-24
عمرو عاطف سعيد المرسي,4480672645,B2 - B011,Skyline - B2 - B011,3864000,0.9517,"20%, 20%,20%, 15%,15%, 5%, 5%","تم السداد 772,800.00","تم السداد 772,800.00","تم السداد 772,800.00","تم السداد 579,600.00","تم السداد 579,600.00","تم السداد 193,200.00",غير مستحقة,0,3670800,كاش,17-Dec-24,0.9517,SKC0083,19-Dec-24
حازم محمود رجب حسين,9214257723,B2 - C012,Skyline - B2 - C012,5345000,0.9439,"20%, 20%,20%, 15%,15%, 5%, 5%","تم السداد 1,069,000.00","تم السداد 1,069,000.00","تم السداد 1,069,000.00","تم السداد 801,750.00","تم السداد 801,750.00","تم السداد 267,250.00",غير مستحقة,0,5077750,كاش,16-Dec-24,0.9439,SKC0084,16-Dec-24
جورج إسماعيل مجدي عبدالحميد,5096437105,B2 - A013,Skyline - B2 - A013,5033000,0.9493,"20%, 20%,20%, 15%,15%, 5%, 5%","تم السداد 1,006,600.00","تم السداد 1,006,600.00","تم السداد 1,006,600.00","تم السداد 754,950.00","تم السداد 754,950.00","تم السداد 251,650.00",غير مستحقة,0,4781350,كاش,10-Nov-24,0.9493,SKC0085,11-Nov-24
سارة فتحي محمد عبدالسلام,4805824161,B2 - B014,Skyline - B2 - B014,5190000,0.9538,"20%, 20%,20%, 15%,15%, 5%, 5%","تم السداد 1,038,000.00","تم السداد 1,038,000.00","تم السداد 1,038,000.00","تم السداد 778,500.00","تم السداد 778,500.00","تم السداد 259,500.00",غير مستحقة,0,4930500,كاش,15-Dec-24,0.9538,SKC0086,22-Dec-24
فادي مختار جابر داود,4481022474,B2 - C015,Skyline - B2 - C015,6633000,0.9617,"20%, 20%,20%, 15%,15%, 5%, 5%","تم السداد 1,326,600.00","تم السداد 1,326,600.00","تم السداد 1,326,600.00","تم السداد 994,950.00","تم السداد 994,950.00","تم السداد 331,650.00",غير مستحقة,0,6301350,كاش,8-Nov-24,0.9617,SKC0087,8-Nov-24
رامز عبدالله عبدالرحمن أمين,1036434148,B2 - A016,Skyline - B2 - A016,3945000,0.9651,"20%, 20%,20%, 15%,15%, 5%, 5%","تم السداد 789,000.00","تم السداد 789,000.00","تم السداد 789,000.00","تم السداد 591,750.00","تم السداد 591,750.00","تم السداد 197,250.00",غير مستحقة,0,3747750,كاش,27-Nov-24,0.9651,SKC0088,1-Dec-24
فادي طارق رجب أمين,2063056766,B2 - B017,Skyline - B2 - B017,4565000,0.9468,"20%, 20%,20%, 15%,15%, 5%, 5%","تم السداد 913,000.00","تم السداد 913,000.00","تم السداد 913,000.00","تم السداد 684,750.00","تم السداد 684,750.00","تم السداد 228,250.00",غير مستحقة,0,4336750,كاش,10-Nov-24,0.9468,SKC0089,11-Nov-24
مينا صلاح جابر محمود,1686291360,B2 - C018,Skyline - B2 - C018,6866000,0.9557,"20%, 20%,20%, 15%,15%, 5%, 5%","تم السداد 1,373,200.00","تم السداد 1,373,200.00","تم السداد 1,373,200.00","تم السداد 1,029,900.00","تم السداد 1,029,900.00","تم السداد 343,300.00",غير مستحقة,0,6522700,كاش,13-Dec-24,0.9557,SKC0090,18-Dec-24
هاني إسماعيل محمد البدري,2022502425,B2 - A019,Skyline - B2 - A019,4101000,0.9475,"20%, 20%,20%, 15%,15%, 5%, 5%","تم السداد 820,200.00","تم السداد 820,200.00","تم السداد 820,200.00","تم السداد 615,150.00","تم السداد 615,150.00","تم السداد 205,050.00",غير مستحقة,0,3895950,كاش,30-Nov-24,0.9475,SKC0091,7-Dec-24
شادي صبحي حسين سليمان,2855416114,B2 - B020,Skyline - B2 - B020,4053000,0.9532,"20%, 20%,20%, 15%,15%, 5%, 5%","تم السداد 810,600.00","تم السداد 810,600.00","تم السداد 810,600.00","تم السداد 607,950.00","تم السداد 607,950.00","تم السداد 202,650.00",غير مستحقة,0,3850350,كاش,17-Dec-24,0.9532,SKC0092,21-Dec-24
أحمد علي نبيل مراد,2073323790,B2 - C021,Skyline - B2 - C021,4481000,0.9587,"20%, 20%,20%, 15%,15%, 5%, 5%","تم السداد 896,200.00","تم السداد 896,200.00","تم السداد 896,200.00","تم السداد 672,150.00","تم السداد 672,150.00","تم السداد 224,050.00",غير مستحقة,0,4256950,كاش,29-Nov-24,0.9587,SKC0093,2-Dec-24
خالد أحمد حمدي المرسي,5578816701,B2 - A022,Skyline - B2 - A022,4811000,0.9502,"20%, 20%,20%, 15%,15%, 5%, 5%","تم السداد 962,200.00","تم السداد 962,200.00","تم السداد 962,200.00","تم السداد 721,650.00","تم السداد 721,650.00","تم السداد 240,550.00",غير مستحقة,0,4570450,كاش,19-Dec-24,0.9502,SKC0094,21-Dec-24
مصطفى عاطف جابر عوض,3125813479,B2 - B023,Skyline - B2 - B023,4058000,0.9231,"20%, 20%,20%, 15%,15%, 5%, 5%","تم السداد 811,600.00","تم السداد 811,600.00","تم السداد 811,600.00","تم السداد 608,700.00","تم السداد 608,700.00","تم السداد 202,900.00",غير مستحقة,0,3855100,كاش,15-Dec-24,0.9231,SKC0095,22-Dec-24
حسن عادل سليمان جابر,5513680242,B2 - C024,Skyline - B2 - C024,3637000,0.947,"20%, 20%,20%, 15%,15%, 5%, 5%","تم السداد 727,400.00","تم السداد 727,400.00","تم السداد 727,400.00","تم السداد 545,550.00","تم السداد 545,550.00","تم السداد 181,850.00",غير مستحقة,0,3455150,كاش,30-Dec-24,0.947,SKC0096,5-Jan-25
رامز حسن عبدالله رمضان,6614506491,B2 - A025,Skyline - B2 - A025,4669000,0.9445,"20%, 20%,20%, 15%,15%, 5%, 5%","تم السداد 933,800.00","تم السداد 933,800.00","تم السداد 933,800.00","تم السداد 700,350.00","تم السداد 700,350.00","تم السداد 233,450.00",غير مستحقة,0,4435550,كاش,25-Dec-24,0.9445,SKC0097,30-Dec-24
كريم نبيل خالد المصري,1915564062,B2 - B026,Skyline - B2 - B026,5852000,0.9411,"20%, 20%,20%, 15%,15%, 5%, 5%","تم السداد 1,170,400.00","تم السداد 1,170,400.00","تم السداد 1,170,400.00","تم السداد 877,800.00","تم السداد 877,800.00","تم السداد 292,600.00",غير مستحقة,0,5559400,كاش,7-Jan-25,0.9411,SKC0098,9-Jan-25
بيشوي نبيل كمال الزيني,6194070661,B2 - C027,Skyline - B2 - C027,3947000,0.9552,"20%, 20%,20%, 15%,15%, 5%, 5%","تم السداد 789,400.00","تم السداد 789,400.00","تم السداد 789,400.00","تم السداد 592,050.00","تم السداد 592,050.00","تم السداد 197,350.00",غير مستحقة,0,3749650,كاش,18-Nov-24,0.9552,SKC0099,23-Nov-24
بيشوي طارق عبدالرحمن الجمل,7786074510,B2 - A028,Skyline - B2 - A028,5368000,0.9515,"20%, 20%,20%, 15%,15%, 5%, 5%","تم السداد 1,073,600.00","تم السداد 1,073,600.00","تم السداد 1,073,600.00","تم السداد 805,200.00","تم السداد 805,200.00","تم السداد 268,400.00",غير مستحقة,0,5099600,كاش,9-Jan-25,0.9515,SKC0100,13-Jan-25
باسم مختار جابر العشري,3666402150,B2 - B029,Skyline - B2 - B029,6903000,0.9603,"20%, 20%,20%, 15%,15%, 5%, 5%","تم السداد 1,380,600.00","تم السداد 1,380,600.00","تم السداد 1,380,600.00","تم السداد 1,035,450.00","تم السداد 1,035,450.00","تم السداد 345,150.00",غير مستحقة,0,6557850,كاش,11-Dec-24,0.9603,SKC0101,11-Dec-24
محمد فؤاد مختار الدسوقي,9459102143,B2 - C030,Skyline - B2 - C030,4399000,0.9414,"20%, 20%,20%, 15%,15%, 5%, 5%","تم السداد 879,800.00","تم السداد 879,800.00","تم السداد 879,800.00","تم السداد 659,850.00","تم السداد 659,850.00","تم السداد 219,950.00",غير مستحقة,0,4179050,كاش,19-Dec-24,0.9414,SKC0102,23-Dec-24
باسم عصام محمد البدري,5817143422,B2 - A031,Skyline - B2 - A031,5571000,0.9516,"20%, 20%,20%, 15%,15%, 5%, 5%","تم السداد 1,114,200.00","تم السداد 1,114,200.00","تم السداد 1,114,200.00","تم السداد 835,650.00","تم السداد 835,650.00","تم السداد 278,550.00",غير مستحقة,0,5292450,كاش,25-Nov-24,0.9516,SKC0103,30-Nov-24
شريف مختار أحمد عبدالمجيد,6016621292,B2 - B032,Skyline - B2 - B032,4210000,0.9429,"20%, 20%,20%, 15%,15%, 5%, 5%","تم السداد 842,000.00","تم السداد 842,000.00","تم السداد 842,000.00","تم السداد 631,500.00","تم السداد 631,500.00","تم السداد 210,500.00",غير مستحقة,0,3999500,كاش,28-Dec-24,0.9429,SKC0104,4-Jan-25
فادي سليمان فتحي الجمل,7393299592,B2 - C033,Skyline - B2 - C033,4225000,0.949,"20%, 20%,20%, 15%,15%, 5%, 5%","تم السداد 845,000.00","تم السداد 845,000.00","تم السداد 845,000.00","تم السداد 633,750.00","تم السداد 633,750.00","تم السداد 211,250.00",غير مستحقة,0,4013750,كاش,31-Dec-24,0.949,SKC0105,2-Jan-25
طارق رمضان يوسف العطار,2754775446,B2 - A034,Skyline - B2 - A034,4515000,0.9388,"20%, 20%,20%, 15%,15%, 5%, 5%","تم السداد 903,000.00","تم السداد 903,000.00","تم السداد 903,000.00","تم السداد 677,250.00","تم السداد 677,250.00","تم السداد 225,750.00",غير مستحقة,0,4289250,كاش,11-Jan-25,0.9388,SKC0106,12-Jan-25
شريف رمضان فاروق عبداللطيف,3074610914,B2 - B035,Skyline - B2 - B035,4213000,0.945,"20%, 20%,20%, 15%,15%, 5%, 5%","تم السداد 842,600.00","تم السداد 842,600.00","تم السداد 842,600.00","تم السداد 631,950.00","تم السداد 631,950.00","تم السداد 210,650.00",غير مستحقة,0,4002350,كاش,19-Nov-24,0.945,SKC0107,21-Nov-24
مروان صبري إبراهيم يونس,4239061183,B2 - C036,Skyline - B2 - C036,4815000,0.9476,"20%, 20%,20%, 15%,15%, 5%, 5%","تم السداد 963,000.00","تم السداد 963,000.00","تم السداد 963,000.00","تم السداد 722,250.00","تم السداد 722,250.00","تم السداد 240,750.00",غير مستحقة,0,4574250,كاش,6-Dec-24,0.9476,SKC0108,13-Dec-24
محمود سيد عبدالله سليمان,2003747778,B2 - A037,Skyline - B2 - A037,7504000,0.9717,"20%, 20%,20%, 15%,15%, 5%, 5%","تم السداد 1,500,800.00","تم السداد 1,500,800.00","تم السداد 1,500,800.00","تم السداد 1,125,600.00","تم السداد 1,125,600.00","تم السداد 375,200.00",غير مستحقة,0,7128800,كاش,28-Nov-24,0.9717,SKC0109,28-Nov-24
أشرف عصام صلاح لطفي,5736892588,B2 - B038,Skyline - B2 - B038,6137000,0.931,"20%, 20%,20%, 15%,15%, 5%, 5%","تم السداد 1,227,400.00","تم السداد 1,227,400.00","تم السداد 1,227,400.00","تم السداد 920,550.00","تم السداد 920,550.00","تم السداد 306,850.00",غير مستحقة,0,5830150,كاش,4-Jan-25,0.931,SKC0110,10-Jan-25
ماهر إسماعيل جمال فهمي,5286983983,B2 - C039,Skyline - B2 - C039,5294000,0.9409,"20%, 20%,20%, 15%,15%, 5%, 5%","تم السداد 1,058,800.00","تم السداد 1,058,800.00","تم السداد 1,058,800.00","تم السداد 794,100.00","تم السداد 794,100.00","تم السداد 264,700.00",غير مستحقة,0,5029300,كاش,10-Dec-24,0.9409,SKC0111,16-Dec-24
فادي جمال لطفي الرفاعي,3262869835,B2 - A040,Skyline - B2 - A040,5322000,0.9512,"20%, 20%,20%, 15%,15%, 5%, 5%","تم السداد 1,064,400.00","تم السداد 1,064,400.00","تم السداد 1,064,400.00","تم السداد 798,300.00","تم السداد 798,300.00","تم السداد 266,100.00",غير مستحقة,0,5055900,كاش,29-Dec-24,0.9512,SKC0112,1-Jan-25
وليد فاروق عصام الدسوقي,3008355955,B2 - B041,Skyline - B2 - B041,3689000,0.9382,"20%, 20%,20%, 15%,15%, 5%, 5%","تم السداد 737,800.00","تم السداد 737,800.00","تم السداد 737,800.00","تم السداد 553,350.00","تم السداد 553,350.00","تم السداد 184,450.00",غير مستحقة,0,3504550,كاش,30-Dec-24,0.9382,SKC0113,6-Jan-25
ياسين حسن حسين حسن,1170576265,B2 - C042,Skyline - B2 - C042,7116000,0.9415,"20%, 20%,20%, 15%,15%, 5%, 5%","تم السداد 1,423,200.00","تم السداد 1,423,200.00","تم السداد 1,423,200.00","تم السداد 1,067,400.00","تم السداد 1,067,400.00","تم السداد 355,800.00",غير مستحقة,0,6760200,كاش,27-Dec-24,0.9415,SKC0114,29-Dec-24
رامز فاروق مختار الرفاعي,8700994227,B2 - A043,Skyline - B2 - A043,7647000,0.9368,"20%, 20%,20%, 15%,15%, 5%, 5%","تم السداد 1,529,400.00","تم السداد 1,529,400.00","تم السداد 1,529,400.00","تم السداد 1,147,050.00","تم السداد 1,147,050.00","تم السداد 382,350.00",غير مستحقة,0,7264650,كاش,14-Jan-25,0.9368,SKC0115,18-Jan-25
عمر صلاح سمير الحداد,9612565435,B2 - B044,Skyline - B2 - B044,7294000,0.9663,"20%, 20%,20%, 15%,15%, 5%, 5%","تم السداد 1,458,800.00","تم السداد 1,458,800.00","تم السداد 1,458,800.00","تم السداد 1,094,100.00","تم السداد 1,094,100.00","تم السداد 364,700.00",غير مستحقة,0,6929300,كاش,23-Nov-24,0.9663,SKC0116,27-Nov-24
شادي نبيل سعيد عوض,1234243233,B2 - C045,Skyline - B2 - C045,6802000,0.9505,"20%, 20%,20%, 15%,15%, 5%, 5%","تم السداد 1,360,400.00","تم السداد 1,360,400.00","تم السداد 1,360,400.00","تم السداد 1,020,300.00","تم السداد 1,020,300.00","تم السداد 340,100.00",غير مستحقة,0,6461900,كاش,31-Dec-24,0.9505,SKC0117,7-Jan-25
وائل رمضان جمال عبدالعال,1730300396,B2 - A046,Skyline - B2 - A046,5513000,0.9593,"20%, 20%,20%, 15%,15%, 5%, 5%","تم السداد 1,102,600.00","تم السداد 1,102,600.00","تم السداد 1,102,600.00","تم السداد 826,950.00","تم السداد 826,950.00","تم السداد 275,650.00",غير مستحقة,0,5237350,كاش,1-Dec-24,0.9593,SKC0118,1-Dec-24
هاني مجدي عبدالله الشربيني,8677426165,B2 - B047,Skyline - B2 - B047,4228000,0.953,"20%, 20%,20%, 15%,15%, 5%, 5%","تم السداد 845,600.00","تم السداد 845,600.00","تم السداد 845,600.00","تم السداد 634,200.00","تم السداد 634,200.00","تم السداد 211,400.00",غير مستحقة,0,4016600,كاش,17-Dec-24,0.953,SKC0119,17-Dec-24
سامح محمود سعيد المصري,4744469193,B2 - C048,Skyline - B2 - C048,10037000,0.9654,"20%, 20%,20%, 15%,15%, 5%, 5%","تم السداد 2,007,400.00","تم السداد 2,007,400.00","تم السداد 2,007,400.00","تم السداد 1,505,550.00","تم السداد 1,505,550.00","تم السداد 501,850.00",غير مستحقة,0,9535150,كاش,20-Dec-24,0.9654,SKC0120,24-Dec-24
أماني جابر كمال عبدالرازق,2648991072,B2 - A049,Skyline - B2 - A049,6037000,0.959,"20%, 20%,20%, 15%,15%, 5%, 5%","تم السداد 1,207,400.00","تم السداد 1,207,400.00","تم السداد 1,207,400.00","تم السداد 905,550.00","تم السداد 905,550.00","تم السداد 301,850.00",غير مستحقة,0,5735150,كاش,10-Dec-24,0.959,SKC0121,11-Dec-24
حنان حسين صبري عبداللطيف,7046271589,B2 - B050,Skyline - B2 - B050,4344000,0.9533,"20%, 20%,20%, 15%,15%, 5%, 5%","تم السداد 868,800.00","تم السداد 868,800.00","تم السداد 868,800.00","تم السداد 651,600.00","تم السداد 651,600.00","تم السداد 217,200.00",غير مستحقة,0,4126800,كاش,26-Nov-24,0.9533,SKC0122,2-Dec-24
عمرو شوقي كمال الزيات,7175234819,B2 - C051,Skyline - B2 - C051,5011000,0.9547,"20%, 20%,20%, 15%,15%, 5%, 5%","تم السداد 1,002,200.00","تم السداد 1,002,200.00","تم السداد 1,002,200.00","تم السداد 751,650.00","تم السداد 751,650.00","تم السداد 250,550.00",غير مستحقة,0,4760450,كاش,5-Dec-24,0.9547,SKC0123,7-Dec-24
كريم سيد رمضان المصري,7998763144,B2 - A052,Skyline - B2 - A052,4702000,0.9399,"20%, 20%,20%, 15%,15%, 5%, 5%","تم السداد 940,400.00","تم السداد 940,400.00","تم السداد 940,400.00","تم السداد 705,300.00","تم السداد 705,300.00","تم السداد 235,100.00",غير مستحقة,0,4466900,كاش,21-Dec-24,0.9399,SKC0124,28-Dec-24
أحمد يوسف مجدي الشرقاوي,5979723659,B2 - B053,Skyline - B2 - B053,6572000,0.9429,"20%, 20%,20%, 15%,15%, 5%, 5%","تم السداد 1,314,400.00","تم السداد 1,314,400.00","تم السداد 1,314,400.00","تم السداد 985,800.00","تم السداد 985,800.00","تم السداد 328,600.00",غير مستحقة,0,6243400,كاش,12-Jan-25,0.9429,SKC0125,18-Jan-25
محمود طارق مجدي حسين,7806761442,B2 - C054,Skyline - B2 - C054,6091000,0.9394,"20%, 20%,20%, 15%,15%, 5%, 5%","تم السداد 1,218,200.00","تم السداد 1,218,200.00","تم السداد 1,218,200.00","تم السداد 913,650.00","تم السداد 913,650.00","تم السداد 304,550.00",غير مستحقة,0,5786450,كاش,14-Jan-25,0.9394,SKC0126,18-Jan-25
علاء علي إسماعيل عبدالرازق,9049590672,B2 - A055,Skyline - B2 - A055,4212000,0.94,"20%, 20%,20%, 15%,15%, 5%, 5%","تم السداد 842,400.00","تم السداد 842,400.00","تم السداد 842,400.00","تم السداد 631,800.00","تم السداد 631,800.00","تم السداد 210,600.00",غير مستحقة,0,4001400,كاش,2-Dec-24,0.94,SKC0127,4-Dec-24
عبدالله محمد صبري المنشاوي,2709938819,B2 - B056,Skyline - B2 - B056,5026000,0.9403,"20%, 20%,20%, 15%,15%, 5%, 5%","تم السداد 1,005,200.00","تم السداد 1,005,200.00","تم السداد 1,005,200.00","تم السداد 753,900.00","تم السداد 753,900.00","تم السداد 251,300.00",غير مستحقة,0,4774700,كاش,11-Dec-24,0.9403,SKC0128,12-Dec-24
كريم صلاح عادل الزيني,7666311571,B2 - C057,Skyline - B2 - C057,4137000,0.9664,"20%, 20%,20%, 15%,15%, 5%, 5%","تم السداد 827,400.00","تم السداد 827,400.00","تم السداد 827,400.00","تم السداد 620,550.00","تم السداد 620,550.00","تم السداد 206,850.00",غير مستحقة,0,3930150,كاش,6-Jan-25,0.9664,SKC0129,12-Jan-25
يوسف رجب صبحي السعدني,2216256441,B2 - A058,Skyline - B2 - A058,5431000,0.9394,"20%, 20%,20%, 15%,15%, 5%, 5%","تم السداد 1,086,200.00","تم السداد 1,086,200.00","تم السداد 1,086,200.00","تم السداد 814,650.00","تم السداد 814,650.00","تم السداد 271,550.00",غير مستحقة,0,5159450,كاش,4-Dec-24,0.9394,SKC0130,4-Dec-24
رؤوف فتحي فؤاد القاضي,8972688437,B2 - B059,Skyline - B2 - B059,4935000,0.962,"20%, 20%,20%, 15%,15%, 5%, 5%","تم السداد 987,000.00","تم السداد 987,000.00","تم السداد 987,000.00","تم السداد 740,250.00","تم السداد 740,250.00","تم السداد 246,750.00",غير مستحقة,0,4688250,كاش,10-Dec-24,0.962,SKC0131,15-Dec-24
سامي جمال كمال صلاح,5904799734,B2 - C060,Skyline - B2 - C060,4332000,0.9384,"20%, 20%,20%, 15%,15%, 5%, 5%","تم السداد 866,400.00","تم السداد 866,400.00","تم السداد 866,400.00","تم السداد 649,800.00","تم السداد 649,800.00","تم السداد 216,600.00",غير مستحقة,0,4115400,كاش,15-Jan-25,0.9384,SKC0132,19-Jan-25
أيمن رمضان حمدي علي,6914420443,B2 - A061,Skyline - B2 - A061,4196000,0.9323,"20%, 20%,20%, 15%,15%, 5%, 5%","تم السداد 839,200.00","تم السداد 839,200.00","تم السداد 839,200.00","تم السداد 629,400.00","تم السداد 629,400.00","تم السداد 209,800.00",غير مستحقة,0,3986200,كاش,11-Dec-24,0.9323,SKC0133,14-Dec-24
عمر عاطف حمدي عبدالعال,2230685088,B2 - B062,Skyline - B2 - B062,4037000,0.9365,"20%, 20%,20%, 15%,15%, 5%, 5%","تم السداد 807,400.00","تم السداد 807,400.00","تم السداد 807,400.00","تم السداد 605,550.00","تم السداد 605,550.00","تم السداد 201,850.00",غير مستحقة,0,3835150,كاش,6-Jan-25,0.9365,SKC0134,11-Jan-25
مجدي صبحي إبراهيم شحاتة,9135730009,B2 - C063,Skyline - B2 - C063,6076000,0.9453,"20%, 20%,20%, 15%,15%, 5%, 5%","تم السداد 1,215,200.00","تم السداد 1,215,200.00","تم السداد 1,215,200.00","تم السداد 911,400.00","تم السداد 911,400.00","تم السداد 303,800.00",غير مستحقة,0,5772200,كاش,27-Dec-24,0.9453,SKC0135,28-Dec-24
شيماء علي صبري بدوي,2001246882,B2 - A064,Skyline - B2 - A064,4421000,0.9361,"20%, 20%,20%, 15%,15%, 5%, 5%","تم السداد 884,200.00","تم السداد 884,200.00","تم السداد 884,200.00","تم السداد 663,150.00","تم السداد 663,150.00","تم السداد 221,050.00",غير مستحقة,0,4199950,كاش,31-Dec-24,0.9361,SKC0136,31-Dec-24
فرح مصطفى حسين مراد,6285,B2 - B065,Skyline - B2 - B065,5147000,0.9354,"20%, 20%,20%, 15%,15%, 5%, 5%","تم السداد 1,029,400.00","تم السداد 1,029,400.00","تم السداد 1,029,400.00","تم السداد 772,050.00","تم السداد 772,050.00","تم السداد 257,350.00",غير مستحقة,0,4889650,كاش,1-Feb-25,0.9354,SKC0137,3-Feb-25
إبراهيم رجب صبري القاضي,5748250469,B2 - C066,Skyline - B2 - C066,5431000,0.9459,"20%, 20%,20%, 15%,15%, 5%, 5%","تم السداد 1,086,200.00","تم السداد 1,086,200.00","تم السداد 1,086,200.00","تم السداد 814,650.00","تم السداد 814,650.00","تم السداد 271,550.00",غير مستحقة,0,5159450,كاش,9-Dec-24,0.9459,SKC0138,12-Dec-24
كريم نبيل فتحي شاكر,2082072163,B2 - A067,Skyline - B2 - A067,3929000,0.9309,"20%, 20%,20%, 15%,15%, 5%, 5%","تم السداد 785,800.00","تم السداد 785,800.00","تم السداد 785,800.00","تم السداد 589,350.00","تم السداد 589,350.00","تم السداد 196,450.00",غير مستحقة,0,3732550,كاش,20-Dec-24,0.9309,SKC0139,25-Dec-24
أشرف حسين مصطفى الزيات,1434168019,B2 - B068,Skyline - B2 - B068,4180000,0.9364,"20%, 20%,20%, 15%,15%, 5%, 5%","تم السداد 836,000.00","تم السداد 836,000.00","تم السداد 836,000.00","تم السداد 627,000.00","تم السداد 627,000.00","تم السداد 209,000.00",غير مستحقة,0,3971000,كاش,7-Jan-25,0.9364,SKC0140,11-Jan-25
حسين مختار رجب البحيري,9992928030,B2 - C069,Skyline - B2 - C069,5812000,0.956,"20%, 20%,20%, 15%,15%, 5%, 5%","تم السداد 1,162,400.00","تم السداد 1,162,400.00","تم السداد 1,162,400.00","تم السداد 871,800.00","تم السداد 871,800.00","تم السداد 290,600.00",غير مستحقة,0,5521400,كاش,1-Feb-25,0.956,SKC0141,4-Feb-25
محمود علي نبيل الحداد,4521233388,B2 - A070,Skyline - B2 - A070,6144000,0.9584,"20%, 20%,20%, 15%,15%, 5%, 5%","تم السداد 1,228,800.00","تم السداد 1,228,800.00","تم السداد 1,228,800.00","تم السداد 921,600.00","تم السداد 921,600.00","تم السداد 307,200.00",غير مستحقة,0,5836800,كاش,10-Jan-25,0.9584,SKC0142,17-Jan-25
كريم مختار علي داود,8016642322,B2 - B071,Skyline - B2 - B071,3627000,0.9419,"20%, 20%,20%, 15%,15%, 5%, 5%","تم السداد 725,400.00","تم السداد 725,400.00","تم السداد 725,400.00","تم السداد 544,050.00","تم السداد 544,050.00","تم السداد 181,350.00",غير مستحقة,0,3445650,كاش,23-Jan-25,0.9419,SKC0143,26-Jan-25
عبدالرحمن مختار رجب الزيات,5248739779,B2 - C072,Skyline - B2 - C072,5972000,0.9351,"20%, 20%,20%, 15%,15%, 5%, 5%","تم السداد 1,194,400.00","تم السداد 1,194,400.00","تم السداد 1,194,400.00","تم السداد 895,800.00","تم السداد 895,800.00","تم السداد 298,600.00",غير مستحقة,0,5673400,كاش,1-Feb-25,0.9351,SKC0144,1-Feb-25
شريف سليمان علي الشافعي,4061614712,B3 - A001,Skyline - B3 - A001,10337000,0.9479,"20%, 20%,20%, 15%,15%, 5%, 5%","تم السداد 2,067,400.00","تم السداد 2,067,400.00","تم السداد 2,067,400.00","تم السداد 1,550,550.00","تم السداد 1,550,550.00","تم السداد 516,850.00",غير مستحقة,0,9820150,كاش,22-Dec-24,0.9479,SKC0145,26-Dec-24
طارق مختار يوسف حجازي,1542,B3 - B002,Skyline - B3 - B002,3488000,0.9337,"20%, 20%,20%, 15%,15%, 5%, 5%","تم السداد 697,600.00","تم السداد 697,600.00","تم السداد 697,600.00","تم السداد 523,200.00","تم السداد 523,200.00","تم السداد 174,400.00",غير مستحقة,0,3313600,كاش,17-Jan-25,0.9337,SKC0146,23-Jan-25
هاني رشاد سمير الطنطاوي,9029,B3 - C003,Skyline - B3 - C003,4845000,0.9362,"20%, 20%,20%, 15%,15%, 5%, 5%","تم السداد 969,000.00","تم السداد 969,000.00","تم السداد 969,000.00","تم السداد 726,750.00","تم السداد 726,750.00","تم السداد 242,250.00",غير مستحقة,0,4602750,كاش,7-Feb-25,0.9362,SKC0147,12-Feb-25
وليد سليمان صبري داود,9423081644,B3 - A004,Skyline - B3 - A004,7454000,0.9457,"20%, 20%,20%, 15%,15%, 5%, 5%","تم السداد 1,490,800.00","تم السداد 1,490,800.00","تم السداد 1,490,800.00","تم السداد 1,118,100.00","تم السداد 1,118,100.00","تم السداد 372,700.00",غير مستحقة,0,7081300,كاش,14-Dec-24,0.9457,SKC0148,16-Dec-24
محمود لطفي يوسف النحاس,4308029372,B3 - B005,Skyline - B3 - B005,3985000,0.9397,"20%, 20%,20%, 15%,15%, 5%, 5%","تم السداد 797,000.00","تم السداد 797,000.00","تم السداد 797,000.00","تم السداد 597,750.00","تم السداد 597,750.00","تم السداد 199,250.00",غير مستحقة,0,3785750,كاش,29-Jan-25,0.9397,SKC0149,31-Jan-25
معتز كمال نبيل شاكر,3517555733,B3 - C006,Skyline - B3 - C006,5407000,0.9427,"20%, 20%,20%, 15%,15%, 5%, 5%","تم السداد 1,081,400.00","تم السداد 1,081,400.00","تم السداد 1,081,400.00","تم السداد 811,050.00","تم السداد 811,050.00","تم السداد 270,350.00",غير مستحقة,0,5136650,كاش,14-Jan-25,0.9427,SKC0150,19-Jan-25
إسلام رشاد سيد حجازي,9134403713,B3 - A007,Skyline - B3 - A007,10682000,0.9532,"20%, 20%,20%, 15%,15%, 5%, 5%","تم السداد 2,136,400.00","تم السداد 2,136,400.00","تم السداد 2,136,400.00","تم السداد 1,602,300.00","تم السداد 1,602,300.00","تم السداد 534,100.00",غير مستحقة,0,10147900,كاش,6-Jan-25,0.9532,SKC0151,8-Jan-25
أيمن شوقي سليمان عبدالفتاح,7077889242,B3 - B008,Skyline - B3 - B008,6684000,0.9339,"20%, 20%,20%, 15%,15%, 5%, 5%","تم السداد 1,336,800.00","تم السداد 1,336,800.00","تم السداد 1,336,800.00","تم السداد 1,002,600.00","تم السداد 1,002,600.00","تم السداد 334,200.00",غير مستحقة,0,6349800,كاش,28-Dec-24,0.9339,SKC0152,4-Jan-25
وائل عبدالرحمن صبحي الزيات,1059765133,B3 - C009,Skyline - B3 - C009,3667000,0.9545,"20%, 20%,20%, 15%,15%, 5%, 5%","تم السداد 733,400.00","تم السداد 733,400.00","تم السداد 733,400.00","تم السداد 550,050.00","تم السداد 550,050.00","تم السداد 183,350.00",غير مستحقة,0,3483650,كاش,13-Feb-25,0.9545,SKC0153,19-Feb-25
فادي محمد مختار المصري,4704164626,B3 - A010,Skyline - B3 - A010,5945000,0.9562,"20%, 20%,20%, 15%,15%, 5%, 5%","تم السداد 1,189,000.00","تم السداد 1,189,000.00","تم السداد 1,189,000.00","تم السداد 891,750.00","تم السداد 891,750.00","تم السداد 297,250.00",غير مستحقة,0,5647750,كاش,7-Jan-25,0.9562,SKC0154,10-Jan-25
حسام سيد عبدالرحمن سليمان,7770005039,B3 - B011,Skyline - B3 - B011,3546000,0.9525,"20%, 20%,20%, 15%,15%, 5%, 5%","تم السداد 709,200.00","تم السداد 709,200.00","تم السداد 709,200.00","تم السداد 531,900.00","تم السداد 531,900.00","تم السداد 177,300.00",غير مستحقة,0,3368700,كاش,1-Jan-25,0.9525,SKC0155,6-Jan-25
باسم إبراهيم حسن داود,7701589942,B3 - C012,Skyline - B3 - C012,3782000,0.9461,"20%, 20%,20%, 15%,15%, 5%, 5%","تم السداد 756,400.00","تم السداد 756,400.00","تم السداد 756,400.00","تم السداد 567,300.00","تم السداد 567,300.00","تم السداد 189,100.00",غير مستحقة,0,3592900,كاش,31-Dec-24,0.9461,SKC0156,5-Jan-25
أيمن عبدالرحمن سليمان السيد,6454695580,B3 - A013,Skyline - B3 - A013,6797000,0.9429,"20%, 20%,20%, 15%,15%, 5%, 5%","تم السداد 1,359,400.00","تم السداد 1,359,400.00","تم السداد 1,359,400.00","تم السداد 1,019,550.00","تم السداد 1,019,550.00","تم السداد 339,850.00",غير مستحقة,0,6457150,كاش,30-Dec-24,0.9429,SKC0157,6-Jan-25
حسام عبدالله عصام حسين,4182575632,B3 - B014,Skyline - B3 - B014,6118000,0.959,"20%, 20%,20%, 15%,15%, 5%, 5%","تم السداد 1,223,600.00","تم السداد 1,223,600.00","تم السداد 1,223,600.00","تم السداد 917,700.00","تم السداد 917,700.00","تم السداد 305,900.00",غير مستحقة,0,5812100,كاش,26-Jan-25,0.959,SKC0158,2-Feb-25
وائل طارق عاطف الإسكندراني,2040995766,B3 - C015,Skyline - B3 - C015,4036000,0.9585,"20%, 20%,20%, 15%,15%, 5%, 5%","تم السداد 807,200.00","تم السداد 807,200.00","تم السداد 807,200.00","تم السداد 605,400.00","تم السداد 605,400.00","تم السداد 201,800.00",غير مستحقة,0,3834200,كاش,8-Feb-25,0.9585,SKC0159,12-Feb-25
حسام محمد خالد البحيري,2552482106,B3 - A016,Skyline - B3 - A016,3803000,0.9455,"20%, 20%,20%, 15%,15%, 5%, 5%","تم السداد 760,600.00","تم السداد 760,600.00","تم السداد 760,600.00","تم السداد 570,450.00","تم السداد 570,450.00","تم السداد 190,150.00",غير مستحقة,0,3612850,كاش,9-Jan-25,0.9455,SKC0160,9-Jan-25
علي مختار كمال الدسوقي,8963400947,B3 - B017,Skyline - B3 - B017,5333000,0.9669,"20%, 20%,20%, 15%,15%, 5%, 5%","تم السداد 1,066,600.00","تم السداد 1,066,600.00","تم السداد 1,066,600.00","تم السداد 799,950.00","تم السداد 799,950.00","تم السداد 266,650.00",غير مستحقة,0,5066350,كاش,25-Dec-24,0.9669,SKC0161,29-Dec-24
ماجد محمود مختار محمود,4855678700,B3 - C018,Skyline - B3 - C018,6742000,0.9389,"20%, 20%,20%, 15%,15%, 5%, 5%","تم السداد 1,348,400.00","تم السداد 1,348,400.00","تم السداد 1,348,400.00","تم السداد 1,011,300.00","تم السداد 1,011,300.00","تم السداد 337,100.00",غير مستحقة,0,6404900,كاش,10-Feb-25,0.9389,SKC0162,11-Feb-25
هشام محمود صلاح السعدني,1387038416,B3 - A019,Skyline - B3 - A019,6243000,0.9552,"20%, 20%,20%, 15%,15%, 5%, 5%","تم السداد 1,248,600.00","تم السداد 1,248,600.00","تم السداد 1,248,600.00","تم السداد 936,450.00","تم السداد 936,450.00","تم السداد 312,150.00",غير مستحقة,0,5930850,كاش,20-Jan-25,0.9552,SKC0163,25-Jan-25
عبدالرحمن جمال شوقي صبري,8819736375,B3 - B020,Skyline - B3 - B020,4855000,0.9487,"20%, 20%,20%, 15%,15%, 5%, 5%","تم السداد 971,000.00","تم السداد 971,000.00","تم السداد 971,000.00","تم السداد 728,250.00","تم السداد 728,250.00","تم السداد 242,750.00",غير مستحقة,0,4612250,كاش,23-Jan-25,0.9487,SKC0164,28-Jan-25
محمد طارق عادل عبدالسلام,2285257382,B3 - C021,Skyline - B3 - C021,4088000,0.9546,"20%, 20%,20%, 15%,15%, 5%, 5%","تم السداد 817,600.00","تم السداد 817,600.00","تم السداد 817,600.00","تم السداد 613,200.00","تم السداد 613,200.00","تم السداد 204,400.00",غير مستحقة,0,3883600,كاش,16-Feb-25,0.9546,SKC0165,22-Feb-25
يوسف جمال مختار عبدالسلام,4580682838,B3 - A022,Skyline - B3 - A022,5588000,0.9464,"20%, 20%,20%, 15%,15%, 5%, 5%","تم السداد 1,117,600.00","تم السداد 1,117,600.00","تم السداد 1,117,600.00","تم السداد 838,200.00","تم السداد 838,200.00","تم السداد 279,400.00",غير مستحقة,0,5308600,كاش,27-Jan-25,0.9464,SKC0166,2-Feb-25
حسن رجب فاروق عبدالسلام,1212026825,B3 - B023,Skyline - B3 - B023,6010000,0.9521,"20%, 20%,20%, 15%,15%, 5%, 5%","تم السداد 1,202,000.00","تم السداد 1,202,000.00","تم السداد 1,202,000.00","تم السداد 901,500.00","تم السداد 901,500.00","تم السداد 300,500.00",غير مستحقة,0,5709500,كاش,11-Feb-25,0.9521,SKC0167,14-Feb-25
أشرف سليمان سمير عبداللطيف,9272774874,B3 - C024,Skyline - B3 - C024,4972000,0.9614,"20%, 20%,20%, 15%,15%, 5%, 5%","تم السداد 994,400.00","تم السداد 994,400.00","تم السداد 994,400.00","تم السداد 745,800.00","تم السداد 745,800.00","تم السداد 248,600.00",غير مستحقة,0,4723400,كاش,21-Feb-25,0.9614,SKC0168,26-Feb-25
رامز فؤاد رمضان العشري,1148929529,B3 - A025,Skyline - B3 - A025,4883000,0.9667,"20%, 20%,20%, 15%,15%, 5%, 5%","تم السداد 976,600.00","تم السداد 976,600.00","تم السداد 976,600.00","تم السداد 732,450.00","تم السداد 732,450.00","تم السداد 244,150.00",غير مستحقة,0,4638850,كاش,25-Jan-25,0.9667,SKC0169,29-Jan-25
سامي كمال لطفي عبدالسلام,3074436082,B3 - B026,Skyline - B3 - B026,8072000,0.9684,"20%, 20%,20%, 15%,15%, 5%, 5%","تم السداد 1,614,400.00","تم السداد 1,614,400.00","تم السداد 1,614,400.00","تم السداد 1,210,800.00","تم السداد 1,210,800.00","تم السداد 403,600.00",غير مستحقة,0,7668400,كاش,5-Jan-25,0.9684,SKC0170,12-Jan-25
نادر رجب لطفي بدوي,5027330130,B3 - C027,Skyline - B3 - C027,3797000,0.938,"20%, 20%,20%, 15%,15%, 5%, 5%","تم السداد 759,400.00","تم السداد 759,400.00","تم السداد 759,400.00","تم السداد 569,550.00","تم السداد 569,550.00","تم السداد 189,850.00",غير مستحقة,0,3607150,كاش,24-Jan-25,0.938,SKC0171,29-Jan-25
ماجد صلاح خالد سليمان,8477918843,B3 - A028,Skyline - B3 - A028,7051000,0.9604,"20%, 20%,20%, 15%,15%, 5%, 5%","تم السداد 1,410,200.00","تم السداد 1,410,200.00","تم السداد 1,410,200.00","تم السداد 1,057,650.00","تم السداد 1,057,650.00","تم السداد 352,550.00",غير مستحقة,0,6698450,كاش,13-Jan-25,0.9604,SKC0172,13-Jan-25
أيمن فتحي علي الحداد,2640727762,B3 - B029,Skyline - B3 - B029,7352000,0.9681,"20%, 20%,20%, 15%,15%, 5%, 5%","تم السداد 1,470,400.00","تم السداد 1,470,400.00","تم السداد 1,470,400.00","تم السداد 1,102,800.00","تم السداد 1,102,800.00","تم السداد 367,600.00",غير مستحقة,0,6984400,كاش,22-Jan-25,0.9681,SKC0173,27-Jan-25
فادي حمدي خالد الرفاعي,3956170594,B3 - C030,Skyline - B3 - C030,7799000,0.9638,"20%, 20%,20%, 15%,15%, 5%, 5%","تم السداد 1,559,800.00","تم السداد 1,559,800.00","تم السداد 1,559,800.00","تم السداد 1,169,850.00","تم السداد 1,169,850.00","تم السداد 389,950.00",غير مستحقة,0,7409050,كاش,15-Jan-25,0.9638,SKC0174,17-Jan-25
باسم رشاد صلاح علي,8096567731,B3 - A031,Skyline - B3 - A031,7587000,0.951,"20%, 20%,20%, 15%,15%, 5%, 5%","تم السداد 1,517,400.00","تم السداد 1,517,400.00","تم السداد 1,517,400.00","تم السداد 1,138,050.00","تم السداد 1,138,050.00","تم السداد 379,350.00",غير مستحقة,0,7207650,كاش,15-Jan-25,0.951,SKC0175,22-Jan-25
خالد محمد فتحي رمضان,4976856213,B3 - B032,Skyline - B3 - B032,4949000,0.9619,"20%, 20%,20%, 15%,15%, 5%, 5%","تم السداد 989,800.00","تم السداد 989,800.00","تم السداد 989,800.00","تم السداد 742,350.00","تم السداد 742,350.00","تم السداد 247,450.00",غير مستحقة,0,4701550,كاش,21-Jan-25,0.9619,SKC0176,22-Jan-25
إسلام سليمان حسن السمان,1882506445,B3 - C033,Skyline - B3 - C033,6983000,0.9542,"20%, 20%,20%, 15%,15%, 5%, 5%","تم السداد 1,396,600.00","تم السداد 1,396,600.00","تم السداد 1,396,600.00","تم السداد 1,047,450.00","تم السداد 1,047,450.00","تم السداد 349,150.00",غير مستحقة,0,6633850,كاش,8-Jan-25,0.9542,SKC0177,9-Jan-25
رامز عادل خالد القاضي,1660188602,B3 - A034,Skyline - B3 - A034,4526000,0.9397,"20%, 20%,20%, 15%,15%, 5%, 5%","تم السداد 905,200.00","تم السداد 905,200.00","تم السداد 905,200.00","تم السداد 678,900.00","تم السداد 678,900.00","تم السداد 226,300.00",غير مستحقة,0,4299700,كاش,23-Jan-25,0.9397,SKC0178,29-Jan-25
مروان أحمد يوسف حجازي,9161704779,B3 - B035,Skyline - B3 - B035,5832000,0.9602,"20%, 20%,20%, 15%,15%, 5%, 5%","تم السداد 1,166,400.00","تم السداد 1,166,400.00","تم السداد 1,166,400.00","تم السداد 874,800.00","تم السداد 874,800.00","تم السداد 291,600.00",غير مستحقة,0,5540400,كاش,23-Jan-25,0.9602,SKC0179,26-Jan-25
وليد سليمان سعيد عبدالفتاح,5909309728,B3 - C036,Skyline - B3 - C036,4784000,0.9372,"20%, 20%,20%, 15%,15%, 5%, 5%","تم السداد 956,800.00","تم السداد 956,800.00","تم السداد 956,800.00","تم السداد 717,600.00","تم السداد 717,600.00","تم السداد 239,200.00",غير مستحقة,0,4544800,كاش,24-Feb-25,0.9372,SKC0180,3-Mar-25
محمود حسين مجدي السمان,2661661991,B3 - A037,Skyline - B3 - A037,4859000,0.9636,"20%, 20%,20%, 15%,15%, 5%, 5%","تم السداد 971,800.00","تم السداد 971,800.00","تم السداد 971,800.00","تم السداد 728,850.00","تم السداد 728,850.00","تم السداد 242,950.00",غير مستحقة,0,4616050,كاش,27-Feb-25,0.9636,SKC0181,4-Mar-25
مروان جابر فؤاد شحاتة,9941948770,B3 - B038,Skyline - B3 - B038,4628000,0.9487,"20%, 20%,20%, 15%,15%, 5%, 5%","تم السداد 925,600.00","تم السداد 925,600.00","تم السداد 925,600.00","تم السداد 694,200.00","تم السداد 694,200.00","تم السداد 231,400.00",غير مستحقة,0,4396600,كاش,11-Jan-25,0.9487,SKC0182,12-Jan-25
إسلام عبدالله سمير الزيني,9930043141,B3 - C039,Skyline - B3 - C039,4612000,0.9538,"20%, 20%,20%, 15%,15%, 5%, 5%","تم السداد 922,400.00","تم السداد 922,400.00","تم السداد 922,400.00","تم السداد 691,800.00","تم السداد 691,800.00","تم السداد 230,600.00",غير مستحقة,0,4381400,كاش,20-Feb-25,0.9538,SKC0183,22-Feb-25
شادي سليمان فتحي الدمرداش,6503857267,B3 - A040,Skyline - B3 - A040,5491000,0.9681,"20%, 20%,20%, 15%,15%, 5%, 5%","تم السداد 1,098,200.00","تم السداد 1,098,200.00","تم السداد 1,098,200.00","تم السداد 823,650.00","تم السداد 823,650.00","تم السداد 274,550.00",غير مستحقة,0,5216450,كاش,6-Feb-25,0.9681,SKC0184,10-Feb-25
معتز محمد إسماعيل عبدالفتاح,6982860703,B3 - B041,Skyline - B3 - B041,4510000,0.9581,"20%, 20%,20%, 15%,15%, 5%, 5%","تم السداد 902,000.00","تم السداد 902,000.00","تم السداد 902,000.00","تم السداد 676,500.00","تم السداد 676,500.00","تم السداد 225,500.00",غير مستحقة,0,4284500,كاش,7-Mar-25,0.9581,SKC0185,11-Mar-25
ياسين صلاح طارق حسن,8059764447,B3 - C042,Skyline - B3 - C042,4311000,0.9631,"20%, 20%,20%, 15%,15%, 5%, 5%","تم السداد 862,200.00","تم السداد 862,200.00","تم السداد 862,200.00","تم السداد 646,650.00","تم السداد 646,650.00","تم السداد 215,550.00",غير مستحقة,0,4095450,كاش,15-Jan-25,0.9631,SKC0186,21-Jan-25
عمر صبري خالد البدري,7055155799,B3 - A043,Skyline - B3 - A043,4805000,0.9715,"20%, 20%,20%, 15%,15%, 5%, 5%","تم السداد 961,000.00","تم السداد 961,000.00","تم السداد 961,000.00","تم السداد 720,750.00","تم السداد 720,750.00","تم السداد 240,250.00",غير مستحقة,0,4564750,كاش,23-Feb-25,0.9715,SKC0187,23-Feb-25
حسام محمد فتحي جابر,4524240023,B3 - B044,Skyline - B3 - B044,3580000,0.9385,"20%, 20%,20%, 15%,15%, 5%, 5%","تم السداد 716,000.00","تم السداد 716,000.00","تم السداد 716,000.00","تم السداد 537,000.00","تم السداد 537,000.00","تم السداد 179,000.00",غير مستحقة,0,3401000,كاش,23-Jan-25,0.9385,SKC0188,30-Jan-25
محمود صبحي طارق عبدالمقصود,8590543547,B3 - C045,Skyline - B3 - C045,6456000,0.949,"20%, 20%,20%, 15%,15%, 5%, 5%","تم السداد 1,291,200.00","تم السداد 1,291,200.00","تم السداد 1,291,200.00","تم السداد 968,400.00","تم السداد 968,400.00","تم السداد 322,800.00",غير مستحقة,0,6133200,كاش,10-Feb-25,0.949,SKC0189,13-Feb-25
محمود كمال عاطف العشري,1341395263,B3 - A046,Skyline - B3 - A046,6402000,0.9716,"20%, 20%,20%, 15%,15%, 5%, 5%","تم السداد 1,280,400.00","تم السداد 1,280,400.00","تم السداد 1,280,400.00","تم السداد 960,300.00","تم السداد 960,300.00","تم السداد 320,100.00",غير مستحقة,0,6081900,كاش,9-Feb-25,0.9716,SKC0190,10-Feb-25
مريم مجدي جمال الزيات,4918871019,B3 - B047,Skyline - B3 - B047,4361000,0.9381,"20%, 20%,20%, 15%,15%, 5%, 5%","تم السداد 872,200.00","تم السداد 872,200.00","تم السداد 872,200.00","تم السداد 654,150.00","تم السداد 654,150.00","تم السداد 218,050.00",غير مستحقة,0,4142950,كاش,11-Mar-25,0.9381,SKC0191,15-Mar-25
حسام كمال مختار القاضي,3343690700,B3 - C048,Skyline - B3 - C048,4210000,0.9407,"20%, 20%,20%, 15%,15%, 5%, 5%","تم السداد 842,000.00","تم السداد 842,000.00","تم السداد 842,000.00","تم السداد 631,500.00","تم السداد 631,500.00","تم السداد 210,500.00",غير مستحقة,0,3999500,كاش,13-Mar-25,0.9407,SKC0192,19-Mar-25
رامز سمير صبحي صبري,9225230473,B3 - A049,Skyline - B3 - A049,4928000,0.9405,"20%, 20%,20%, 15%,15%, 5%, 5%","تم السداد 985,600.00","تم السداد 985,600.00","تم السداد 985,600.00","تم السداد 739,200.00","تم السداد 739,200.00","تم السداد 246,400.00",غير مستحقة,0,4681600,كاش,27-Jan-25,0.9405,SKC0193,3-Feb-25
سامح فاروق مجدي النجار,9388694733,B3 - B050,Skyline - B3 - B050,3954000,0.9498,"20%, 20%,20%, 15%,15%, 5%, 5%","تم السداد 790,800.00","تم السداد 790,800.00","تم السداد 790,800.00","تم السداد 593,100.00","تم السداد 593,100.00","تم السداد 197,700.00",غير مستحقة,0,3756300,كاش,17-Feb-25,0.9498,SKC0194,19-Feb-25
مجدي سعيد خالد سليمان,4196586036,B3 - C051,Skyline - B3 - C051,3857000,0.9413,"20%, 20%,20%, 15%,15%, 5%, 5%","تم السداد 771,400.00","تم السداد 771,400.00","تم السداد 771,400.00","تم السداد 578,550.00","تم السداد 578,550.00","تم السداد 192,850.00",غير مستحقة,0,3664150,كاش,11-Mar-25,0.9413,SKC0195,16-Mar-25
مروان سليمان جابر الوكيل,9056719435,B3 - A052,Skyline - B3 - A052,6286000,0.9459,"20%, 20%,20%, 15%,15%, 5%, 5%","تم السداد 1,257,200.00","تم السداد 1,257,200.00","تم السداد 1,257,200.00","تم السداد 942,900.00","تم السداد 942,900.00","تم السداد 314,300.00",غير مستحقة,0,5971700,كاش,24-Jan-25,0.9459,SKC0196,28-Jan-25
أدهم صلاح حمدي الجندي,7798479241,B3 - B053,Skyline - B3 - B053,6017000,0.9468,"20%, 20%,20%, 15%,15%, 5%, 5%","تم السداد 1,203,400.00","تم السداد 1,203,400.00","تم السداد 1,203,400.00","تم السداد 902,550.00","تم السداد 902,550.00","تم السداد 300,850.00",غير مستحقة,0,5716150,كاش,13-Mar-25,0.9468,SKC0197,20-Mar-25
أشرف طارق رشاد الدسوقي,4130371942,B3 - C054,Skyline - B3 - C054,10463000,0.9359,"20%, 20%,20%, 15%,15%, 5%, 5%","تم السداد 2,092,600.00","تم السداد 2,092,600.00","تم السداد 2,092,600.00","تم السداد 1,569,450.00","تم السداد 1,569,450.00","تم السداد 523,150.00",غير مستحقة,0,9939850,كاش,14-Feb-25,0.9359,SKC0198,20-Feb-25
فادي كمال رشاد داود,9315067063,B3 - A055,Skyline - B3 - A055,5354000,0.9501,"20%, 20%,20%, 15%,15%, 5%, 5%","تم السداد 1,070,800.00","تم السداد 1,070,800.00","تم السداد 1,070,800.00","تم السداد 803,100.00","تم السداد 803,100.00","تم السداد 267,700.00",غير مستحقة,0,5086300,كاش,19-Mar-25,0.9501,SKC0199,21-Mar-25
عمر كمال خالد علي,4308820580,B3 - B056,Skyline - B3 - B056,2710310000,0.9403,"20%, 20%,20%, 15%,15%, 5%, 5%","تم السداد 542,062,000.00","تم السداد 542,062,000.00","تم السداد 542,062,000.00","تم السداد 406,546,500.00","تم السداد 406,546,500.00","تم السداد 135,515,500.00",غير مستحقة,0,2574794500,كاش,29-Dec-24,0.9403,SKC0200,1-Jan-25
سامح فتحي كمال عبدالسلام,5632532639,B3 - C057,Skyline - B3 - C057,5209000,0.9463,"20%, 20%,20%, 15%,15%, 5%, 5%","تم السداد 1,041,800.00","تم السداد 1,041,800.00","تم السداد 1,041,800.00","تم السداد 781,350.00","تم السداد 781,350.00","تم السداد 260,450.00",غير مستحقة,0,4948550,كاش,19-Mar-25,0.9463,SKC0201,22-Mar-25
عبدالله سعيد إسماعيل فوزي,3561858430,B3 - A058,Skyline - B3 - A058,3413000,0.9554,"20%, 20%,20%, 15%,15%, 5%, 5%","تم السداد 682,600.00","تم السداد 682,600.00","تم السداد 682,600.00","تم السداد 511,950.00","تم السداد 511,950.00","تم السداد 170,650.00",غير مستحقة,0,3242350,كاش,21-Feb-25,0.9554,SKC0202,27-Feb-25
علاء نبيل سليمان سالم,6784754930,B3 - B059,Skyline - B3 - B059,4873000,0.9335,"20%, 20%,20%, 15%,15%, 5%, 5%","تم السداد 974,600.00","تم السداد 974,600.00","تم السداد 974,600.00","تم السداد 730,950.00","تم السداد 730,950.00","تم السداد 243,650.00",غير مستحقة,0,4629350,كاش,24-Mar-25,0.9335,SKC0203,31-Mar-25
سامح فتحي رجب النحاس,6726404915,B3 - C060,Skyline - B3 - C060,7384000,0.9708,"20%, 20%,20%, 15%,15%, 5%, 5%","تم السداد 1,476,800.00","تم السداد 1,476,800.00","تم السداد 1,476,800.00","تم السداد 1,107,600.00","تم السداد 1,107,600.00","تم السداد 369,200.00",غير مستحقة,0,7014800,كاش,9-Feb-25,0.9708,SKC0204,9-Feb-25
هاني صبحي عاطف يونس,4499100145,B3 - A061,Skyline - B3 - A061,4891000,0.9537,"20%, 20%,20%, 15%,15%, 5%, 5%","تم السداد 978,200.00","تم السداد 978,200.00","تم السداد 978,200.00","تم السداد 733,650.00","تم السداد 733,650.00","تم السداد 244,550.00",غير مستحقة,0,4646450,كاش,5-Mar-25,0.9537,SKC0205,9-Mar-25
إبراهيم محمود أحمد حجازي,7165855213,B3 - B062,Skyline - B3 - B062,3871000,0.9475,"20%, 20%,20%, 15%,15%, 5%, 5%","تم السداد 774,200.00","تم السداد 774,200.00","تم السداد 774,200.00","تم السداد 580,650.00","تم السداد 580,650.00","تم السداد 193,550.00",غير مستحقة,0,3677450,كاش,22-Mar-25,0.9475,SKC0206,28-Mar-25
إبراهيم صبري سمير المنياوي,1648010231,B3 - C063,Skyline - B3 - C063,6909000,0.9631,"20%, 20%,20%, 15%,15%, 5%, 5%","تم السداد 1,381,800.00","تم السداد 1,381,800.00","تم السداد 1,381,800.00","تم السداد 1,036,350.00","تم السداد 1,036,350.00","تم السداد 345,450.00",غير مستحقة,0,6563550,كاش,4-Mar-25,0.9631,SKC0207,10-Mar-25
هشام مختار رجب النحاس,7523193874,B3 - A064,Skyline - B3 - A064,5380000,0.9561,"20%, 20%,20%, 15%,15%, 5%, 5%","تم السداد 1,076,000.00","تم السداد 1,076,000.00","تم السداد 1,076,000.00","تم السداد 807,000.00","تم السداد 807,000.00","تم السداد 269,000.00",غير مستحقة,0,5111000,كاش,31-Mar-25,0.9561,SKC0208,2-Apr-25
ماجد كمال جابر شحاتة,7462491465,B3 - B065,Skyline - B3 - B065,4804000,0.9476,"20%, 20%,20%, 15%,15%, 5%, 5%","تم السداد 960,800.00","تم السداد 960,800.00","تم السداد 960,800.00","تم السداد 720,600.00","تم السداد 720,600.00","تم السداد 240,200.00",غير مستحقة,0,4563800,كاش,15-Mar-25,0.9476,SKC0209,17-Mar-25
ماهر نبيل مجدي عبدالمقصود,3150916132,B3 - C066,Skyline - B3 - C066,4497000,0.9644,"20%, 20%,20%, 15%,15%, 5%, 5%","تم السداد 899,400.00","تم السداد 899,400.00","تم السداد 899,400.00","تم السداد 674,550.00","تم السداد 674,550.00","تم السداد 224,850.00",غير مستحقة,0,4272150,كاش,17-Feb-25,0.9644,SKC0210,21-Feb-25
شادي لطفي نبيل جابر,8938021266,B3 - A067,Skyline - B3 - A067,3783000,0.9473,"20%, 20%,20%, 15%,15%, 5%, 5%","تم السداد 756,600.00","تم السداد 756,600.00","تم السداد 756,600.00","تم السداد 567,450.00","تم السداد 567,450.00","تم السداد 189,150.00",غير مستحقة,0,3593850,كاش,9-Mar-25,0.9473,SKC0211,16-Mar-25
نادر سليمان يوسف سليمان,3413678749,B3 - B068,Skyline - B3 - B068,4357000,0.9376,"20%, 20%,20%, 15%,15%, 5%, 5%","تم السداد 871,400.00","تم السداد 871,400.00","تم السداد 871,400.00","تم السداد 653,550.00","تم السداد 653,550.00","تم السداد 217,850.00",غير مستحقة,0,4139150,كاش,6-Apr-25,0.9376,SKC0212,12-Apr-25
عمر سعيد فتحي صادق,7471169751,B3 - C069,Skyline - B3 - C069,7279000,0.9419,"20%, 20%,20%, 15%,15%, 5%, 5%","تم السداد 1,455,800.00","تم السداد 1,455,800.00","تم السداد 1,455,800.00","تم السداد 1,091,850.00","تم السداد 1,091,850.00","تم السداد 363,950.00",غير مستحقة,0,6915050,كاش,20-Mar-25,0.9419,SKC0213,23-Mar-25
محمد حسين طارق مصطفى,5799312161,B3 - A070,Skyline - B3 - A070,3833000,0.9573,"20%, 20%,20%, 15%,15%, 5%, 5%","تم السداد 766,600.00","تم السداد 766,600.00","تم السداد 766,600.00","تم السداد 574,950.00","تم السداد 574,950.00","تم السداد 191,650.00",غير مستحقة,0,3641350,كاش,19-Mar-25,0.9573,SKC0214,20-Mar-25
تامر رمضان فؤاد عبدالحليم,4468838739,B3 - B071,Skyline - B3 - B071,6171000,0.9342,"20%, 20%,20%, 15%,15%, 5%, 5%","تم السداد 1,234,200.00","تم السداد 1,234,200.00","تم السداد 1,234,200.00","تم السداد 925,650.00","تم السداد 925,650.00","تم السداد 308,550.00",غير مستحقة,0,5862450,كاش,21-Feb-25,0.9342,SKC0215,28-Feb-25
هاجر فتحي علي صبري,2974577957,B3 - C072,Skyline - B3 - C072,4793000,0.9493,"20%, 20%,20%, 15%,15%, 5%, 5%","تم السداد 958,600.00","تم السداد 958,600.00","تم السداد 958,600.00","تم السداد 718,950.00","تم السداد 718,950.00","تم السداد 239,650.00",غير مستحقة,0,4553350,كاش,12-Mar-25,0.9493,SKC0216,16-Mar-25
شادي شوقي صبري بدوي,7127119703,B4 - A001,Skyline - B4 - A001,4309000,0.9402,"20%, 20%,20%, 15%,15%, 5%, 5%","تم السداد 861,800.00","تم السداد 861,800.00","تم السداد 861,800.00","تم السداد 646,350.00","تم السداد 646,350.00","تم السداد 215,450.00",غير مستحقة,0,4093550,كاش,19-Mar-25,0.9402,SKC0217,21-Mar-25
شادي عصام شوقي بدوي,3595216448,B4 - B002,Skyline - B4 - B002,6390000,0.9654,"20%, 20%,20%, 15%,15%, 5%, 5%","تم السداد 1,278,000.00","تم السداد 1,278,000.00","تم السداد 1,278,000.00","تم السداد 958,500.00","تم السداد 958,500.00","تم السداد 319,500.00",غير مستحقة,0,6070500,كاش,18-Mar-25,0.9654,SKC0218,19-Mar-25
علي فتحي رجب القاضي,3473851584,B4 - C003,Skyline - B4 - C003,6636000,0.9388,"20%, 20%,20%, 15%,15%, 5%, 5%","تم السداد 1,327,200.00","تم السداد 1,327,200.00","تم السداد 1,327,200.00","تم السداد 995,400.00","تم السداد 995,400.00","تم السداد 331,800.00",غير مستحقة,0,6304200,كاش,27-Mar-25,0.9388,SKC0219,28-Mar-25
وليد رشاد إسماعيل مراد,9492086310,B4 - A004,Skyline - B4 - A004,6842000,0.9438,"20%, 20%,20%, 15%,15%, 5%, 5%","تم السداد 1,368,400.00","تم السداد 1,368,400.00","تم السداد 1,368,400.00","تم السداد 1,026,300.00","تم السداد 1,026,300.00","تم السداد 342,100.00",غير مستحقة,0,6499900,كاش,19-Mar-25,0.9438,SKC0220,20-Mar-25
مجدي رمضان حسن السمان,4246,B4 - B005,Skyline - B4 - B005,5357000,0.9422,"20%, 20%,20%, 15%,15%, 5%, 5%","تم السداد 1,071,400.00","تم السداد 1,071,400.00","تم السداد 1,071,400.00","تم السداد 803,550.00","تم السداد 803,550.00","تم السداد 267,850.00",غير مستحقة,0,5089150,كاش,15-Mar-25,0.9422,SKC0221,19-Mar-25
تامر عبدالله رمضان داود,4446066567,B4 - C006,Skyline - B4 - C006,7386000,0.9412,"20%, 20%,20%, 15%,15%, 5%, 5%","تم السداد 1,477,200.00","تم السداد 1,477,200.00","تم السداد 1,477,200.00","تم السداد 1,107,900.00","تم السداد 1,107,900.00","تم السداد 369,300.00",غير مستحقة,0,7016700,كاش,25-Mar-25,0.9412,SKC0222,1-Apr-25
ماهر رشاد صبري علي,9747086953,B4 - A007,Skyline - B4 - A007,3855000,0.9472,"20%, 20%,20%, 15%,15%, 5%, 5%","تم السداد 771,000.00","تم السداد 771,000.00","تم السداد 771,000.00","تم السداد 578,250.00","تم السداد 578,250.00","تم السداد 192,750.00",غير مستحقة,0,3662250,كاش,2-Apr-25,0.9472,SKC0223,2-Apr-25
أشرف حسن محمود داود,9061469632,B4 - B008,Skyline - B4 - B008,7256000,0.9587,"20%, 20%,20%, 15%,15%, 5%, 5%","تم السداد 1,451,200.00","تم السداد 1,451,200.00","تم السداد 1,451,200.00","تم السداد 1,088,400.00","تم السداد 1,088,400.00","تم السداد 362,800.00",غير مستحقة,0,6893200,كاش,30-Mar-25,0.9587,SKC0224,4-Apr-25
عمر إسماعيل أحمد البدري,9350666435,B4 - C009,Skyline - B4 - C009,6711000,0.9701,"20%, 20%,20%, 15%,15%, 5%, 5%","تم السداد 1,342,200.00","تم السداد 1,342,200.00","تم السداد 1,342,200.00","تم السداد 1,006,650.00","تم السداد 1,006,650.00","تم السداد 335,550.00",غير مستحقة,0,6375450,كاش,1-May-25,0.9701,SKC0225,5-May-25
يوسف رشاد عاطف الوكيل,7499784885,B4 - A010,Skyline - B4 - A010,6855000,0.9396,"20%, 20%,20%, 15%,15%, 5%, 5%","تم السداد 1,371,000.00","تم السداد 1,371,000.00","تم السداد 1,371,000.00","تم السداد 1,028,250.00","تم السداد 1,028,250.00","تم السداد 342,750.00",غير مستحقة,0,6512250,كاش,10-May-25,0.9396,SKC0226,16-May-25
أماني كمال عصام الشافعي,7976898079,B4 - B011,Skyline - B4 - B011,3779000,0.9374,"20%, 20%,20%, 15%,15%, 5%, 5%","تم السداد 755,800.00","تم السداد 755,800.00","تم السداد 755,800.00","تم السداد 566,850.00","تم السداد 566,850.00","تم السداد 188,950.00",غير مستحقة,0,3590050,كاش,7-May-25,0.9374,SKC0227,9-May-25
إيمان عبدالرحمن علي الجندي,6462350538,B4 - C012,Skyline - B4 - C012,5185000,0.9485,"20%, 20%,20%, 15%,15%, 5%, 5%","تم السداد 1,037,000.00","تم السداد 1,037,000.00","تم السداد 1,037,000.00","تم السداد 777,750.00","تم السداد 777,750.00","تم السداد 259,250.00",غير مستحقة,0,4925750,كاش,24-May-25,0.9485,SKC0228,24-May-25
هبة فاروق طارق شحاتة,2813022163,B4 - A013,Skyline - B4 - A013,4470000,0.9525,"20%, 20%,20%, 15%,15%, 5%, 5%","تم السداد 894,000.00","تم السداد 894,000.00","تم السداد 894,000.00","تم السداد 670,500.00","تم السداد 670,500.00","تم السداد 223,500.00",غير مستحقة,0,4246500,كاش,5-Apr-25,0.9525,SKC0229,9-Apr-25
حازم مصطفى صبحي المنشاوي,3820297550,B4 - B014,Skyline - B4 - B014,5016000,0.9479,"20%, 20%,20%, 15%,15%, 5%, 5%","تم السداد 1,003,200.00","تم السداد 1,003,200.00","تم السداد 1,003,200.00","تم السداد 752,400.00","تم السداد 752,400.00","تم السداد 250,800.00",غير مستحقة,0,4765200,كاش,26-May-25,0.9479,SKC0230,28-May-25
عبدالرحمن رشاد فتحي لطفي,7314711272,B4 - C015,Skyline - B4 - C015,11549000,0.9388,"20%, 20%,20%, 15%,15%, 5%, 5%","تم السداد 2,309,800.00","تم السداد 2,309,800.00","تم السداد 2,309,800.00","تم السداد 1,732,350.00","تم السداد 1,732,350.00","تم السداد 577,450.00",غير مستحقة,0,10971550,كاش,2-May-25,0.9388,SKC0231,5-May-25
خالد حمدي نبيل الإسكندراني,9733244567,B4 - A016,Skyline - B4 - A016,4795000,0.9297,"20%, 20%,20%, 15%,15%, 5%, 5%","تم السداد 959,000.00","تم السداد 959,000.00","تم السداد 959,000.00","تم السداد 719,250.00","تم السداد 719,250.00","تم السداد 239,750.00",غير مستحقة,0,4555250,كاش,4-May-25,0.9297,SKC0232,4-May-25
عمر عاطف شوقي السعدني,6820348408,B4 - B017,Skyline - B4 - B017,6379000,0.9463,"20%, 20%,20%, 15%,15%, 5%, 5%","تم السداد 1,275,800.00","تم السداد 1,275,800.00","تم السداد 1,275,800.00","تم السداد 956,850.00","تم السداد 956,850.00","تم السداد 318,950.00",غير مستحقة,0,6060050,كاش,20-Apr-25,0.9463,SKC0233,25-Apr-25
علي لطفي رمضان الجندي,3128604555,B4 - C018,Skyline - B4 - C018,6115000,0.9493,"20%, 20%,20%, 15%,15%, 5%, 5%","تم السداد 1,223,000.00","تم السداد 1,223,000.00","تم السداد 1,223,000.00","تم السداد 917,250.00","تم السداد 917,250.00","تم السداد 305,750.00",غير مستحقة,0,5809250,كاش,10-Jun-25,0.9493,SKC0234,17-Jun-25
سامي فتحي جابر عبدالعال,2042615354,B4 - A019,Skyline - B4 - A019,7254000,0.9322,"20%, 20%,20%, 15%,15%, 5%, 5%","تم السداد 1,450,800.00","تم السداد 1,450,800.00","تم السداد 1,450,800.00","تم السداد 1,088,100.00","تم السداد 1,088,100.00","تم السداد 362,700.00",غير مستحقة,0,6891300,كاش,20-Apr-25,0.9322,SKC0235,21-Apr-25
تامر عصام كمال عبدالسلام,6563361734,B4 - B020,Skyline - B4 - B020,7803000,0.9631,"20%, 20%,20%, 15%,15%, 5%, 5%","تم السداد 1,560,600.00","تم السداد 1,560,600.00","تم السداد 1,560,600.00","تم السداد 1,170,450.00","تم السداد 1,170,450.00","تم السداد 390,150.00",غير مستحقة,0,7412850,كاش,26-May-25,0.9631,SKC0236,28-May-25
حازم رمضان مصطفى عبدالمقصود,1442970342,B4 - C021,Skyline - B4 - C021,4196000,0.959,"20%, 20%,20%, 15%,15%, 5%, 5%","تم السداد 839,200.00","تم السداد 839,200.00","تم السداد 839,200.00","تم السداد 629,400.00","تم السداد 629,400.00","تم السداد 209,800.00",غير مستحقة,0,3986200,كاش,23-May-25,0.959,SKC0237,25-May-25
تامر عبدالله جمال حجازي,4154433741,B4 - A022,Skyline - B4 - A022,3921000,0.948,"20%, 20%,20%, 15%,15%, 5%, 5%","تم السداد 784,200.00","تم السداد 784,200.00","تم السداد 784,200.00","تم السداد 588,150.00","تم السداد 588,150.00","تم السداد 196,050.00",غير مستحقة,0,3724950,كاش,9-Jun-25,0.948,SKC0238,11-Jun-25
حنان إبراهيم نبيل فوزي,2859829159,B4 - B023,Skyline - B4 - B023,4197000,0.946,"20%, 20%,20%, 15%,15%, 5%, 5%","تم السداد 839,400.00","تم السداد 839,400.00","تم السداد 839,400.00","تم السداد 629,550.00","تم السداد 629,550.00","تم السداد 209,850.00",غير مستحقة,0,3987150,كاش,5-Jun-25,0.946,SKC0239,10-Jun-25
سامح محمد صلاح الزيني,6408229828,B4 - C024,Skyline - B4 - C024,6331000,0.9649,"20%, 20%,20%, 15%,15%, 5%, 5%","تم السداد 1,266,200.00","تم السداد 1,266,200.00","تم السداد 1,266,200.00","تم السداد 949,650.00","تم السداد 949,650.00","تم السداد 316,550.00",غير مستحقة,0,6014450,كاش,1-Jul-25,0.9649,SKC0240,1-Jul-25
رؤوف كمال سيد عبدالحليم,2472045989,B4 - A025,Skyline - B4 - A025,4881000,0.9347,"20%, 20%,20%, 15%,15%, 5%, 5%","تم السداد 976,200.00","تم السداد 976,200.00","تم السداد 976,200.00","تم السداد 732,150.00","تم السداد 732,150.00","تم السداد 244,050.00",غير مستحقة,0,4636950,كاش,2-Jul-25,0.9347,SKC0241,6-Jul-25
رامز رشاد عصام أمين,9969,B4 - B026,Skyline - B4 - B026,5950000,0.9596,"20%, 20%,20%, 15%,15%, 5%, 5%","تم السداد 1,190,000.00","تم السداد 1,190,000.00","تم السداد 1,190,000.00","تم السداد 892,500.00","تم السداد 892,500.00","تم السداد 297,500.00",غير مستحقة,0,5652500,كاش,15-Jun-25,0.9596,SKC0242,15-Jun-25
إسراء محمود إسماعيل مبارك,4969994754,B4 - C027,Skyline - B4 - C027,4877000,0.9376,"20%, 20%,20%, 15%,15%, 5%, 5%","تم السداد 975,400.00","تم السداد 975,400.00","تم السداد 975,400.00","تم السداد 731,550.00","تم السداد 731,550.00","تم السداد 243,850.00",غير مستحقة,0,4633150,كاش,14-Jun-25,0.9376,SKC0243,16-Jun-25
بيشوي كمال حمدي العطار,4879620142,B4 - A028,Skyline - B4 - A028,4747000,0.9261,"20%, 20%,20%, 15%,15%, 5%, 5%","تم السداد 949,400.00","تم السداد 949,400.00","تم السداد 949,400.00","تم السداد 712,050.00","تم السداد 712,050.00","تم السداد 237,350.00",غير مستحقة,0,4509650,كاش,29-Jul-25,0.9261,SKC0244,31-Jul-25
سامح خالد فتحي الزيات,3721127242,B4 - B029,Skyline - B4 - B029,6215000,0.932,"20%, 20%,20%, 15%,15%, 5%, 5%","تم السداد 1,243,000.00","تم السداد 1,243,000.00","تم السداد 1,243,000.00","تم السداد 932,250.00","تم السداد 932,250.00","تم السداد 310,750.00",غير مستحقة,0,5904250,كاش,5-Aug-25,0.932,SKC0245,6-Aug-25
باسم شوقي عادل سالم,7632342143,B4 - C030,Skyline - B4 - C030,4110000,0.9647,"20%, 20%,20%, 15%,15%, 5%, 5%","تم السداد 822,000.00","تم السداد 822,000.00","تم السداد 822,000.00","تم السداد 616,500.00","تم السداد 616,500.00","تم السداد 205,500.00",غير مستحقة,0,3904500,كاش,21-Aug-25,0.9647,SKC0246,25-Aug-25
نهى حسن كمال السوهاجي,6364747173,B4 - A031,Skyline - B4 - A031,4200000,0.9352,"20%, 20%,20%, 15%,15%, 5%, 5%","تم السداد 840,000.00","تم السداد 840,000.00","تم السداد 840,000.00","تم السداد 630,000.00","تم السداد 630,000.00","تم السداد 210,000.00",غير مستحقة,0,3990000,كاش,3-Aug-25,0.9352,SKC0247,3-Aug-25
خالد حسين فؤاد إبراهيم,7880407824,B4 - B032,Skyline - B4 - B032,4243000,0.9687,"20%, 20%,20%, 15%,15%, 5%, 5%","تم السداد 848,600.00","تم السداد 848,600.00","تم السداد 848,600.00","تم السداد 636,450.00","تم السداد 636,450.00","تم السداد 212,150.00",غير مستحقة,0,4030850,كاش,3-Aug-25,0.9687,SKC0248,5-Aug-25
رضوى عبدالرحمن حمدي السعدني,5099679823,B4 - C033,Skyline - B4 - C033,3846000,0.9368,"20%, 20%,20%, 15%,15%, 5%, 5%","تم السداد 769,200.00","تم السداد 769,200.00","تم السداد 769,200.00","تم السداد 576,900.00","تم السداد 576,900.00","تم السداد 192,300.00",غير مستحقة,0,3653700,كاش,24-Jul-25,0.9368,SKC0249,26-Jul-25
رامز نبيل أحمد المنشاوي,4438340580,B4 - A034,Skyline - B4 - A034,3637000,0.9399,"20%, 20%,20%, 15%,15%, 5%, 5%","تم السداد 727,400.00","تم السداد 727,400.00","تم السداد 727,400.00","تم السداد 545,550.00","تم السداد 545,550.00","تم السداد 181,850.00",غير مستحقة,0,3455150,كاش,1-Aug-25,0.9399,SKC0250,1-Aug-25
نادر إسماعيل نبيل العشري,8743322174,B4 - B035,Skyline - B4 - B035,6976000,0.9298,"20%, 20%,20%, 15%,15%, 5%, 5%","تم السداد 1,395,200.00","تم السداد 1,395,200.00","تم السداد 1,395,200.00","تم السداد 1,046,400.00","تم السداد 1,046,400.00","تم السداد 348,800.00",غير مستحقة,0,6627200,كاش,4-Sep-25,0.9298,SKC0251,6-Sep-25
جورج إبراهيم صلاح القناوي,7421433441,B4 - C036,Skyline - B4 - C036,3439000,0.9198,"20%, 20%,20%, 15%,15%, 5%, 5%","تم السداد 687,800.00","تم السداد 687,800.00","تم السداد 687,800.00","تم السداد 515,850.00","تم السداد 515,850.00","تم السداد 171,950.00",غير مستحقة,0,3267050,كاش,26-Aug-25,0.9198,SKC0252,28-Aug-25
سامح علي حسن السيد,1760777161,B4 - A037,Skyline - B4 - A037,4136000,0.9364,"20%, 20%,20%, 15%,15%, 5%, 5%","تم السداد 827,200.00","تم السداد 827,200.00","تم السداد 827,200.00","تم السداد 620,400.00","تم السداد 620,400.00","تم السداد 206,800.00",غير مستحقة,0,3929200,كاش,28-Sep-25,0.9364,SKC0253,30-Sep-25
وائل عبدالرحمن مختار حجازي,3097274884,B4 - B038,Skyline - B4 - B038,3961000,0.9662,"20%, 20%,20%, 15%,15%, 5%, 5%","تم السداد 792,200.00","تم السداد 792,200.00","تم السداد 792,200.00","تم السداد 594,150.00","تم السداد 594,150.00","تم السداد 198,050.00",غير مستحقة,0,3762950,كاش,2-Sep-25,0.9662,SKC0254,3-Sep-25
وليد إبراهيم حسن الإسكندراني,9520234709,B4 - C039,Skyline - B4 - C039,3468000,0.9288,"20%, 20%,20%, 15%,15%, 5%, 5%","تم السداد 693,600.00","تم السداد 693,600.00","تم السداد 693,600.00","تم السداد 520,200.00","تم السداد 520,200.00","تم السداد 173,400.00",غير مستحقة,0,3294600,كاش,10-Oct-25,0.9288,SKC0255,15-Oct-25
حسين فتحي عاطف عبدالحليم,9239076709,B4 - A040,Skyline - B4 - A040,6358000,0.9722,"20%, 20%,20%, 15%,15%, 5%, 5%","تم السداد 1,271,600.00","تم السداد 1,271,600.00","تم السداد 1,271,600.00","تم السداد 953,700.00","تم السداد 953,700.00","تم السداد 317,900.00",غير مستحقة,0,6040100,كاش,18-Sep-25,0.9722,SKC0256,19-Sep-25
نادر سليمان أحمد فهمي,6116929871,B4 - B041,Skyline - B4 - B041,6674000,0.9596,"20%, 20%,20%, 15%,15%, 5%, 5%","تم السداد 1,334,800.00","تم السداد 1,334,800.00","تم السداد 1,334,800.00","تم السداد 1,001,100.00","تم السداد 1,001,100.00","تم السداد 333,700.00",غير مستحقة,0,6340300,كاش,31-Oct-25,0.9596,SKC0257,1-Nov-25
ماهر طارق حسين سليمان,2782530805,B4 - C042,Skyline - B4 - C042,4165000,0.939,"20%, 20%,20%, 15%,15%, 5%, 5%","تم السداد 833,000.00","تم السداد 833,000.00","تم السداد 833,000.00","تم السداد 624,750.00","تم السداد 624,750.00","تم السداد 208,250.00",غير مستحقة,0,3956750,كاش,30-Oct-25,0.939,SKC0258,3-Nov-25
يوسف عبدالله لطفي العشري,4621028779,B4 - A043,Skyline - B4 - A043,6538000,0.9518,"20%, 20%,20%, 15%,15%, 5%, 5%","تم السداد 1,307,600.00","تم السداد 1,307,600.00","تم السداد 1,307,600.00","تم السداد 980,700.00","تم السداد 980,700.00","تم السداد 326,900.00",غير مستحقة,0,6211100,كاش,19-Dec-25,0.9518,SKC0259,22-Dec-25
رامز حسن فاروق الوكيل,8928104458,B4 - B044,Skyline - B4 - B044,7155000,0.9402,"20%, 20%,20%, 15%,15%, 5%, 5%","تم السداد 1,431,000.00","تم السداد 1,431,000.00","تم السداد 1,431,000.00","تم السداد 1,073,250.00","تم السداد 1,073,250.00","تم السداد 357,750.00",غير مستحقة,0,6797250,كاش,16-Dec-25,0.9402,SKC0260,19-Dec-25
ماهر سليمان خالد فوزي,1540011056,B4 - C045,Skyline - B4 - C045,7783000,0.9655,"20%, 20%,20%, 15%,15%, 5%, 5%","تم السداد 1,556,600.00","تم السداد 1,556,600.00","تم السداد 1,556,600.00","تم السداد 1,167,450.00","تم السداد 1,167,450.00","تم السداد 389,150.00",غير مستحقة,0,7393850,كاش,20-Nov-25,0.9655,SKC0261,21-Nov-25
نادر جمال رجب القاضي,9046503791,B4 - A046,Skyline - B4 - A046,7039000,0.9716,"20%, 20%,20%, 15%,15%, 5%, 5%","تم السداد 1,407,800.00","تم السداد 1,407,800.00","تم السداد 1,407,800.00","تم السداد 1,055,850.00","تم السداد 1,055,850.00","تم السداد 351,950.00",غير مستحقة,0,6687050,كاش,3-Dec-25,0.9716,SKC0262,7-Dec-25
يوسف أحمد مصطفى السوهاجي,8587360446,B4 - B047,Skyline - B4 - B047,3935000,0.9565,"20%, 20%,20%, 15%,15%, 5%, 5%","تم السداد 787,000.00","تم السداد 787,000.00","تم السداد 787,000.00","تم السداد 590,250.00","تم السداد 590,250.00","تم السداد 196,750.00",غير مستحقة,0,3738250,كاش,4-Jan-26,0.9565,SKC0263,10-Jan-26
حسين كمال محمود حبيب,7393375482,B4 - C048,Skyline - B4 - C048,4302000,0.939,"20%, 20%,20%, 15%,15%, 5%, 5%","تم السداد 860,400.00","تم السداد 860,400.00","تم السداد 860,400.00","تم السداد 645,300.00","تم السداد 645,300.00","تم السداد 215,100.00",غير مستحقة,0,4086900,كاش,13-Mar-26,0.939,SKC0264,15-Mar-26
شريف رمضان فاروق محمود,7150786198,B4 - A049,Skyline - B4 - A049,4861000,0.9449,"20%, 20%,20%, 15%,15%, 5%, 5%","تم السداد 972,200.00","تم السداد 972,200.00","تم السداد 972,200.00","تم السداد 729,150.00","تم السداد 729,150.00","تم السداد 243,050.00",غير مستحقة,0,4617950,كاش,6-Mar-26,0.9449,SKC0265,11-Mar-26
جورج صبحي شوقي جابر,2274569561,B4 - B050,Skyline - B4 - B050,6104000,0.9422,"20%, 20%,20%, 15%,15%, 5%, 5%","تم السداد 1,220,800.00","تم السداد 1,220,800.00","تم السداد 1,220,800.00","تم السداد 915,600.00","تم السداد 915,600.00","تم السداد 305,200.00",غير مستحقة,0,5798800,كاش,28-May-26,0.9422,SKC0266,3-Jun-26
هشام محمد كمال بدوي,2148005381,B4 - C051,Skyline - B4 - C051,4091000,0.9428,"20%, 20%,20%, 15%,15%, 5%, 5%","تم السداد 818,200.00","تم السداد 818,200.00","تم السداد 818,200.00","تم السداد 613,650.00","تم السداد 613,650.00","تم السداد 204,550.00",غير مستحقة,0,3886450,كاش,26-May-26,0.9428,SKC0267,27-May-26
علي مجدي سليمان لطفي,2870453897,B4 - A052,Skyline - B4 - A052,7403000,0.9456,"20%, 20%,20%, 15%,15%, 5%, 5%","تم السداد 1,480,600.00","تم السداد 1,480,600.00","تم السداد 1,480,600.00","تم السداد 1,110,450.00","تم السداد 1,110,450.00","تم السداد 370,150.00",غير مستحقة,0,7032850,كاش,9-Jul-26,0.9456,SKC0268,14-Jul-26
أحمد عاطف طارق عبدالحليم,9655656948,B4 - B053,Skyline - B4 - B053,3784000,0.9585,"20%, 20%,20%, 15%,15%, 5%, 5%","تم السداد 756,800.00","تم السداد 756,800.00","تم السداد 756,800.00","تم السداد 567,600.00","تم السداد 567,600.00","تم السداد 189,200.00",غير مستحقة,0,3594800,بنك القاهرة,19-Nov-24,0.9585,SKC0269,24-Nov-24
هاني حسين كمال مراد,2411109123,B4 - C054,Skyline - B4 - C054,3491000,0.9526,"20%, 20%,20%, 15%,15%, 5%, 5%","تم السداد 698,200.00","تم السداد 698,200.00","تم السداد 698,200.00","تم السداد 523,650.00","تم السداد 523,650.00","تم السداد 174,550.00",غير مستحقة,0,3316450,بنك القاهرة,20-Oct-24,0.9526,SKC0270,20-Oct-24
علي فؤاد جابر الرفاعي,2769828324,B4 - A055,Skyline - B4 - A055,4187000,0.9587,"20%, 20%,20%, 15%,15%, 5%, 5%","تم السداد 837,400.00","تم السداد 837,400.00","تم السداد 837,400.00","تم السداد 628,050.00","تم السداد 628,050.00","تم السداد 209,350.00",غير مستحقة,0,3977650,بنك الإسكندرية,30-Nov-24,0.9587,SKC0271,7-Dec-24
إبراهيم فاروق خالد السمان,9154523613,B4 - B056,Skyline - B4 - B056,4229000,0.9561,"20%, 20%,20%, 15%,15%, 5%, 5%","تم السداد 845,800.00","تم السداد 845,800.00","تم السداد 845,800.00","تم السداد 634,350.00","تم السداد 634,350.00","تم السداد 211,450.00",غير مستحقة,0,4017550,كريدي أجريكول مصر,26-Oct-24,0.9561,SKC0272,26-Oct-24
أدهم مجدي رشاد رزق,3953544210,B4 - C057,Skyline - B4 - C057,5312000,0.945,"20%, 20%,20%, 15%,15%, 5%, 5%","تم السداد 1,062,400.00","تم السداد 1,062,400.00","تم السداد 1,062,400.00","تم السداد 796,800.00","تم السداد 796,800.00","تم السداد 265,600.00",غير مستحقة,0,5046400,كريدي أجريكول مصر,9-Nov-24,0.945,SKC0273,13-Nov-24
هاني يوسف إبراهيم السوهاجي,9509446188,B4 - A058,Skyline - B4 - A058,5412000,0.9641,"20%, 20%,20%, 15%,15%, 5%, 5%","تم السداد 1,082,400.00","تم السداد 1,082,400.00","تم السداد 1,082,400.00","تم السداد 811,800.00","تم السداد 811,800.00","تم السداد 270,600.00",غير مستحقة,0,5141400,كريدي أجريكول مصر,2-Dec-24,0.9641,SKC0274,7-Dec-24
علاء محمود حمدي يونس,7115420628,B4 - B059,Skyline - B4 - B059,6921000,0.9416,"20%, 20%,20%, 15%,15%, 5%, 5%","تم السداد 1,384,200.00","تم السداد 1,384,200.00","تم السداد 1,384,200.00","تم السداد 1,038,150.00","تم السداد 1,038,150.00","تم السداد 346,050.00",غير مستحقة,0,6574950,EGBANK - البنك المصري الخليجي,20-Nov-24,0.9416,SKC0275,22-Nov-24
عمرو طارق مجدي حسن,8153751021,B4 - C060,Skyline - B4 - C060,4560000,0.9618,"20%, 20%,20%, 15%,15%, 5%, 5%","تم السداد 912,000.00","تم السداد 912,000.00","تم السداد 912,000.00","تم السداد 684,000.00","تم السداد 684,000.00","تم السداد 228,000.00",غير مستحقة,0,4332000,كريدي أجريكول مصر,19-Oct-24,0.9618,SKC0276,23-Oct-24
منة جابر طارق سالم,9474249987,B4 - A061,Skyline - B4 - A061,3984000,0.9501,"20%, 20%,20%, 15%,15%, 5%, 5%","تم السداد 796,800.00","تم السداد 796,800.00","تم السداد 796,800.00","تم السداد 597,600.00","تم السداد 597,600.00","تم السداد 199,200.00",غير مستحقة,0,3784800,كريدي أجريكول مصر,16-Oct-24,0.9501,SKC0277,23-Oct-24
مينا صبري شوقي المنشاوي,6259444991,B4 - B062,Skyline - B4 - B062,5174000,0.9623,"20%, 20%,20%, 15%,15%, 5%, 5%","تم السداد 1,034,800.00","تم السداد 1,034,800.00","تم السداد 1,034,800.00","تم السداد 776,100.00","تم السداد 776,100.00","تم السداد 258,700.00",غير مستحقة,0,4915300,البنك الأهلي المصري,28-Nov-24,0.9623,SKC0278,29-Nov-24
وليد فاروق أحمد السوهاجي,8178905374,B4 - C063,Skyline - B4 - C063,5529000,0.9396,"20%, 20%,20%, 15%,15%, 5%, 5%","تم السداد 1,105,800.00","تم السداد 1,105,800.00","تم السداد 1,105,800.00","تم السداد 829,350.00","تم السداد 829,350.00","تم السداد 276,450.00",غير مستحقة,0,5252550,كريدي أجريكول مصر,26-Nov-24,0.9396,SKC0279,30-Nov-24
خالد صبري سيد الدسوقي,2851875620,B4 - A064,Skyline - B4 - A064,5152000,0.9247,"20%, 20%,20%, 15%,15%, 5%, 5%","تم السداد 1,030,400.00","تم السداد 1,030,400.00","تم السداد 1,030,400.00","تم السداد 772,800.00","تم السداد 772,800.00","تم السداد 257,600.00",غير مستحقة,0,4894400,كريدي أجريكول مصر,26-Oct-24,0.9247,SKC0280,29-Oct-24
زياد مختار فاروق عبدالحليم,8915609789,B4 - B065,Skyline - B4 - B065,6647000,0.9529,"20%, 20%,20%, 15%,15%, 5%, 5%","تم السداد 1,329,400.00","تم السداد 1,329,400.00","تم السداد 1,329,400.00","تم السداد 997,050.00","تم السداد 997,050.00","تم السداد 332,350.00",غير مستحقة,0,6314650,بنك مصر,12-Dec-24,0.9529,SKC0281,18-Dec-24
مصطفى إبراهيم فتحي السيد,1032219073,B4 - C066,Skyline - B4 - C066,4106000,0.9144,"20%, 20%,20%, 15%,15%, 5%, 5%","تم السداد 821,200.00","تم السداد 821,200.00","تم السداد 821,200.00","تم السداد 615,900.00","تم السداد 615,900.00","تم السداد 205,300.00",غير مستحقة,0,3900700,كريدي أجريكول مصر,3-Dec-24,0.9144,SKC0282,3-Dec-24
فادي فتحي محمد الشافعي,1327167067,B4 - A067,Skyline - B4 - A067,6263000,0.9456,"20%, 20%,20%, 15%,15%, 5%, 5%","تم السداد 1,252,600.00","تم السداد 1,252,600.00","تم السداد 1,252,600.00","تم السداد 939,450.00","تم السداد 939,450.00","تم السداد 313,150.00",غير مستحقة,0,5949850,EGBANK - البنك المصري الخليجي,4-Nov-24,0.9456,SKC0283,11-Nov-24
حازم يوسف جابر المرسي,1798548061,B4 - B068,Skyline - B4 - B068,4024000,0.9382,"20%, 20%,20%, 15%,15%, 5%, 5%","تم السداد 804,800.00","تم السداد 804,800.00","تم السداد 804,800.00","تم السداد 603,600.00","تم السداد 603,600.00","تم السداد 201,200.00",غير مستحقة,0,3822800,البنك التجاري الدولي CIB,3-Nov-24,0.9382,SKC0284,6-Nov-24
هشام رجب كمال الدمرداش,7913191187,B4 - C069,Skyline - B4 - C069,9364000,0.9266,"20%, 20%,20%, 15%,15%, 5%, 5%","تم السداد 1,872,800.00","تم السداد 1,872,800.00","تم السداد 1,872,800.00","تم السداد 1,404,600.00","تم السداد 1,404,600.00","تم السداد 468,200.00",غير مستحقة,0,8895800,EGBANK - البنك المصري الخليجي,8-Nov-24,0.9266,SKC0285,11-Nov-24
وائل إبراهيم إسماعيل العطار,1019730170,B4 - A070,Skyline - B4 - A070,5757000,0.9297,"20%, 20%,20%, 15%,15%, 5%, 5%","تم السداد 1,151,400.00","تم السداد 1,151,400.00","تم السداد 1,151,400.00","تم السداد 863,550.00","تم السداد 863,550.00","تم السداد 287,850.00",غير مستحقة,0,5469150,كريدي أجريكول مصر,4-Dec-24,0.9297,SKC0286,8-Dec-24
ياسين عصام صبحي رمضان,7727998586,B4 - B071,Skyline - B4 - B071,5006000,0.9481,"20%, 20%,20%, 15%,15%, 5%, 5%","تم السداد 1,001,200.00","تم السداد 1,001,200.00","تم السداد 1,001,200.00","تم السداد 750,900.00","تم السداد 750,900.00","تم السداد 250,300.00",غير مستحقة,0,4755700,كريدي أجريكول مصر,30-Nov-24,0.9481,SKC0287,7-Dec-24
عبير سعيد نبيل مصطفى,2799020359,B4 - C072,Skyline - B4 - C072,4689000,0.9472,"20%, 20%,20%, 15%,15%, 5%, 5%","تم السداد 937,800.00","تم السداد 937,800.00","تم السداد 937,800.00","تم السداد 703,350.00","تم السداد 703,350.00","تم السداد 234,450.00",غير مستحقة,0,4454550,كريدي أجريكول مصر,17-Dec-24,0.9472,SKC0288,17-Dec-24
ندى لطفي فتحي عبدالرازق,7115204574,B5 - A001,Skyline - B5 - A001,3356000,0.9556,"20%, 20%,20%, 15%,15%, 5%, 5%","تم السداد 671,200.00","تم السداد 671,200.00","تم السداد 671,200.00","تم السداد 503,400.00","تم السداد 503,400.00","تم السداد 167,800.00",غير مستحقة,0,3188200,البنك التجاري الدولي CIB,8-Nov-24,0.9556,SKC0289,10-Nov-24
هاجر جمال إسماعيل علي,8002264146,B5 - B002,Skyline - B5 - B002,3170000,0.9445,"20%, 20%,20%, 15%,15%, 5%, 5%","تم السداد 634,000.00","تم السداد 634,000.00","تم السداد 634,000.00","تم السداد 475,500.00","تم السداد 475,500.00","تم السداد 158,500.00",غير مستحقة,0,3011500,بنك مصر,28-Oct-24,0.9445,SKC0290,1-Nov-24
إسلام صبحي محمود عبدالحميد,5440333535,B5 - C003,Skyline - B5 - C003,4095000,0.9518,"20%, 20%,20%, 15%,15%, 5%, 5%","تم السداد 819,000.00","تم السداد 819,000.00","تم السداد 819,000.00","تم السداد 614,250.00","تم السداد 614,250.00","تم السداد 204,750.00",غير مستحقة,0,3890250,كريدي أجريكول مصر,8-Nov-24,0.9518,SKC0291,14-Nov-24
علي شوقي خالد البدري,4994084742,B5 - A004,Skyline - B5 - A004,3949000,0.9416,"20%, 20%,20%, 15%,15%, 5%, 5%","تم السداد 789,800.00","تم السداد 789,800.00","تم السداد 789,800.00","تم السداد 592,350.00","تم السداد 592,350.00","تم السداد 197,450.00",غير مستحقة,0,3751550,البنك الأهلي المصري,18-Nov-24,0.9416,SKC0292,18-Nov-24
ندى رشاد سيد منصور,4441413562,B5 - B005,Skyline - B5 - B005,5483000,0.9361,"20%, 20%,20%, 15%,15%, 5%, 5%","تم السداد 1,096,600.00","تم السداد 1,096,600.00","تم السداد 1,096,600.00","تم السداد 822,450.00","تم السداد 822,450.00","تم السداد 274,150.00",غير مستحقة,0,5208850,كريدي أجريكول مصر,9-Dec-24,0.9361,SKC0293,15-Dec-24
مصطفى علي إبراهيم الوكيل,1918650671,B5 - C006,Skyline - B5 - C006,7233000,0.9537,"20%, 20%,20%, 15%,15%, 5%, 5%","تم السداد 1,446,600.00","تم السداد 1,446,600.00","تم السداد 1,446,600.00","تم السداد 1,084,950.00","تم السداد 1,084,950.00","تم السداد 361,650.00",غير مستحقة,0,6871350,EGBANK - البنك المصري الخليجي,20-Nov-24,0.9537,SKC0294,26-Nov-24
رنا يوسف حسن رزق,2836804963,B5 - A007,Skyline - B5 - A007,5283000,0.9248,"20%, 20%,20%, 15%,15%, 5%, 5%","تم السداد 1,056,600.00","تم السداد 1,056,600.00","تم السداد 1,056,600.00","تم السداد 792,450.00","تم السداد 792,450.00","تم السداد 264,150.00",غير مستحقة,0,5018850,البنك التجاري الدولي CIB,7-Dec-24,0.9248,SKC0295,8-Dec-24
زياد حمدي سعيد السيد,3541152123,B5 - B008,Skyline - B5 - B008,4493000,0.9556,"20%, 20%,20%, 15%,15%, 5%, 5%","تم السداد 898,600.00","تم السداد 898,600.00","تم السداد 898,600.00","تم السداد 673,950.00","تم السداد 673,950.00","تم السداد 224,650.00",غير مستحقة,0,4268350,البنك التجاري الدولي CIB,10-Dec-24,0.9556,SKC0296,12-Dec-24
عمر طارق عبدالرحمن الشافعي,1410472755,B5 - C009,Skyline - B5 - C009,10060000,0.9457,"20%, 20%,20%, 15%,15%, 5%, 5%","تم السداد 2,012,000.00","تم السداد 2,012,000.00","تم السداد 2,012,000.00","تم السداد 1,509,000.00","تم السداد 1,509,000.00","تم السداد 503,000.00",غير مستحقة,0,9557000,البنك التجاري الدولي CIB,6-Nov-24,0.9457,SKC0297,9-Nov-24
وليد سعيد إبراهيم حسين,6799376836,B5 - A010,Skyline - B5 - A010,6486000,0.9441,"20%, 20%,20%, 15%,15%, 5%, 5%","تم السداد 1,297,200.00","تم السداد 1,297,200.00","تم السداد 1,297,200.00","تم السداد 972,900.00","تم السداد 972,900.00","تم السداد 324,300.00",غير مستحقة,0,6161700,البنك الأهلي المصري,10-Dec-24,0.9441,SKC0298,13-Dec-24
هشام عبدالرحمن إسماعيل عبدالعال,6258144853,B5 - B011,Skyline - B5 - B011,6550000,0.9404,"20%, 20%,20%, 15%,15%, 5%, 5%","تم السداد 1,310,000.00","تم السداد 1,310,000.00","تم السداد 1,310,000.00","تم السداد 982,500.00","تم السداد 982,500.00","تم السداد 327,500.00",غير مستحقة,0,6222500,بنك القاهرة,3-Dec-24,0.9404,SKC0299,8-Dec-24
رؤوف مصطفى مختار عبدالعال,5535639551,B5 - C012,Skyline - B5 - C012,4713000,0.9638,"20%, 20%,20%, 15%,15%, 5%, 5%","تم السداد 942,600.00","تم السداد 942,600.00","تم السداد 942,600.00","تم السداد 706,950.00","تم السداد 706,950.00","تم السداد 235,650.00",غير مستحقة,0,4477350,EGBANK - البنك المصري الخليجي,3-Dec-24,0.9638,SKC0300,8-Dec-24
معتز محمود فتحي بدوي,7826760648,B5 - A013,Skyline - B5 - A013,3634000,0.9609,"20%, 20%,20%, 15%,15%, 5%, 5%","تم السداد 726,800.00","تم السداد 726,800.00","تم السداد 726,800.00","تم السداد 545,100.00","تم السداد 545,100.00","تم السداد 181,700.00",غير مستحقة,0,3452300,بنك مصر,31-Dec-24,0.9609,SKC0301,5-Jan-25
شريف عبدالرحمن علي أمين,7838308741,B5 - B014,Skyline - B5 - B014,5230000,0.9282,"20%, 20%,20%, 15%,15%, 5%, 5%","تم السداد 1,046,000.00","تم السداد 1,046,000.00","تم السداد 1,046,000.00","تم السداد 784,500.00","تم السداد 784,500.00","تم السداد 261,500.00",غير مستحقة,0,4968500,البنك التجاري الدولي CIB,20-Dec-24,0.9282,SKC0302,22-Dec-24
عمر عبدالله حمدي الوكيل,4409337600,B5 - C015,Skyline - B5 - C015,7441000,0.9373,"20%, 20%,20%, 15%,15%, 5%, 5%","تم السداد 1,488,200.00","تم السداد 1,488,200.00","تم السداد 1,488,200.00","تم السداد 1,116,150.00","تم السداد 1,116,150.00","تم السداد 372,050.00",غير مستحقة,0,7068950,كريدي أجريكول مصر,1-Dec-24,0.9373,SKC0303,2-Dec-24
خالد عاطف فتحي السعدني,7083672157,B5 - A016,Skyline - B5 - A016,3976000,0.9469,"20%, 20%,20%, 15%,15%, 5%, 5%","تم السداد 795,200.00","تم السداد 795,200.00","تم السداد 795,200.00","تم السداد 596,400.00","تم السداد 596,400.00","تم السداد 198,800.00",غير مستحقة,0,3777200,البنك الأهلي المصري,18-Dec-24,0.9469,SKC0304,24-Dec-24
باسم حمدي عادل حسن,4731044702,B5 - B017,Skyline - B5 - B017,4353000,0.9566,"20%, 20%,20%, 15%,15%, 5%, 5%","تم السداد 870,600.00","تم السداد 870,600.00","تم السداد 870,600.00","تم السداد 652,950.00","تم السداد 652,950.00","تم السداد 217,650.00",غير مستحقة,0,4135350,بنك مصر,29-Nov-24,0.9566,SKC0305,1-Dec-24
حسام سيد أحمد فهمي,8065106615,B5 - C018,Skyline - B5 - C018,3758000,0.9402,"20%, 20%,20%, 15%,15%, 5%, 5%","تم السداد 751,600.00","تم السداد 751,600.00","تم السداد 751,600.00","تم السداد 563,700.00","تم السداد 563,700.00","تم السداد 187,900.00",غير مستحقة,0,3570100,البنك التجاري الدولي CIB,8-Dec-24,0.9402,SKC0306,14-Dec-24
حنان حمدي مختار السوهاجي,3550614813,B5 - A019,Skyline - B5 - A019,5261000,0.9546,"20%, 20%,20%, 15%,15%, 5%, 5%","تم السداد 1,052,200.00","تم السداد 1,052,200.00","تم السداد 1,052,200.00","تم السداد 789,150.00","تم السداد 789,150.00","تم السداد 263,050.00",غير مستحقة,0,4997950,البنك التجاري الدولي CIB,19-Dec-24,0.9546,SKC0307,19-Dec-24
علاء طارق نبيل حسن,8039028753,B5 - B020,Skyline - B5 - B020,4895000,0.9486,"20%, 20%,20%, 15%,15%, 5%, 5%","تم السداد 979,000.00","تم السداد 979,000.00","تم السداد 979,000.00","تم السداد 734,250.00","تم السداد 734,250.00","تم السداد 244,750.00",غير مستحقة,0,4650250,البنك التجاري الدولي CIB,30-Nov-24,0.9486,SKC0308,2-Dec-24
ماجد علي يوسف حسين,1244394575,B5 - C021,Skyline - B5 - C021,4789000,0.9528,"20%, 20%,20%, 15%,15%, 5%, 5%","تم السداد 957,800.00","تم السداد 957,800.00","تم السداد 957,800.00","تم السداد 718,350.00","تم السداد 718,350.00","تم السداد 239,450.00",غير مستحقة,0,4549550,البنك التجاري الدولي CIB,4-Dec-24,0.9528,SKC0309,11-Dec-24
سارة محمود جابر المنياوي,1299771688,B5 - A022,Skyline - B5 - A022,4930000,0.9386,"20%, 20%,20%, 15%,15%, 5%, 5%","تم السداد 986,000.00","تم السداد 986,000.00","تم السداد 986,000.00","تم السداد 739,500.00","تم السداد 739,500.00","تم السداد 246,500.00",غير مستحقة,0,4683500,البنك التجاري الدولي CIB,5-Jan-25,0.9386,SKC0310,7-Jan-25
شيماء سيد فتحي داود,7307061768,B5 - B023,Skyline - B5 - B023,4846000,0.9334,"20%, 20%,20%, 15%,15%, 5%, 5%","تم السداد 969,200.00","تم السداد 969,200.00","تم السداد 969,200.00","تم السداد 726,900.00","تم السداد 726,900.00","تم السداد 242,300.00",غير مستحقة,0,4603700,EGBANK - البنك المصري الخليجي,18-Dec-24,0.9334,SKC0311,25-Dec-24
نادر عبدالرحمن حمدي الجمل,1388282864,B5 - C024,Skyline - B5 - C024,7558000,0.951,"20%, 20%,20%, 15%,15%, 5%, 5%","تم السداد 1,511,600.00","تم السداد 1,511,600.00","تم السداد 1,511,600.00","تم السداد 1,133,700.00","تم السداد 1,133,700.00","تم السداد 377,900.00",غير مستحقة,0,7180100,البنك التجاري الدولي CIB,2-Jan-25,0.951,SKC0312,4-Jan-25
أيمن جابر مختار الشربيني,8437655327,B5 - A025,Skyline - B5 - A025,3950000,0.9374,"20%, 20%,20%, 15%,15%, 5%, 5%","تم السداد 790,000.00","تم السداد 790,000.00","تم السداد 790,000.00","تم السداد 592,500.00","تم السداد 592,500.00","تم السداد 197,500.00",غير مستحقة,0,3752500,البنك الأهلي المصري,9-Jan-25,0.9374,SKC0313,9-Jan-25
أحمد شوقي عبدالله مراد,4677395522,B5 - B026,Skyline - B5 - B026,5584000,0.9389,"20%, 20%,20%, 15%,15%, 5%, 5%","تم السداد 1,116,800.00","تم السداد 1,116,800.00","تم السداد 1,116,800.00","تم السداد 837,600.00","تم السداد 837,600.00","تم السداد 279,200.00",غير مستحقة,0,5304800,EGBANK - البنك المصري الخليجي,16-Dec-24,0.9389,SKC0314,21-Dec-24
شادي حسين سليمان لطفي,2126986823,B5 - C027,Skyline - B5 - C027,5465000,0.9439,"20%, 20%,20%, 15%,15%, 5%, 5%","تم السداد 1,093,000.00","تم السداد 1,093,000.00","تم السداد 1,093,000.00","تم السداد 819,750.00","تم السداد 819,750.00","تم السداد 273,250.00",غير مستحقة,0,5191750,البنك الأهلي المصري,15-Jan-25,0.9439,SKC0315,21-Jan-25
علي صبحي حسين السوهاجي,9441022552,B5 - A028,Skyline - B5 - A028,4100000,0.9421,"20%, 20%,20%, 15%,15%, 5%, 5%","تم السداد 820,000.00","تم السداد 820,000.00","تم السداد 820,000.00","تم السداد 615,000.00","تم السداد 615,000.00","تم السداد 205,000.00",غير مستحقة,0,3895000,البنك التجاري الدولي CIB,28-Jan-25,0.9421,SKC0316,30-Jan-25
رامز حسن مختار الجندي,1337096530,B5 - B029,Skyline - B5 - B029,4695000,0.9502,"20%, 20%,20%, 15%,15%, 5%, 5%","تم السداد 939,000.00","تم السداد 939,000.00","تم السداد 939,000.00","تم السداد 704,250.00","تم السداد 704,250.00","تم السداد 234,750.00",غير مستحقة,0,4460250,EGBANK - البنك المصري الخليجي,27-Dec-24,0.9502,SKC0317,29-Dec-24
كريم حسين عاطف عبدالعال,9639275663,B5 - C030,Skyline - B5 - C030,4599000,0.9483,"20%, 20%,20%, 15%,15%, 5%, 5%","تم السداد 919,800.00","تم السداد 919,800.00","تم السداد 919,800.00","تم السداد 689,850.00","تم السداد 689,850.00","تم السداد 229,950.00",غير مستحقة,0,4369050,البنك التجاري الدولي CIB,29-Dec-24,0.9483,SKC0318,4-Jan-25
أدهم حسين لطفي إبراهيم,3998523659,B5 - A031,Skyline - B5 - A031,4943000,0.9438,"20%, 20%,20%, 15%,15%, 5%, 5%","تم السداد 988,600.00","تم السداد 988,600.00","تم السداد 988,600.00","تم السداد 741,450.00","تم السداد 741,450.00","تم السداد 247,150.00",غير مستحقة,0,4695850,البنك التجاري الدولي CIB,28-Dec-24,0.9438,SKC0319,1-Jan-25
هاني جابر فاروق يونس,1652731975,B5 - B032,Skyline - B5 - B032,5405000,0.9428,"20%, 20%,20%, 15%,15%, 5%, 5%","تم السداد 1,081,000.00","تم السداد 1,081,000.00","تم السداد 1,081,000.00","تم السداد 810,750.00","تم السداد 810,750.00","تم السداد 270,250.00",غير مستحقة,0,5134750,البنك التجاري الدولي CIB,16-Dec-24,0.9428,SKC0320,16-Dec-24
باسم عبدالله محمد رمضان,2972069296,B5 - C033,Skyline - B5 - C033,4629000,0.934,"20%, 20%,20%, 15%,15%, 5%, 5%","تم السداد 925,800.00","تم السداد 925,800.00","تم السداد 925,800.00","تم السداد 694,350.00","تم السداد 694,350.00","تم السداد 231,450.00",غير مستحقة,0,4397550,بنك مصر,29-Dec-24,0.934,SKC0321,29-Dec-24
ياسين فتحي عاطف حبيب,3781992878,B5 - A034,Skyline - B5 - A034,6177000,0.9423,"20%, 20%,20%, 15%,15%, 5%, 5%","تم السداد 1,235,400.00","تم السداد 1,235,400.00","تم السداد 1,235,400.00","تم السداد 926,550.00","تم السداد 926,550.00","تم السداد 308,850.00",غير مستحقة,0,5868150,البنك الأهلي المصري,2-Jan-25,0.9423,SKC0322,8-Jan-25
فاطمة محمود فؤاد شاكر,2477347240,B5 - B035,Skyline - B5 - B035,5234000,0.9573,"20%, 20%,20%, 15%,15%, 5%, 5%","تم السداد 1,046,800.00","تم السداد 1,046,800.00","تم السداد 1,046,800.00","تم السداد 785,100.00","تم السداد 785,100.00","تم السداد 261,700.00",غير مستحقة,0,4972300,البنك الأهلي المصري,25-Jan-25,0.9573,SKC0323,31-Jan-25
حسام سمير نبيل عبدالفتاح,6990254193,B5 - C036,Skyline - B5 - C036,5962000,0.946,"20%, 20%,20%, 15%,15%, 5%, 5%","تم السداد 1,192,400.00","تم السداد 1,192,400.00","تم السداد 1,192,400.00","تم السداد 894,300.00","تم السداد 894,300.00","تم السداد 298,100.00",غير مستحقة,0,5663900,البنك التجاري الدولي CIB,26-Dec-24,0.946,SKC0324,2-Jan-25
سامي صبري حسن حبيب,2400041243,B5 - A037,Skyline - B5 - A037,5147000,0.9475,"20%, 20%,20%, 15%,15%, 5%, 5%","تم السداد 1,029,400.00","تم السداد 1,029,400.00","تم السداد 1,029,400.00","تم السداد 772,050.00","تم السداد 772,050.00","تم السداد 257,350.00",غير مستحقة,0,4889650,البنك التجاري الدولي CIB,27-Jan-25,0.9475,SKC0325,1-Feb-25
مروان فتحي صبري حسين,5966492163,B5 - B038,Skyline - B5 - B038,6504000,0.9477,"20%, 20%,20%, 15%,15%, 5%, 5%","تم السداد 1,300,800.00","تم السداد 1,300,800.00","تم السداد 1,300,800.00","تم السداد 975,600.00","تم السداد 975,600.00","تم السداد 325,200.00",غير مستحقة,0,6178800,البنك التجاري الدولي CIB,10-Jan-25,0.9477,SKC0326,13-Jan-25
رؤوف عصام خالد فهمي,2316832684,B5 - C039,Skyline - B5 - C039,6537000,0.9407,"20%, 20%,20%, 15%,15%, 5%, 5%","تم السداد 1,307,400.00","تم السداد 1,307,400.00","تم السداد 1,307,400.00","تم السداد 980,550.00","تم السداد 980,550.00","تم السداد 326,850.00",غير مستحقة,0,6210150,البنك التجاري الدولي CIB,19-Jan-25,0.9407,SKC0327,24-Jan-25
مصطفى إبراهيم حمدي المنياوي,6270313430,B5 - A040,Skyline - B5 - A040,10953000,0.9586,"20%, 20%,20%, 15%,15%, 5%, 5%","تم السداد 2,190,600.00","تم السداد 2,190,600.00","تم السداد 2,190,600.00","تم السداد 1,642,950.00","تم السداد 1,642,950.00","تم السداد 547,650.00",غير مستحقة,0,10405350,بنك مصر,10-Jan-25,0.9586,SKC0328,10-Jan-25
نور جابر علي الإسكندراني,2696506132,B5 - B041,Skyline - B5 - B041,4962000,0.9436,"20%, 20%,20%, 15%,15%, 5%, 5%","تم السداد 992,400.00","تم السداد 992,400.00","تم السداد 992,400.00","تم السداد 744,300.00","تم السداد 744,300.00","تم السداد 248,100.00",غير مستحقة,0,4713900,EGBANK - البنك المصري الخليجي,2-Feb-25,0.9436,SKC0329,2-Feb-25
فادي محمد عادل المصري,8885336292,B5 - C042,Skyline - B5 - C042,4555000,0.9393,"20%, 20%,20%, 15%,15%, 5%, 5%","تم السداد 911,000.00","تم السداد 911,000.00","تم السداد 911,000.00","تم السداد 683,250.00","تم السداد 683,250.00","تم السداد 227,750.00",غير مستحقة,0,4327250,كريدي أجريكول مصر,18-Jan-25,0.9393,SKC0330,24-Jan-25
أيمن سيد صبري سليمان,1468961699,B5 - A043,Skyline - B5 - A043,4071000,0.9694,"20%, 20%,20%, 15%,15%, 5%, 5%","تم السداد 814,200.00","تم السداد 814,200.00","تم السداد 814,200.00","تم السداد 610,650.00","تم السداد 610,650.00","تم السداد 203,550.00",غير مستحقة,0,3867450,بنك مصر,24-Feb-25,0.9694,SKC0331,3-Mar-25
نهى حمدي كمال صبري,7936115340,B5 - B044,Skyline - B5 - B044,5649000,0.9673,"20%, 20%,20%, 15%,15%, 5%, 5%","تم السداد 1,129,800.00","تم السداد 1,129,800.00","تم السداد 1,129,800.00","تم السداد 847,350.00","تم السداد 847,350.00","تم السداد 282,450.00",غير مستحقة,0,5366550,بنك الإسكندرية,25-Jan-25,0.9673,SKC0332,26-Jan-25
مجدي عصام شوقي مصطفى,1677355584,B5 - C045,Skyline - B5 - C045,5362000,0.9706,"20%, 20%,20%, 15%,15%, 5%, 5%","تم السداد 1,072,400.00","تم السداد 1,072,400.00","تم السداد 1,072,400.00","تم السداد 804,300.00","تم السداد 804,300.00","تم السداد 268,100.00",غير مستحقة,0,5093900,بنك مصر,27-Jan-25,0.9706,SKC0333,2-Feb-25
نهال سليمان صبحي النحاس,1415717838,B5 - A046,Skyline - B5 - A046,6024000,0.9525,"20%, 20%,20%, 15%,15%, 5%, 5%","تم السداد 1,204,800.00","تم السداد 1,204,800.00","تم السداد 1,204,800.00","تم السداد 903,600.00","تم السداد 903,600.00","تم السداد 301,200.00",غير مستحقة,0,5722800,EGBANK - البنك المصري الخليجي,2-Feb-25,0.9525,SKC0334,6-Feb-25
حسام إسماعيل يوسف عبدالمجيد,9588139195,B5 - B047,Skyline - B5 - B047,4324000,0.9386,"20%, 20%,20%, 15%,15%, 5%, 5%","تم السداد 864,800.00","تم السداد 864,800.00","تم السداد 864,800.00","تم السداد 648,600.00","تم السداد 648,600.00","تم السداد 216,200.00",غير مستحقة,0,4107800,البنك الأهلي المصري,5-Feb-25,0.9386,SKC0335,10-Feb-25
نيرمين رجب جابر عبدالرازق,9650629215,B5 - C048,Skyline - B5 - C048,5788000,0.9405,"20%, 20%,20%, 15%,15%, 5%, 5%","تم السداد 1,157,600.00","تم السداد 1,157,600.00","تم السداد 1,157,600.00","تم السداد 868,200.00","تم السداد 868,200.00","تم السداد 289,400.00",غير مستحقة,0,5498600,بنك مصر,27-Jan-25,0.9405,SKC0336,27-Jan-25
شادي عصام جمال السعدني,3473322851,B5 - A049,Skyline - B5 - A049,6346000,0.9632,"20%, 20%,20%, 15%,15%, 5%, 5%","تم السداد 1,269,200.00","تم السداد 1,269,200.00","تم السداد 1,269,200.00","تم السداد 951,900.00","تم السداد 951,900.00","تم السداد 317,300.00",غير مستحقة,0,6028700,البنك الأهلي المصري,28-Jan-25,0.9632,SKC0337,28-Jan-25
عمر صبري أحمد بدوي,9867776978,B5 - B050,Skyline - B5 - B050,4950000,0.9713,"20%, 20%,20%, 15%,15%, 5%, 5%","تم السداد 990,000.00","تم السداد 990,000.00","تم السداد 990,000.00","تم السداد 742,500.00","تم السداد 742,500.00","تم السداد 247,500.00",غير مستحقة,0,4702500,كريدي أجريكول مصر,9-Jan-25,0.9713,SKC0338,12-Jan-25
عمر فؤاد نبيل بدوي,5139283533,B5 - C051,Skyline - B5 - C051,7188000,0.9535,"20%, 20%,20%, 15%,15%, 5%, 5%","تم السداد 1,437,600.00","تم السداد 1,437,600.00","تم السداد 1,437,600.00","تم السداد 1,078,200.00","تم السداد 1,078,200.00","تم السداد 359,400.00",غير مستحقة,0,6828600,بنك مصر,25-Feb-25,0.9535,SKC0339,28-Feb-25
كريم رمضان عاطف يونس,7431065640,B5 - A052,Skyline - B5 - A052,4800000,0.9439,"20%, 20%,20%, 15%,15%, 5%, 5%","تم السداد 960,000.00","تم السداد 960,000.00","تم السداد 960,000.00","تم السداد 720,000.00","تم السداد 720,000.00","تم السداد 240,000.00",غير مستحقة,0,4560000,بنك مصر,23-Jan-25,0.9439,SKC0340,26-Jan-25
بيشوي صبري عاطف محمود,5917258571,B5 - B053,Skyline - B5 - B053,4098000,0.9701,"20%, 20%,20%, 15%,15%, 5%, 5%","تم السداد 819,600.00","تم السداد 819,600.00","تم السداد 819,600.00","تم السداد 614,700.00","تم السداد 614,700.00","تم السداد 204,900.00",غير مستحقة,0,3893100,البنك الأهلي المصري,4-Feb-25,0.9701,SKC0341,5-Feb-25
مجدي رجب إسماعيل عبدالحليم,3037826050,B5 - C054,Skyline - B5 - C054,4413000,0.9384,"20%, 20%,20%, 15%,15%, 5%, 5%","تم السداد 882,600.00","تم السداد 882,600.00","تم السداد 882,600.00","تم السداد 661,950.00","تم السداد 661,950.00","تم السداد 220,650.00",غير مستحقة,0,4192350,EGBANK - البنك المصري الخليجي,4-Mar-25,0.9384,SKC0342,6-Mar-25
علاء عبدالله فتحي أمين,9590300209,B5 - A055,Skyline - B5 - A055,11226000,0.9444,"20%, 20%,20%, 15%,15%, 5%, 5%","تم السداد 2,245,200.00","تم السداد 2,245,200.00","تم السداد 2,245,200.00","تم السداد 1,683,900.00","تم السداد 1,683,900.00","تم السداد 561,300.00",غير مستحقة,0,10664700,بنك مصر,17-Feb-25,0.9444,SKC0343,22-Feb-25
ماجد خالد فؤاد فهمي,5988309330,B5 - B056,Skyline - B5 - B056,4124000,0.9663,"20%, 20%,20%, 15%,15%, 5%, 5%","تم السداد 824,800.00","تم السداد 824,800.00","تم السداد 824,800.00","تم السداد 618,600.00","تم السداد 618,600.00","تم السداد 206,200.00",غير مستحقة,0,3917800,EGBANK - البنك المصري الخليجي,23-Jan-25,0.9663,SKC0344,27-Jan-25
سلمى عاطف حسين العطار,6377688391,B5 - C057,Skyline - B5 - C057,6103000,0.9651,"20%, 20%,20%, 15%,15%, 5%, 5%","تم السداد 1,220,600.00","تم السداد 1,220,600.00","تم السداد 1,220,600.00","تم السداد 915,450.00","تم السداد 915,450.00","تم السداد 305,150.00",غير مستحقة,0,5797850,بنك مصر,6-Mar-25,0.9651,SKC0345,13-Mar-25
نانسي صبحي عادل إبراهيم,3848296516,B5 - A058,Skyline - B5 - A058,6630000,0.959,"20%, 20%,20%, 15%,15%, 5%, 5%","تم السداد 1,326,000.00","تم السداد 1,326,000.00","تم السداد 1,326,000.00","تم السداد 994,500.00","تم السداد 994,500.00","تم السداد 331,500.00",غير مستحقة,0,6298500,بنك مصر,14-Feb-25,0.959,SKC0346,19-Feb-25
نور إبراهيم علي الحداد,1713558263,B5 - B059,Skyline - B5 - B059,4078000,0.9656,"20%, 20%,20%, 15%,15%, 5%, 5%","تم السداد 815,600.00","تم السداد 815,600.00","تم السداد 815,600.00","تم السداد 611,700.00","تم السداد 611,700.00","تم السداد 203,900.00",غير مستحقة,0,3874100,بنك مصر,15-Mar-25,0.9656,SKC0347,20-Mar-25
بيشوي سيد يوسف القاضي,3468964593,B5 - C060,Skyline - B5 - C060,5020000,0.9409,"20%, 20%,20%, 15%,15%, 5%, 5%","تم السداد 1,004,000.00","تم السداد 1,004,000.00","تم السداد 1,004,000.00","تم السداد 753,000.00","تم السداد 753,000.00","تم السداد 251,000.00",غير مستحقة,0,4769000,كريدي أجريكول مصر,3-Feb-25,0.9409,SKC0348,9-Feb-25
سامح حسن رشاد مراد,2301140436,B5 - A061,Skyline - B5 - A061,3989000,0.9438,"20%, 20%,20%, 15%,15%, 5%, 5%","تم السداد 797,800.00","تم السداد 797,800.00","تم السداد 797,800.00","تم السداد 598,350.00","تم السداد 598,350.00","تم السداد 199,450.00",غير مستحقة,0,3789550,بنك مصر,18-Mar-25,0.9438,SKC0349,19-Mar-25
معتز طارق سليمان عبدالحليم,4271684497,B5 - B062,Skyline - B5 - B062,5522000,0.9397,"20%, 20%,20%, 15%,15%, 5%, 5%","تم السداد 1,104,400.00","تم السداد 1,104,400.00","تم السداد 1,104,400.00","تم السداد 828,300.00","تم السداد 828,300.00","تم السداد 276,100.00",غير مستحقة,0,5245900,EGBANK - البنك المصري الخليجي,22-Feb-25,0.9397,SKC0350,22-Feb-25
أدهم طارق فتحي الشافعي,6459136497,B5 - C063,Skyline - B5 - C063,4064000,0.9337,"20%, 20%,20%, 15%,15%, 5%, 5%","تم السداد 812,800.00","تم السداد 812,800.00","تم السداد 812,800.00","تم السداد 609,600.00","تم السداد 609,600.00","تم السداد 203,200.00",غير مستحقة,0,3860800,بنك مصر,10-Mar-25,0.9337,SKC0351,10-Mar-25
ياسين عصام إبراهيم بدوي,7164967458,B5 - A064,Skyline - B5 - A064,6655000,0.9625,"20%, 20%,20%, 15%,15%, 5%, 5%","تم السداد 1,331,000.00","تم السداد 1,331,000.00","تم السداد 1,331,000.00","تم السداد 998,250.00","تم السداد 998,250.00","تم السداد 332,750.00",غير مستحقة,0,6322250,بنك مصر,5-Mar-25,0.9625,SKC0352,5-Mar-25
عمرو فتحي عاطف القاضي,2600749062,B5 - B065,Skyline - B5 - B065,4088000,0.9443,"20%, 20%,20%, 15%,15%, 5%, 5%","تم السداد 817,600.00","تم السداد 817,600.00","تم السداد 817,600.00","تم السداد 613,200.00","تم السداد 613,200.00","تم السداد 204,400.00",غير مستحقة,0,3883600,بنك مصر,12-Feb-25,0.9443,SKC0353,13-Feb-25
رامز فاروق عادل الجندي,8688553071,B5 - C066,Skyline - B5 - C066,6969000,0.9392,"20%, 20%,20%, 15%,15%, 5%, 5%","تم السداد 1,393,800.00","تم السداد 1,393,800.00","تم السداد 1,393,800.00","تم السداد 1,045,350.00","تم السداد 1,045,350.00","تم السداد 348,450.00",غير مستحقة,0,6620550,بنك مصر,12-Feb-25,0.9392,SKC0354,19-Feb-25
أدهم إبراهيم محمود جابر,4615561071,B5 - A067,Skyline - B5 - A067,6756000,0.9571,"20%, 20%,20%, 15%,15%, 5%, 5%","تم السداد 1,351,200.00","تم السداد 1,351,200.00","تم السداد 1,351,200.00","تم السداد 1,013,400.00","تم السداد 1,013,400.00","تم السداد 337,800.00",غير مستحقة,0,6418200,EGBANK - البنك المصري الخليجي,25-Feb-25,0.9571,SKC0355,1-Mar-25
أشرف يوسف عبدالله القاضي,9542993356,B5 - B068,Skyline - B5 - B068,7114000,0.9614,"20%, 20%,20%, 15%,15%, 5%, 5%","تم السداد 1,422,800.00","تم السداد 1,422,800.00","تم السداد 1,422,800.00","تم السداد 1,067,100.00","تم السداد 1,067,100.00","تم السداد 355,700.00",غير مستحقة,0,6758300,EGBANK - البنك المصري الخليجي,28-Mar-25,0.9614,SKC0356,4-Apr-25
محمد سعيد جمال عبدالرازق,4450125388,B5 - C069,Skyline - B5 - C069,4180000,0.9642,"20%, 20%,20%, 15%,15%, 5%, 5%","تم السداد 836,000.00","تم السداد 836,000.00","تم السداد 836,000.00","تم السداد 627,000.00","تم السداد 627,000.00","تم السداد 209,000.00",غير مستحقة,0,3971000,بنك مصر,28-Mar-25,0.9642,SKC0357,3-Apr-25
وليد طارق رمضان صبري,9617398968,B5 - A070,Skyline - B5 - A070,7147000,0.953,"20%, 20%,20%, 15%,15%, 5%, 5%","تم السداد 1,429,400.00","تم السداد 1,429,400.00","تم السداد 1,429,400.00","تم السداد 1,072,050.00","تم السداد 1,072,050.00","تم السداد 357,350.00",غير مستحقة,0,6789650,EGBANK - البنك المصري الخليجي,30-Mar-25,0.953,SKC0358,2-Apr-25
ياسين مجدي فتحي البدري,3363500129,B5 - B071,Skyline - B5 - B071,5648000,0.9604,"20%, 20%,20%, 15%,15%, 5%, 5%","تم السداد 1,129,600.00","تم السداد 1,129,600.00","تم السداد 1,129,600.00","تم السداد 847,200.00","تم السداد 847,200.00","تم السداد 282,400.00",غير مستحقة,0,5365600,بنك القاهرة,4-Apr-25,0.9604,SKC0359,5-Apr-25
باسم حسين رمضان الإسكندراني,5116461140,B5 - C072,Skyline - B5 - C072,6576000,0.9289,"20%, 20%,20%, 15%,15%, 5%, 5%","تم السداد 1,315,200.00","تم السداد 1,315,200.00","تم السداد 1,315,200.00","تم السداد 986,400.00","تم السداد 986,400.00","تم السداد 328,800.00",غير مستحقة,0,6247200,بنك مصر,12-Mar-25,0.9289,SKC0360,16-Mar-25
شريف لطفي صبري المصري,7371398832,B6 - A001,Skyline - B6 - A001,6169000,0.9371,"20%, 20%,20%, 15%,15%, 5%, 5%","تم السداد 1,233,800.00","تم السداد 1,233,800.00","تم السداد 1,233,800.00","تم السداد 925,350.00","تم السداد 925,350.00","تم السداد 308,450.00",غير مستحقة,0,5860550,بنك مصر,1-Mar-25,0.9371,SKC0361,4-Mar-25
هشام لطفي عادل النحاس,6500053517,B6 - B002,Skyline - B6 - B002,6314000,0.947,"20%, 20%,20%, 15%,15%, 5%, 5%","تم السداد 1,262,800.00","تم السداد 1,262,800.00","تم السداد 1,262,800.00","تم السداد 947,100.00","تم السداد 947,100.00","تم السداد 315,700.00",غير مستحقة,0,5998300,بنك مصر,18-Mar-25,0.947,SKC0362,24-Mar-25
أيمن حمدي يوسف لطفي,7717973784,B6 - C003,Skyline - B6 - C003,3617000,0.9689,"20%, 20%,20%, 15%,15%, 5%, 5%","تم السداد 723,400.00","تم السداد 723,400.00","تم السداد 723,400.00","تم السداد 542,550.00","تم السداد 542,550.00","تم السداد 180,850.00",غير مستحقة,0,3436150,بنك مصر,29-Apr-25,0.9689,SKC0363,4-May-25
حنان مختار حمدي صادق,7006548993,B6 - A004,Skyline - B6 - A004,6280000,0.9679,"20%, 20%,20%, 15%,15%, 5%, 5%","تم السداد 1,256,000.00","تم السداد 1,256,000.00","تم السداد 1,256,000.00","تم السداد 942,000.00","تم السداد 942,000.00","تم السداد 314,000.00",غير مستحقة,0,5966000,EGBANK - البنك المصري الخليجي,6-Apr-25,0.9679,SKC0364,11-Apr-25
هبة مختار لطفي الزيني,5368458232,B6 - B005,Skyline - B6 - B005,6028000,0.9554,"20%, 20%,20%, 15%,15%, 5%, 5%","تم السداد 1,205,600.00","تم السداد 1,205,600.00","تم السداد 1,205,600.00","تم السداد 904,200.00","تم السداد 904,200.00","تم السداد 301,400.00",غير مستحقة,0,5726600,بنك مصر,20-Apr-25,0.9554,SKC0365,27-Apr-25
كريم حمدي مجدي فوزي,4201034203,B6 - C006,Skyline - B6 - C006,6073000,0.9656,"20%, 20%,20%, 15%,15%, 5%, 5%","تم السداد 1,214,600.00","تم السداد 1,214,600.00","تم السداد 1,214,600.00","تم السداد 910,950.00","تم السداد 910,950.00","تم السداد 303,650.00",غير مستحقة,0,5769350,بنك مصر,30-Apr-25,0.9656,SKC0366,4-May-25
إبراهيم خالد مصطفى عبدالرازق,8347028765,B6 - A007,Skyline - B6 - A007,5918000,0.9451,"20%, 20%,20%, 15%,15%, 5%, 5%","تم السداد 1,183,600.00","تم السداد 1,183,600.00","تم السداد 1,183,600.00","تم السداد 887,700.00","تم السداد 887,700.00","تم السداد 295,900.00",غير مستحقة,0,5622100,البنك العربي الأفريقي الدولي,27-Apr-25,0.9451,SKC0367,27-Apr-25
أدهم سليمان صبري مبارك,8419804972,B6 - B008,Skyline - B6 - B008,6753000,0.9243,"20%, 20%,20%, 15%,15%, 5%, 5%","تم السداد 1,350,600.00","تم السداد 1,350,600.00","تم السداد 1,350,600.00","تم السداد 1,012,950.00","تم السداد 1,012,950.00","تم السداد 337,650.00",غير مستحقة,0,6415350,بنك مصر,23-May-25,0.9243,SKC0368,25-May-25
إيمان عصام عادل رمضان,5238170898,B6 - C009,Skyline - B6 - C009,6311000,0.9471,"20%, 20%,20%, 15%,15%, 5%, 5%","تم السداد 1,262,200.00","تم السداد 1,262,200.00","تم السداد 1,262,200.00","تم السداد 946,650.00","تم السداد 946,650.00","تم السداد 315,550.00",غير مستحقة,0,5995450,بنك مصر,17-May-25,0.9471,SKC0369,19-May-25
سامي رشاد رجب الإسكندراني,9672139521,B6 - A010,Skyline - B6 - A010,10556000,0.9495,"20%, 20%,20%, 15%,15%, 5%, 5%","تم السداد 2,111,200.00","تم السداد 2,111,200.00","تم السداد 2,111,200.00","تم السداد 1,583,400.00","تم السداد 1,583,400.00","تم السداد 527,800.00",غير مستحقة,0,10028200,بنك مصر,22-Jun-25,0.9495,SKC0370,29-Jun-25
مينا عاطف عبدالله رزق,3411438406,B6 - B011,Skyline - B6 - B011,5928000,0.9512,"20%, 20%,20%, 15%,15%, 5%, 5%","تم السداد 1,185,600.00","تم السداد 1,185,600.00","تم السداد 1,185,600.00","تم السداد 889,200.00","تم السداد 889,200.00","تم السداد 296,400.00",غير مستحقة,0,5631600,البنك التجاري الدولي CIB,20-May-25,0.9512,SKC0371,27-May-25
أيمن إبراهيم فاروق البحيري,1734502264,B6 - C012,Skyline - B6 - C012,4327000,0.9334,"20%, 20%,20%, 15%,15%, 5%, 5%","تم السداد 865,400.00","تم السداد 865,400.00","تم السداد 865,400.00","تم السداد 649,050.00","تم السداد 649,050.00","تم السداد 216,350.00",غير مستحقة,0,4110650,QNB مصر,7-May-25,0.9334,SKC0372,12-May-25
تامر مصطفى عادل شحاتة,1307258376,B6 - A013,Skyline - B6 - A013,6209000,0.946,"20%, 20%,20%, 15%,15%, 5%, 5%","تم السداد 1,241,800.00","تم السداد 1,241,800.00","تم السداد 1,241,800.00","تم السداد 931,350.00","تم السداد 931,350.00","تم السداد 310,450.00",غير مستحقة,0,5898550,بنك مصر,11-Jun-25,0.946,SKC0373,13-Jun-25
سامح لطفي سليمان حجازي,9588882817,B6 - B014,Skyline - B6 - B014,4057000,0.929,"20%, 20%,20%, 15%,15%, 5%, 5%","تم السداد 811,400.00","تم السداد 811,400.00","تم السداد 811,400.00","تم السداد 608,550.00","تم السداد 608,550.00","تم السداد 202,850.00",غير مستحقة,0,3854150,البنك التجاري الدولي CIB,30-May-25,0.929,SKC0374,4-Jun-25
علاء محمود نبيل المصري,9149117948,B6 - C015,Skyline - B6 - C015,3677000,0.9621,"20%, 20%,20%, 15%,15%, 5%, 5%","تم السداد 735,400.00","تم السداد 735,400.00","تم السداد 735,400.00","تم السداد 551,550.00","تم السداد 551,550.00","تم السداد 183,850.00",غير مستحقة,0,3493150,بنك القاهرة,22-Jun-25,0.9621,SKC0375,26-Jun-25
أشرف مجدي فؤاد البنا,1712844491,B6 - A016,Skyline - B6 - A016,4602000,0.9498,"20%, 20%,20%, 15%,15%, 5%, 5%","تم السداد 920,400.00","تم السداد 920,400.00","تم السداد 920,400.00","تم السداد 690,300.00","تم السداد 690,300.00","تم السداد 230,100.00",غير مستحقة,0,4371900,بنك القاهرة,28-Jun-25,0.9498,SKC0376,3-Jul-25
ياسين حسن فتحي علي,4497657221,B6 - B017,Skyline - B6 - B017,5705000,0.9607,"20%, 20%,20%, 15%,15%, 5%, 5%","تم السداد 1,141,000.00","تم السداد 1,141,000.00","تم السداد 1,141,000.00","تم السداد 855,750.00","تم السداد 855,750.00","تم السداد 285,250.00",غير مستحقة,0,5419750,بنك مصر,17-Jul-25,0.9607,SKC0377,22-Jul-25
خالد كمال علي الشرقاوي,4414444796,B6 - C018,Skyline - B6 - C018,6590000,0.9379,"20%, 20%,20%, 15%,15%, 5%, 5%","تم السداد 1,318,000.00","تم السداد 1,318,000.00","تم السداد 1,318,000.00","تم السداد 988,500.00","تم السداد 988,500.00","تم السداد 329,500.00",غير مستحقة,0,6260500,بنك القاهرة,18-Jul-25,0.9379,SKC0378,18-Jul-25
نهى سليمان إسماعيل الدسوقي,8026262100,B6 - A019,Skyline - B6 - A019,7765000,0.9568,"20%, 20%,20%, 15%,15%, 5%, 5%","تم السداد 1,553,000.00","تم السداد 1,553,000.00","تم السداد 1,553,000.00","تم السداد 1,164,750.00","تم السداد 1,164,750.00","تم السداد 388,250.00",غير مستحقة,0,7376750,بنك القاهرة,12-Aug-25,0.9568,SKC0379,15-Aug-25
وليد مصطفى صبحي السعدني,6545634809,B6 - B020,Skyline - B6 - B020,5337000,0.944,"20%, 20%,20%, 15%,15%, 5%, 5%","تم السداد 1,067,400.00","تم السداد 1,067,400.00","تم السداد 1,067,400.00","تم السداد 800,550.00","تم السداد 800,550.00","تم السداد 266,850.00",غير مستحقة,0,5070150,EGBANK - البنك المصري الخليجي,8-Aug-25,0.944,SKC0380,8-Aug-25
محمود جابر خالد المصري,6544608801,B6 - C021,Skyline - B6 - C021,3925000,0.9626,"20%, 20%,20%, 15%,15%, 5%, 5%","تم السداد 785,000.00","تم السداد 785,000.00","تم السداد 785,000.00","تم السداد 588,750.00","تم السداد 588,750.00","تم السداد 196,250.00",غير مستحقة,0,3728750,بنك التعمير والإسكان,1-Aug-25,0.9626,SKC0381,6-Aug-25
أيمن إبراهيم جمال حسن,8159568261,B6 - A022,Skyline - B6 - A022,6238000,0.9428,"20%, 20%,20%, 15%,15%, 5%, 5%","تم السداد 1,247,600.00","تم السداد 1,247,600.00","تم السداد 1,247,600.00","تم السداد 935,700.00","تم السداد 935,700.00","تم السداد 311,900.00",غير مستحقة,0,5926100,EGBANK - البنك المصري الخليجي,15-Aug-25,0.9428,SKC0382,22-Aug-25
تامر مختار كمال الشربيني,8305249204,B6 - B023,Skyline - B6 - B023,3618000,0.9576,"20%, 20%,20%, 15%,15%, 5%, 5%","تم السداد 723,600.00","تم السداد 723,600.00","تم السداد 723,600.00","تم السداد 542,700.00","تم السداد 542,700.00","تم السداد 180,900.00",غير مستحقة,0,3437100,بنك القاهرة,4-Jul-25,0.9576,SKC0383,9-Jul-25
محمد أحمد جابر السعدني,8830651454,B6 - C024,Skyline - B6 - C024,6272000,0.9623,"20%, 20%,20%, 15%,15%, 5%, 5%","تم السداد 1,254,400.00","تم السداد 1,254,400.00","تم السداد 1,254,400.00","تم السداد 940,800.00","تم السداد 940,800.00","تم السداد 313,600.00",غير مستحقة,0,5958400,بنك مصر,10-Aug-25,0.9623,SKC0384,11-Aug-25
أماني مصطفى خالد القاضي,4274547479,B6 - A025,Skyline - B6 - A025,4854000,0.9437,"20%, 20%,20%, 15%,15%, 5%, 5%","تم السداد 970,800.00","تم السداد 970,800.00","تم السداد 970,800.00","تم السداد 728,100.00","تم السداد 728,100.00","تم السداد 242,700.00",غير مستحقة,0,4611300,كريدي أجريكول مصر,18-Jul-25,0.9437,SKC0385,25-Jul-25
أشرف فاروق محمود الشافعي,7715242820,B6 - B026,Skyline - B6 - B026,6918000,0.9514,"20%, 20%,20%, 15%,15%, 5%, 5%","تم السداد 1,383,600.00","تم السداد 1,383,600.00","تم السداد 1,383,600.00","تم السداد 1,037,700.00","تم السداد 1,037,700.00","تم السداد 345,900.00",غير مستحقة,0,6572100,EGBANK - البنك المصري الخليجي,22-Jul-25,0.9514,SKC0386,25-Jul-25
عمرو نبيل سمير حبيب,3498511083,B6 - C027,Skyline - B6 - C027,5337000,0.9441,"20%, 20%,20%, 15%,15%, 5%, 5%","تم السداد 1,067,400.00","تم السداد 1,067,400.00","تم السداد 1,067,400.00","تم السداد 800,550.00","تم السداد 800,550.00","تم السداد 266,850.00",غير مستحقة,0,5070150,بنك مصر,22-Jul-25,0.9441,SKC0387,23-Jul-25
باسم إسماعيل فؤاد الجمل,8147871786,B6 - A028,Skyline - B6 - A028,7127000,0.9497,"20%, 20%,20%, 15%,15%, 5%, 5%","تم السداد 1,425,400.00","تم السداد 1,425,400.00","تم السداد 1,425,400.00","تم السداد 1,069,050.00","تم السداد 1,069,050.00","تم السداد 356,350.00",غير مستحقة,0,6770650,EGBANK - البنك المصري الخليجي,29-Aug-25,0.9497,SKC0388,31-Aug-25
زياد عبدالرحمن يوسف الزيني,1452833172,B6 - B029,Skyline - B6 - B029,5287000,0.9273,"20%, 20%,20%, 15%,15%, 5%, 5%","تم السداد 1,057,400.00","تم السداد 1,057,400.00","تم السداد 1,057,400.00","تم السداد 793,050.00","تم السداد 793,050.00","تم السداد 264,350.00",غير مستحقة,0,5022650,بنك مصر,29-Sep-25,0.9273,SKC0389,30-Sep-25
عادل حمدي جابر المنشاوي,4474366837,B6 - C030,Skyline - B6 - C030,6321000,0.9513,"20%, 20%,20%, 15%,15%, 5%, 5%","تم السداد 1,264,200.00","تم السداد 1,264,200.00","تم السداد 1,264,200.00","تم السداد 948,150.00","تم السداد 948,150.00","تم السداد 316,050.00",غير مستحقة,0,6004950,بنك القاهرة,27-Aug-25,0.9513,SKC0390,31-Aug-25
هاني عبدالله جمال الدمرداش,1753897070,B6 - A031,Skyline - B6 - A031,7345000,0.9454,"20%, 20%,20%, 15%,15%, 5%, 5%","تم السداد 1,469,000.00","تم السداد 1,469,000.00","تم السداد 1,469,000.00","تم السداد 1,101,750.00","تم السداد 1,101,750.00","تم السداد 367,250.00",غير مستحقة,0,6977750,EGBANK - البنك المصري الخليجي,28-Sep-25,0.9454,SKC0391,5-Oct-25
حازم سليمان لطفي رزق,8563567161,B6 - B032,Skyline - B6 - B032,7141000,0.9623,"20%, 20%,20%, 15%,15%, 5%, 5%","تم السداد 1,428,200.00","تم السداد 1,428,200.00","تم السداد 1,428,200.00","تم السداد 1,071,150.00","تم السداد 1,071,150.00","تم السداد 357,050.00",غير مستحقة,0,6783950,QNB مصر,16-Dec-25,0.9623,SKC0392,17-Dec-25
أدهم صبري حمدي المصري,6051695536,B6 - C033,Skyline - B6 - C033,7292000,0.9483,"20%, 20%,20%, 15%,15%, 5%, 5%","تم السداد 1,458,400.00","تم السداد 1,458,400.00","تم السداد 1,458,400.00","تم السداد 1,093,800.00","تم السداد 1,093,800.00","تم السداد 364,600.00",غير مستحقة,0,6927400,كريدي أجريكول مصر,25-Nov-25,0.9483,SKC0393,27-Nov-25
أيمن إسماعيل رشاد علي,7892431377,B6 - A034,Skyline - B6 - A034,3897000,0.9682,"20%, 20%,20%, 15%,15%, 5%, 5%","تم السداد 779,400.00","تم السداد 779,400.00","تم السداد 779,400.00","تم السداد 584,550.00","تم السداد 584,550.00","تم السداد 194,850.00",غير مستحقة,0,3702150,البنك الأهلي المصري,15-Dec-25,0.9682,SKC0394,18-Dec-25
يوسف سعيد فاروق سليمان,3560661232,B6 - B035,Skyline - B6 - B035,6502000,0.9392,"20%, 20%,20%, 15%,15%, 5%, 5%","تم السداد 1,300,400.00","تم السداد 1,300,400.00","تم السداد 1,300,400.00","تم السداد 975,300.00","تم السداد 975,300.00","تم السداد 325,100.00",غير مستحقة,0,6176900,QNB مصر,28-Nov-25,0.9392,SKC0395,29-Nov-25
أسماء محمود حسين السيد,3080516604,B6 - C036,Skyline - B6 - C036,6046000,0.9369,"20%, 20%,20%, 15%,15%, 5%, 5%","تم السداد 1,209,200.00","تم السداد 1,209,200.00","تم السداد 1,209,200.00","تم السداد 906,900.00","تم السداد 906,900.00","تم السداد 302,300.00",غير مستحقة,0,5743700,بنك القاهرة,25-Dec-25,0.9369,SKC0396,31-Dec-25
فادي مختار سيد عبدالسلام,9222661598,B6 - A037,Skyline - B6 - A037,5448000,0.9589,"20%, 20%,20%, 15%,15%, 5%, 5%","تم السداد 1,089,600.00","تم السداد 1,089,600.00","تم السداد 1,089,600.00","تم السداد 817,200.00","تم السداد 817,200.00","تم السداد 272,400.00",غير مستحقة,0,5175600,بنك مصر,13-Dec-25,0.9589,SKC0397,18-Dec-25
عادل صبحي مصطفى يونس,5481927011,B6 - B038,Skyline - B6 - B038,5702000,0.9573,"20%, 20%,20%, 15%,15%, 5%, 5%","تم السداد 1,140,400.00","تم السداد 1,140,400.00","تم السداد 1,140,400.00","تم السداد 855,300.00","تم السداد 855,300.00","تم السداد 285,100.00",غير مستحقة,0,5416900,بنك مصر,13-Dec-25,0.9573,SKC0398,17-Dec-25
مينا مجدي نبيل الرفاعي,9890275706,B6 - C039,Skyline - B6 - C039,3747000,0.9432,"20%, 20%,20%, 15%,15%, 5%, 5%","تم السداد 749,400.00","تم السداد 749,400.00","تم السداد 749,400.00","تم السداد 562,050.00","تم السداد 562,050.00","تم السداد 187,350.00",غير مستحقة,0,3559650,بنك مصر,14-Feb-26,0.9432,SKC0399,21-Feb-26
عمرو طارق كمال المنشاوي,3492097854,B6 - A040,Skyline - B6 - A040,6443000,0.9573,"20%, 20%,20%, 15%,15%, 5%, 5%","تم السداد 1,288,600.00","تم السداد 1,288,600.00","تم السداد 1,288,600.00","تم السداد 966,450.00","تم السداد 966,450.00","تم السداد 322,150.00",غير مستحقة,0,6120850,بنك مصر,12-Feb-26,0.9573,SKC0400,16-Feb-26
رؤوف خالد إسماعيل يونس,7016055851,B6 - B041,Skyline - B6 - B041,5631000,0.9239,"20%, 20%,20%, 15%,15%, 5%, 5%","تم السداد 1,126,200.00","تم السداد 1,126,200.00","تم السداد 1,126,200.00","تم السداد 844,650.00","تم السداد 844,650.00","تم السداد 281,550.00",غير مستحقة,0,5349450,البنك التجاري الدولي CIB,5-Apr-26,0.9239,SKC0401,10-Apr-26
ياسمين حسن خالد الوكيل,5662715467,B6 - C042,Skyline - B6 - C042,7259000,0.9601,"20%, 20%,20%, 15%,15%, 5%, 5%","تم السداد 1,451,800.00","تم السداد 1,451,800.00","تم السداد 1,451,800.00","تم السداد 1,088,850.00","تم السداد 1,088,850.00","تم السداد 362,950.00",غير مستحقة,0,6896050,البنك التجاري الدولي CIB,22-May-26,0.9601,SKC0402,28-May-26
رضوى خالد حسين النجار,9071940269,B6 - A043,Skyline - B6 - A043,3702000,0.9448,"20%, 20%,20%, 15%,15%, 5%, 5%","تم السداد 740,400.00","تم السداد 740,400.00","تم السداد 740,400.00","تم السداد 555,300.00","تم السداد 555,300.00","تم السداد 185,100.00",غير مستحقة,0,3516900,EGBANK - البنك المصري الخليجي,19-May-26,0.9448,SKC0403,24-May-26
نورا جابر عبدالله رمضان,9265500655,B6 - B044,Skyline - B6 - B044,5059000,0.9653,"20%, 20%,20%, 15%,15%, 5%, 5%","تم السداد 1,011,800.00","تم السداد 1,011,800.00","تم السداد 1,011,800.00","تم السداد 758,850.00","تم السداد 758,850.00","تم السداد 252,950.00",غير مستحقة,0,4806050,البنك الأهلي المصري,4-Jul-26,0.9653,SKC0404,11-Jul-26
رشا يوسف رشاد سليمان,9452857468,B6 - C045,Skyline - B6 - C045,4224000,0.9539,"20%, 20%,20%, 15%,15%, 5%, 5%","تم السداد 844,800.00","تم السداد 844,800.00","تم السداد 844,800.00","تم السداد 633,600.00","تم السداد 633,600.00","تم السداد 211,200.00",غير مستحقة,0,4012800,البنك الأهلي المصري,28-Jun-26,0.9539,SKC0405,3-Jul-26
هشام جمال عاطف عبدالعال,2246410697,B6 - A046,Skyline - B6 - A046,4235000,0.9618,"20%, 20%,20%, 15%,15%, 5%, 5%","تم السداد 847,000.00","تم السداد 847,000.00","تم السداد 847,000.00","تم السداد 635,250.00","تم السداد 635,250.00","تم السداد 211,750.00",غير مستحقة,0,4023250,البنك الأهلي المصري,29-Jun-26,0.9618,SKC0406,30-Jun-26
رامي عبدالله فتحي العشري,2720715179,B6 - B047,Skyline - B6 - B047,4212000,0.9475,"20%, 20%,20%, 15%,15%, 5%, 5%","842,400.00","842,400.00","842,400.00","631,800.00","631,800.00","210,600.00",غير مستحقة,4001400,0,البنك الأهلي المصري,19-Oct-24,0.9475,SKC0407,25-Oct-24
حسن جابر رشاد عبدالفتاح,7622567585,B6 - C048,Skyline - B6 - C048,3341000,0.9476,"20%, 20%,20%, 15%,15%, 5%, 5%","تم السداد 668,200.00","تم السداد 668,200.00","تم السداد 668,200.00","تم السداد 501,150.00","تم السداد 501,150.00","167,050.00",غير مستحقة,167050,3006900,بنك القاهرة,22-Nov-24,0.9476,SKC0408,23-Nov-24
عبدالرحمن رجب سيد عبدالفتاح,9195515899,B6 - A049,Skyline - B6 - A049,3583000,0.9416,"20%, 20%,20%, 15%,15%, 5%, 5%","تم السداد 716,600.00","تم السداد 716,600.00","تم السداد 716,600.00","تم السداد 537,450.00","تم السداد 537,450.00","179,150.00",غير مستحقة,179150,3224700,البنك الأهلي المصري,21-Nov-24,0.9416,SKC0409,23-Nov-24
رؤوف عادل فتحي السوهاجي,8405445889,B6 - B050,Skyline - B6 - B050,5177000,0.9457,"20%, 20%,20%, 15%,15%, 5%, 5%","تم السداد 1,035,400.00","تم السداد 1,035,400.00","تم السداد 1,035,400.00","تم السداد 776,550.00","تم السداد 776,550.00","258,850.00",غير مستحقة,258850,4659300,بنك القاهرة,13-Jul-25,0.9457,SKC0410,16-Jul-25
حسين يوسف إسماعيل عبدالمقصود,4765753332,B6 - C051,Skyline - B6 - C051,6910000,0.9443,"20%, 20%,20%, 15%,15%, 5%, 5%","1,382,000.00","1,382,000.00","1,382,000.00","1,036,500.00","1,036,500.00","345,500.00",غير مستحقة,6564500,0,البنك الأهلي المصري,5-Apr-26,0.9443,SKC0411,10-Apr-26
رنا عادل سعيد السعدني,3133851570,B6 - A052,Skyline - B6 - A052,7663000,0.9405,"20%, 20%,20%, 15%,15%, 5%, 5%","تم السداد 1,532,600.00","تم السداد 1,532,600.00","تم السداد 1,532,600.00","تم السداد 1,149,450.00","تم السداد 1,149,450.00","383,150.00",غير مستحقة,383150,6896700,بنك مصر,31-May-26,0.9405,SKC0412,6-Jun-26
هبة رشاد إبراهيم الشربيني,9259381791,B6 - B053,Skyline - B6 - B053,6121000,0.9487,"20%, 20%,20%, 15%,15%, 5%, 5%","تم السداد 1,224,200.00","1,224,200.00","1,224,200.00","918,150.00","918,150.00","306,050.00",غير مستحقة,4590750,1224200,QNB مصر,1-Jul-26,0.9487,SKC0413,1-Jul-26
سامح عصام شوقي عبدالحميد,2922158616,B6 - C054,Skyline - B6 - C054,11537000,0.9629,"20%, 20%,20%, 15%,15%, 5%, 5%","2,307,400.00","2,307,400.00","2,307,400.00","1,730,550.00","1,730,550.00","576,850.00",غير مستحقة,10960150,0,EGBANK - البنك المصري الخليجي,11-Jul-26,0.9629,SKC0414,14-Jul-26
ريم فاروق يوسف عبدالحليم,7082458476,B6 - A055,Skyline - B6 - A055,5261000,0.9383,"20%, 20%,20%, 15%,15%, 5%, 5%","1,052,200.00","1,052,200.00","1,052,200.00","789,150.00","789,150.00","263,050.00",غير مستحقة,4997950,0,EGBANK - البنك المصري الخليجي,26-Jun-26,0.9383,SKC0415,28-Jun-26
مروان عادل محمود النجار,7446722174,B6 - B056,Skyline - B6 - B056,4493000,0.9717,"20%, 20%,20%, 15%,15%, 5%, 5%","898,600.00","898,600.00","898,600.00","673,950.00","673,950.00","224,650.00",غير مستحقة,4268350,0,البنك الأهلي المصري,27-Jun-26,0.9717,SKC0416,30-Jun-26
شادي سعيد إبراهيم حجازي,6862799493,B6 - C057,Skyline - B6 - C057,8959000,0.9507,"20%, 20%,20%, 15%,15%, 5%, 5%","1,791,800.00","1,791,800.00","1,791,800.00","1,343,850.00","1,343,850.00","447,950.00",غير مستحقة,8511050,0,البنك الأهلي المصري,19-Jun-26,0.9507,SKC0417,20-Jun-26
حسام خالد كمال البنا,1984180925,B6 - A058,Skyline - B6 - A058,4533000,0.9477,"20%, 20%,20%, 15%,15%, 5%, 5%","906,600.00","906,600.00","906,600.00","679,950.00","679,950.00","226,650.00",غير مستحقة,4306350,0,البنك الأهلي المصري,28-Jun-26,0.9477,SKC0418,3-Jul-26
أدهم فتحي رمضان عبدالعال,6121352640,B6 - B059,Skyline - B6 - B059,4149000,0.9555,"20%, 20%,20%, 15%,15%, 5%, 5%","829,800.00","829,800.00","829,800.00","622,350.00","622,350.00","207,450.00",غير مستحقة,3941550,0,البنك الأهلي المصري,15-Jul-26,0.9555,SKC0419,17-Jul-26
محمد عبدالرحمن أحمد البحيري,8843116725,B6 - C060,Skyline - B6 - C060,7673000,0.9611,"20%, 20%,20%, 15%,15%, 5%, 5%","1,534,600.00","1,534,600.00","1,534,600.00","1,150,950.00","1,150,950.00","383,650.00",غير مستحقة,7289350,0,البنك الأهلي المصري,12-Jul-26,0.9611,SKC0420,14-Jul-26
رانيا فؤاد جابر عبدالمقصود,4395775537,B6 - A061,Skyline - B6 - A061,3763000,0.9368,"20%, 20%,20%, 15%,15%, 5%, 5%","752,600.00","752,600.00","752,600.00","564,450.00","564,450.00","188,150.00",غير مستحقة,3574850,0,البنك الأهلي المصري,5-Jul-26,0.9368,SKC0421,5-Jul-26
عادل كمال جابر النجار,2675461608,B6 - B062,Skyline - B6 - B062,5558000,0.9644,"20%, 20%,20%, 15%,15%, 5%, 5%","1,111,600.00","1,111,600.00","1,111,600.00","833,700.00","833,700.00","277,900.00",غير مستحقة,5280100,0,بنك مصر,3-Aug-26,0.9644,SKC0422,4-Aug-26
رضوى جمال رجب حسين,1638353703,B6 - C063,Skyline - B6 - C063,6064000,0.9266,"20%, 20%,20%, 15%,15%, 5%, 5%","1,212,800.00","1,212,800.00","1,212,800.00","909,600.00","909,600.00","303,200.00",غير مستحقة,5760800,0,البنك الأهلي المصري,3-Aug-26,0.9266,SKC0423,5-Aug-26
مارينا طارق إبراهيم السيد,2863701990,B6 - A064,Skyline - B6 - A064,4311000,0.9455,"20%, 20%,20%, 15%,15%, 5%, 5%","تم السداد 862,200.00","تم السداد 862,200.00","تم السداد 862,200.00","تم السداد 646,650.00","تم السداد 646,650.00","215,550.00",غير مستحقة,215550,3879900,كاش,26-Nov-24,0.9455,SKC0424,2-Dec-24
فادي مختار عاطف منصور,1317606377,B6 - B065,Skyline - B6 - B065,4152000,0.9418,"20%, 20%,20%, 15%,15%, 5%, 5%","تم السداد 830,400.00","تم السداد 830,400.00","تم السداد 830,400.00","تم السداد 622,800.00","تم السداد 622,800.00","207,600.00",غير مستحقة,207600,3736800,كاش,16-Oct-24,0.9418,SKC0425,20-Oct-24
إبراهيم جابر سيد عبدالمقصود,1780693750,B6 - C066,Skyline - B6 - C066,5221000,0.9577,"20%, 20%,20%, 15%,15%, 5%, 5%","تم السداد 1,044,200.00","تم السداد 1,044,200.00","تم السداد 1,044,200.00","تم السداد 783,150.00","تم السداد 783,150.00","261,050.00",غير مستحقة,261050,4698900,كاش,26-Oct-24,0.9577,SKC0426,26-Oct-24
رانيا إسماعيل عبدالله الوكيل,7683360224,B6 - A067,Skyline - B6 - A067,6134000,0.932,"20%, 20%,20%, 15%,15%, 5%, 5%","تم السداد 1,226,800.00","تم السداد 1,226,800.00","تم السداد 1,226,800.00","تم السداد 920,100.00","تم السداد 920,100.00","306,700.00",غير مستحقة,306700,5520600,كاش,26-Oct-24,0.932,SKC0427,30-Oct-24
فادي مجدي فاروق مبارك,9042238716,B6 - B068,Skyline - B6 - B068,3104000,0.9436,"20%, 20%,20%, 15%,15%, 5%, 5%","تم السداد 620,800.00","تم السداد 620,800.00","تم السداد 620,800.00","465,600.00","465,600.00","155,200.00",غير مستحقة,1086400,1862400,كاش,8-Nov-24,0.9436,SKC0428,13-Nov-24
شادي فؤاد محمود فوزي,9303195473,B6 - C069,Skyline - B6 - C069,5824000,0.9554,"20%, 20%,20%, 15%,15%, 5%, 5%","تم السداد 1,164,800.00","تم السداد 1,164,800.00","تم السداد 1,164,800.00","تم السداد 873,600.00","873,600.00","291,200.00",غير مستحقة,1164800,4368000,كاش,27-Nov-24,0.9554,SKC0429,2-Dec-24
حسن مختار إبراهيم الإسكندراني,8975541898,B6 - A070,Skyline - B6 - A070,4044000,0.9222,"20%, 20%,20%, 15%,15%, 5%, 5%","تم السداد 808,800.00","تم السداد 808,800.00","تم السداد 808,800.00","606,600.00","606,600.00","202,200.00",غير مستحقة,1415400,2426400,كاش,7-Dec-24,0.9222,SKC0430,12-Dec-24
ماجد طارق جمال حسن,3340149194,B6 - B071,Skyline - B6 - B071,3455000,0.9367,"20%, 20%,20%, 15%,15%, 5%, 5%","تم السداد 691,000.00","تم السداد 691,000.00","تم السداد 691,000.00","تم السداد 518,250.00","تم السداد 518,250.00","172,750.00",غير مستحقة,172750,3109500,كاش,7-Dec-24,0.9367,SKC0431,14-Dec-24
مروان عادل مختار الحداد,1801198649,B6 - C072,Skyline - B6 - C072,3755000,0.9542,"20%, 20%,20%, 15%,15%, 5%, 5%","تم السداد 751,000.00","تم السداد 751,000.00","تم السداد 751,000.00","تم السداد 563,250.00","تم السداد 563,250.00","187,750.00",غير مستحقة,187750,3379500,كاش,6-Dec-24,0.9542,SKC0432,6-Dec-24
عبدالله محمود فؤاد علي,9937440439,B7 - A001,Skyline - B7 - A001,4530000,0.9639,"20%, 20%,20%, 15%,15%, 5%, 5%","تم السداد 906,000.00","تم السداد 906,000.00","تم السداد 906,000.00","تم السداد 679,500.00","تم السداد 679,500.00","226,500.00",غير مستحقة,226500,4077000,كاش,1-Dec-24,0.9639,SKC0433,1-Dec-24
رامي رمضان حسين عبداللطيف,9685023361,B7 - B002,Skyline - B7 - B002,5252000,0.95,"20%, 20%,20%, 15%,15%, 5%, 5%","تم السداد 1,050,400.00","تم السداد 1,050,400.00","تم السداد 1,050,400.00","تم السداد 787,800.00","تم السداد 787,800.00","262,600.00",غير مستحقة,262600,4726800,كاش,9-Nov-24,0.95,SKC0434,9-Nov-24
بيشوي سليمان رشاد القناوي,4066096338,B7 - C003,Skyline - B7 - C003,3831000,0.9681,"20%, 20%,20%, 15%,15%, 5%, 5%","تم السداد 766,200.00","تم السداد 766,200.00","تم السداد 766,200.00","تم السداد 574,650.00","تم السداد 574,650.00","191,550.00",غير مستحقة,191550,3447900,كاش,16-Nov-24,0.9681,SKC0435,23-Nov-24
ماهر رشاد صبحي السوهاجي,2153656299,B7 - A004,Skyline - B7 - A004,3494000,0.9579,"20%, 20%,20%, 15%,15%, 5%, 5%","تم السداد 698,800.00","تم السداد 698,800.00","تم السداد 698,800.00","تم السداد 524,100.00","تم السداد 524,100.00","174,700.00",غير مستحقة,174700,3144600,كاش,17-Nov-24,0.9579,SKC0436,22-Nov-24
زياد نبيل مصطفى صلاح,3259674874,B7 - B005,Skyline - B7 - B005,7059000,0.9528,"20%, 20%,20%, 15%,15%, 5%, 5%","تم السداد 1,411,800.00","تم السداد 1,411,800.00","تم السداد 1,411,800.00","تم السداد 1,058,850.00","تم السداد 1,058,850.00","352,950.00",غير مستحقة,352950,6353100,كاش,6-Dec-24,0.9528,SKC0437,13-Dec-24
نيرمين مختار حسين يونس,1283484470,B7 - C006,Skyline - B7 - C006,3423000,0.9386,"20%, 20%,20%, 15%,15%, 5%, 5%","تم السداد 684,600.00","تم السداد 684,600.00","تم السداد 684,600.00","تم السداد 513,450.00","تم السداد 513,450.00","171,150.00",غير مستحقة,171150,3080700,كاش,26-Nov-24,0.9386,SKC0438,29-Nov-24
إبراهيم سمير إبراهيم القاضي,5181144332,B7 - A007,Skyline - B7 - A007,4434000,0.9487,"20%, 20%,20%, 15%,15%, 5%, 5%","تم السداد 886,800.00","تم السداد 886,800.00","تم السداد 886,800.00","665,100.00","665,100.00","221,700.00",غير مستحقة,1551900,2660400,كاش,29-Nov-24,0.9487,SKC0439,30-Nov-24
عبدالرحمن مصطفى صبري لطفي,5551818851,B7 - B008,Skyline - B7 - B008,3723000,0.961,"20%, 20%,20%, 15%,15%, 5%, 5%","تم السداد 744,600.00","تم السداد 744,600.00","تم السداد 744,600.00","558,450.00","558,450.00","186,150.00",غير مستحقة,1303050,2233800,كاش,11-Nov-24,0.961,SKC0440,16-Nov-24
إبراهيم صبري حسن عبدالفتاح,1463421702,B7 - C009,Skyline - B7 - C009,3774000,0.9551,"20%, 20%,20%, 15%,15%, 5%, 5%","تم السداد 754,800.00","تم السداد 754,800.00","تم السداد 754,800.00","تم السداد 566,100.00","تم السداد 566,100.00","188,700.00",غير مستحقة,188700,3396600,كاش,25-Nov-24,0.9551,SKC0441,29-Nov-24
عبدالرحمن سليمان أحمد صادق,7789784989,B7 - A010,Skyline - B7 - A010,5062000,0.9671,"20%, 20%,20%, 15%,15%, 5%, 5%","تم السداد 1,012,400.00","تم السداد 1,012,400.00","تم السداد 1,012,400.00","تم السداد 759,300.00","تم السداد 759,300.00","253,100.00",غير مستحقة,253100,4555800,كاش,29-Oct-24,0.9671,SKC0442,1-Nov-24
أيمن فتحي خالد الشربيني,5381054444,B7 - B011,Skyline - B7 - B011,4977000,0.9494,"20%, 20%,20%, 15%,15%, 5%, 5%","تم السداد 995,400.00","تم السداد 995,400.00","تم السداد 995,400.00","تم السداد 746,550.00","تم السداد 746,550.00","248,850.00",غير مستحقة,248850,4479300,كاش,30-Oct-24,0.9494,SKC0443,1-Nov-24
تامر عبدالله لطفي منصور,5079994198,B7 - C012,Skyline - B7 - C012,4269000,0.9486,"20%, 20%,20%, 15%,15%, 5%, 5%","تم السداد 853,800.00","تم السداد 853,800.00","تم السداد 853,800.00","640,350.00","640,350.00","213,450.00",غير مستحقة,1494150,2561400,كاش,22-Nov-24,0.9486,SKC0444,29-Nov-24
كريم سليمان جمال سليمان,6137618706,B7 - A013,Skyline - B7 - A013,9543000,0.9646,"20%, 20%,20%, 15%,15%, 5%, 5%","تم السداد 1,908,600.00","تم السداد 1,908,600.00","تم السداد 1,908,600.00","تم السداد 1,431,450.00","1,431,450.00","477,150.00",غير مستحقة,1908600,7157250,كاش,24-Oct-24,0.9646,SKC0445,28-Oct-24
كريم نبيل خالد السيد,8630079118,B7 - B014,Skyline - B7 - B014,5055000,0.97,"20%, 20%,20%, 15%,15%, 5%, 5%","تم السداد 1,011,000.00","تم السداد 1,011,000.00","تم السداد 1,011,000.00","تم السداد 758,250.00","758,250.00","252,750.00",غير مستحقة,1011000,3791250,كاش,29-Oct-24,0.97,SKC0446,4-Nov-24
وليد سعيد عصام الرفاعي,2259213430,B7 - C015,Skyline - B7 - C015,4128000,0.9548,"20%, 20%,20%, 15%,15%, 5%, 5%","تم السداد 825,600.00","تم السداد 825,600.00","تم السداد 825,600.00","تم السداد 619,200.00","619,200.00","206,400.00",غير مستحقة,825600,3096000,كاش,15-Nov-24,0.9548,SKC0447,18-Nov-24
هشام نبيل فتحي حبيب,1675340523,B7 - A016,Skyline - B7 - A016,9802000,0.952,"20%, 20%,20%, 15%,15%, 5%, 5%","تم السداد 1,960,400.00","تم السداد 1,960,400.00","تم السداد 1,960,400.00","1,470,300.00","1,470,300.00","490,100.00",غير مستحقة,3430700,5881200,كاش,14-Dec-24,0.952,SKC0448,16-Dec-24
وليد صلاح صبحي المرسي,7342741351,B7 - B017,Skyline - B7 - B017,5027000,0.9551,"20%, 20%,20%, 15%,15%, 5%, 5%","تم السداد 1,005,400.00","تم السداد 1,005,400.00","تم السداد 1,005,400.00","تم السداد 754,050.00","تم السداد 754,050.00","251,350.00",غير مستحقة,251350,4524300,كاش,14-Nov-24,0.9551,SKC0449,17-Nov-24
خالد إسماعيل جمال فهمي,5235173020,B7 - C018,Skyline - B7 - C018,3403000,0.9557,"20%, 20%,20%, 15%,15%, 5%, 5%","تم السداد 680,600.00","تم السداد 680,600.00","تم السداد 680,600.00","تم السداد 510,450.00","تم السداد 510,450.00","170,150.00",غير مستحقة,170150,3062700,كاش,30-Nov-24,0.9557,SKC0450,3-Dec-24
سامي محمود فؤاد عبدالعال,7581674111,B7 - A019,Skyline - B7 - A019,3780000,0.9686,"20%, 20%,20%, 15%,15%, 5%, 5%","تم السداد 756,000.00","تم السداد 756,000.00","تم السداد 756,000.00","تم السداد 567,000.00","تم السداد 567,000.00","189,000.00",غير مستحقة,189000,3402000,كاش,22-Nov-24,0.9686,SKC0451,26-Nov-24
محمود فاروق عصام حجازي,6309123613,B7 - B020,Skyline - B7 - B020,3712000,0.9629,"20%, 20%,20%, 15%,15%, 5%, 5%","تم السداد 742,400.00","تم السداد 742,400.00","تم السداد 742,400.00","تم السداد 556,800.00","تم السداد 556,800.00","185,600.00",غير مستحقة,185600,3340800,كاش,6-Nov-24,0.9629,SKC0452,8-Nov-24
علاء نبيل جابر مصطفى,2826341755,B7 - C021,Skyline - B7 - C021,5326000,0.9386,"20%, 20%,20%, 15%,15%, 5%, 5%","تم السداد 1,065,200.00","تم السداد 1,065,200.00","تم السداد 1,065,200.00","تم السداد 798,900.00","798,900.00","266,300.00",غير مستحقة,1065200,3994500,كاش,28-Nov-24,0.9386,SKC0453,29-Nov-24
شيماء رمضان إسماعيل صادق,1344882011,B7 - A022,Skyline - B7 - A022,5141000,0.9403,"20%, 20%,20%, 15%,15%, 5%, 5%","تم السداد 1,028,200.00","تم السداد 1,028,200.00","تم السداد 1,028,200.00","تم السداد 771,150.00","تم السداد 771,150.00","257,050.00",غير مستحقة,257050,4626900,كاش,26-Oct-24,0.9403,SKC0454,1-Nov-24
مجدي رمضان جمال جابر,8059143068,B7 - B023,Skyline - B7 - B023,3458000,0.9357,"20%, 20%,20%, 15%,15%, 5%, 5%","تم السداد 691,600.00","تم السداد 691,600.00","تم السداد 691,600.00","تم السداد 518,700.00","518,700.00","172,900.00",غير مستحقة,691600,2593500,كاش,13-Nov-24,0.9357,SKC0455,17-Nov-24
يوسف محمد جمال حجازي,7480278381,B7 - C024,Skyline - B7 - C024,5551000,0.9488,"20%, 20%,20%, 15%,15%, 5%, 5%","تم السداد 1,110,200.00","تم السداد 1,110,200.00","تم السداد 1,110,200.00","تم السداد 832,650.00","تم السداد 832,650.00","277,550.00",غير مستحقة,277550,4995900,كاش,21-Nov-24,0.9488,SKC0456,27-Nov-24
حسام صلاح مختار الزيني,8720048690,B7 - A025,Skyline - B7 - A025,3887000,0.9507,"20%, 20%,20%, 15%,15%, 5%, 5%","تم السداد 777,400.00","تم السداد 777,400.00","تم السداد 777,400.00","تم السداد 583,050.00","تم السداد 583,050.00","194,350.00",غير مستحقة,194350,3498300,كاش,3-Nov-24,0.9507,SKC0457,6-Nov-24
باسم سعيد إسماعيل فهمي,2059975850,B7 - B026,Skyline - B7 - B026,3988000,0.9606,"20%, 20%,20%, 15%,15%, 5%, 5%","تم السداد 797,600.00","تم السداد 797,600.00","تم السداد 797,600.00","تم السداد 598,200.00","598,200.00","199,400.00",غير مستحقة,797600,2991000,كاش,30-Nov-24,0.9606,SKC0458,5-Dec-24
محمود فتحي حمدي رمضان,1612893423,B7 - C027,Skyline - B7 - C027,4182000,0.9534,"20%, 20%,20%, 15%,15%, 5%, 5%","تم السداد 836,400.00","تم السداد 836,400.00","تم السداد 836,400.00","تم السداد 627,300.00","627,300.00","209,100.00",غير مستحقة,836400,3136500,كاش,8-Dec-24,0.9534,SKC0459,9-Dec-24
نادر مجدي فتحي الشرقاوي,2586663397,B7 - A028,Skyline - B7 - A028,9435000,0.9475,"20%, 20%,20%, 15%,15%, 5%, 5%","تم السداد 1,887,000.00","تم السداد 1,887,000.00","تم السداد 1,887,000.00","1,415,250.00","1,415,250.00","471,750.00",غير مستحقة,3302250,5661000,كاش,14-Dec-24,0.9475,SKC0460,14-Dec-24
عبدالرحمن محمود عادل النحاس,3662279959,B7 - B029,Skyline - B7 - B029,97537000,0.9439,"20%, 20%,20%, 15%,15%, 5%, 5%","تم السداد 19,507,400.00","تم السداد 19,507,400.00","تم السداد 19,507,400.00","تم السداد 14,630,550.00","14,630,550.00","4,876,850.00",غير مستحقة,19507400,73152750,كاش,10-Nov-24,0.9439,SKC0461,13-Nov-24
مجدي حسين يوسف يونس,9956157478,B7 - C030,Skyline - B7 - C030,4370000,0.945,"20%, 20%,20%, 15%,15%, 5%, 5%","تم السداد 874,000.00","تم السداد 874,000.00","تم السداد 874,000.00","تم السداد 655,500.00","تم السداد 655,500.00","218,500.00",غير مستحقة,218500,3933000,كاش,16-Dec-24,0.945,SKC0462,18-Dec-24
رامز عبدالله طارق الجندي,9065165881,B7 - A031,Skyline - B7 - A031,4042000,0.9496,"20%, 20%,20%, 15%,15%, 5%, 5%","تم السداد 808,400.00","تم السداد 808,400.00","تم السداد 808,400.00","تم السداد 606,300.00","تم السداد 606,300.00","202,100.00",غير مستحقة,202100,3637800,كاش,14-Nov-24,0.9496,SKC0463,16-Nov-24
مصطفى مختار سعيد الدسوقي,1869152320,B7 - B032,Skyline - B7 - B032,3899000,0.9374,"20%, 20%,20%, 15%,15%, 5%, 5%","تم السداد 779,800.00","تم السداد 779,800.00","تم السداد 779,800.00","تم السداد 584,850.00","تم السداد 584,850.00","194,950.00",غير مستحقة,194950,3509100,كاش,14-Dec-24,0.9374,SKC0464,20-Dec-24
محمد جابر رشاد سالم,6265292546,B7 - C033,Skyline - B7 - C033,4363000,0.9508,"20%, 20%,20%, 15%,15%, 5%, 5%","تم السداد 872,600.00","تم السداد 872,600.00","تم السداد 872,600.00","تم السداد 654,450.00","تم السداد 654,450.00","218,150.00",غير مستحقة,218150,3926700,كاش,2-Jan-25,0.9508,SKC0465,8-Jan-25
هشام فتحي محمود القاضي,9694474216,B7 - A034,Skyline - B7 - A034,5452000,0.9497,"20%, 20%,20%, 15%,15%, 5%, 5%","تم السداد 1,090,400.00","تم السداد 1,090,400.00","تم السداد 1,090,400.00","817,800.00","817,800.00","272,600.00",غير مستحقة,1908200,3271200,كاش,13-Dec-24,0.9497,SKC0466,14-Dec-24
سامي جابر سليمان عبدالمقصود,4518652074,B7 - B035,Skyline - B7 - B035,6943000,0.9489,"20%, 20%,20%, 15%,15%, 5%, 5%","تم السداد 1,388,600.00","تم السداد 1,388,600.00","تم السداد 1,388,600.00","تم السداد 1,041,450.00","1,041,450.00","347,150.00",غير مستحقة,1388600,5207250,كاش,25-Dec-24,0.9489,SKC0467,31-Dec-24
عمر صبري أحمد الحداد,1494059832,B7 - C036,Skyline - B7 - C036,7159000,0.9611,"20%, 20%,20%, 15%,15%, 5%, 5%","تم السداد 1,431,800.00","تم السداد 1,431,800.00","تم السداد 1,431,800.00","تم السداد 1,073,850.00","تم السداد 1,073,850.00","357,950.00",غير مستحقة,357950,6443100,كاش,31-Dec-24,0.9611,SKC0468,5-Jan-25
رؤوف عبدالرحمن إبراهيم القاضي,7542549750,B7 - A037,Skyline - B7 - A037,88981000,0.9443,"20%, 20%,20%, 15%,15%, 5%, 5%","تم السداد 17,796,200.00","تم السداد 17,796,200.00","تم السداد 17,796,200.00","تم السداد 13,347,150.00","13,347,150.00","4,449,050.00",غير مستحقة,17796200,66735750,كاش,12-Dec-24,0.9443,SKC0469,14-Dec-24
عبدالله طارق فتحي مراد,6651,B7 - B038,Skyline - B7 - B038,5316000,0.9623,"20%, 20%,20%, 15%,15%, 5%, 5%","تم السداد 1,063,200.00","تم السداد 1,063,200.00","تم السداد 1,063,200.00","تم السداد 797,400.00","تم السداد 797,400.00","265,800.00",غير مستحقة,265800,4784400,كاش,28-Dec-24,0.9623,SKC0470,31-Dec-24
إسلام سيد سليمان شاكر,2596414541,B7 - C039,Skyline - B7 - C039,6243000,0.9335,"20%, 20%,20%, 15%,15%, 5%, 5%","تم السداد 1,248,600.00","تم السداد 1,248,600.00","تم السداد 1,248,600.00","تم السداد 936,450.00","تم السداد 936,450.00","312,150.00",غير مستحقة,312150,5618700,كاش,30-Nov-24,0.9335,SKC0471,4-Dec-24
أشرف علي نبيل مراد,7103949241,B7 - A040,Skyline - B7 - A040,6911000,0.9667,"20%, 20%,20%, 15%,15%, 5%, 5%","تم السداد 1,382,200.00","تم السداد 1,382,200.00","تم السداد 1,382,200.00","1,036,650.00","1,036,650.00","345,550.00",غير مستحقة,2418850,4146600,كاش,6-Jan-25,0.9667,SKC0472,13-Jan-25
حسام لطفي سعيد عبدالمجيد,7476379146,B7 - B041,Skyline - B7 - B041,5549000,0.9659,"20%, 20%,20%, 15%,15%, 5%, 5%","تم السداد 1,109,800.00","تم السداد 1,109,800.00","تم السداد 1,109,800.00","تم السداد 832,350.00","تم السداد 832,350.00","277,450.00",غير مستحقة,277450,4994100,كاش,8-Dec-24,0.9659,SKC0473,13-Dec-24
نادر مصطفى فؤاد مبارك,5737650046,B7 - C042,Skyline - B7 - C042,7012000,0.9728,"20%, 20%,20%, 15%,15%, 5%, 5%","تم السداد 1,402,400.00","تم السداد 1,402,400.00","تم السداد 1,402,400.00","تم السداد 1,051,800.00","تم السداد 1,051,800.00","350,600.00",غير مستحقة,350600,6310800,كاش,21-Dec-24,0.9728,SKC0474,24-Dec-24
جورج علي لطفي العشري,3387824324,B7 - A043,Skyline - B7 - A043,5255000,0.9557,"20%, 20%,20%, 15%,15%, 5%, 5%","تم السداد 1,051,000.00","تم السداد 1,051,000.00","تم السداد 1,051,000.00","788,250.00","788,250.00","262,750.00",غير مستحقة,1839250,3153000,كاش,7-Dec-24,0.9557,SKC0475,9-Dec-24
ندى رمضان عبدالرحمن المصري,6641632215,B7 - B044,Skyline - B7 - B044,4709000,0.9512,"20%, 20%,20%, 15%,15%, 5%, 5%","تم السداد 941,800.00","تم السداد 941,800.00","تم السداد 941,800.00","تم السداد 706,350.00","تم السداد 706,350.00","235,450.00",غير مستحقة,235450,4238100,كاش,1-Jan-25,0.9512,SKC0476,8-Jan-25
إسلام سعيد رجب سالم,2627545176,B7 - C045,Skyline - B7 - C045,9534000,0.9238,"20%, 20%,20%, 15%,15%, 5%, 5%","تم السداد 1,906,800.00","تم السداد 1,906,800.00","تم السداد 1,906,800.00","تم السداد 1,430,100.00","تم السداد 1,430,100.00","476,700.00",غير مستحقة,476700,8580600,كاش,24-Nov-24,0.9238,SKC0477,26-Nov-24
حسام نبيل لطفي صلاح,1816024428,B7 - A046,Skyline - B7 - A046,3607000,0.9226,"20%, 20%,20%, 15%,15%, 5%, 5%","تم السداد 721,400.00","تم السداد 721,400.00","تم السداد 721,400.00","تم السداد 541,050.00","541,050.00","180,350.00",غير مستحقة,721400,2705250,كاش,28-Dec-24,0.9226,SKC0478,1-Jan-25
زياد حسن سيد رمضان,8416509932,B7 - B047,Skyline - B7 - B047,3735000,0.9396,"20%, 20%,20%, 15%,15%, 5%, 5%","تم السداد 747,000.00","تم السداد 747,000.00","تم السداد 747,000.00","تم السداد 560,250.00","560,250.00","186,750.00",غير مستحقة,747000,2801250,كاش,1-Jan-25,0.9396,SKC0479,7-Jan-25
عمرو حسن فتحي الزيني,8630983481,B7 - C048,Skyline - B7 - C048,4502000,0.9323,"20%, 20%,20%, 15%,15%, 5%, 5%","تم السداد 900,400.00","تم السداد 900,400.00","تم السداد 900,400.00","تم السداد 675,300.00","675,300.00","225,100.00",غير مستحقة,900400,3376500,كاش,4-Jan-25,0.9323,SKC0480,11-Jan-25
هشام عبدالرحمن فتحي السعدني,5957046717,B7 - A049,Skyline - B7 - A049,4288000,0.9683,"20%, 20%,20%, 15%,15%, 5%, 5%","تم السداد 857,600.00","تم السداد 857,600.00","تم السداد 857,600.00","تم السداد 643,200.00","تم السداد 643,200.00","214,400.00",غير مستحقة,214400,3859200,كاش,15-Jan-25,0.9683,SKC0481,20-Jan-25
حسام صبحي عبدالرحمن القناوي,4375814704,B7 - B050,Skyline - B7 - B050,5284000,0.9477,"20%, 20%,20%, 15%,15%, 5%, 5%","تم السداد 1,056,800.00","تم السداد 1,056,800.00","تم السداد 1,056,800.00","تم السداد 792,600.00","تم السداد 792,600.00","264,200.00",غير مستحقة,264200,4755600,كاش,8-Jan-25,0.9477,SKC0482,8-Jan-25
جورج عبدالله أحمد المصري,4847087223,B7 - C051,Skyline - B7 - C051,5136000,0.9569,"20%, 20%,20%, 15%,15%, 5%, 5%","تم السداد 1,027,200.00","تم السداد 1,027,200.00","تم السداد 1,027,200.00","تم السداد 770,400.00","تم السداد 770,400.00","256,800.00",غير مستحقة,256800,4622400,كاش,8-Dec-24,0.9569,SKC0483,9-Dec-24
رامز محمد فتحي سالم,2422030621,B7 - A052,Skyline - B7 - A052,4436000,0.9297,"20%, 20%,20%, 15%,15%, 5%, 5%","تم السداد 887,200.00","تم السداد 887,200.00","تم السداد 887,200.00","تم السداد 665,400.00","تم السداد 665,400.00","221,800.00",غير مستحقة,221800,3992400,كاش,24-Jan-25,0.9297,SKC0484,28-Jan-25
إبراهيم فتحي شوقي القناوي,2542245978,B7 - B053,Skyline - B7 - B053,3825000,0.9664,"20%, 20%,20%, 15%,15%, 5%, 5%","تم السداد 765,000.00","تم السداد 765,000.00","تم السداد 765,000.00","تم السداد 573,750.00","تم السداد 573,750.00","191,250.00",غير مستحقة,191250,3442500,كاش,22-Jan-25,0.9664,SKC0485,23-Jan-25
عادل لطفي إبراهيم حجازي,8541530723,B7 - C054,Skyline - B7 - C054,4770000,0.9695,"20%, 20%,20%, 15%,15%, 5%, 5%","تم السداد 954,000.00","تم السداد 954,000.00","تم السداد 954,000.00","تم السداد 715,500.00","715,500.00","238,500.00",غير مستحقة,954000,3577500,كاش,22-Dec-24,0.9695,SKC0486,22-Dec-24
وائل نبيل حمدي الحداد,9094568997,B7 - A055,Skyline - B7 - A055,4378000,0.9583,"20%, 20%,20%, 15%,15%, 5%, 5%","تم السداد 875,600.00","تم السداد 875,600.00","تم السداد 875,600.00","656,700.00","656,700.00","218,900.00",غير مستحقة,1532300,2626800,كاش,13-Feb-25,0.9583,SKC0487,14-Feb-25
يوسف علي نبيل السوهاجي,6204091140,B7 - B056,Skyline - B7 - B056,4251000,0.9427,"20%, 20%,20%, 15%,15%, 5%, 5%","تم السداد 850,200.00","تم السداد 850,200.00","تم السداد 850,200.00","637,650.00","637,650.00","212,550.00",غير مستحقة,1487850,2550600,كاش,29-Jan-25,0.9427,SKC0488,31-Jan-25
عبدالرحمن مصطفى نبيل عبدالعال,5030691795,B7 - C057,Skyline - B7 - C057,4549000,0.9486,"20%, 20%,20%, 15%,15%, 5%, 5%","تم السداد 909,800.00","تم السداد 909,800.00","تم السداد 909,800.00","تم السداد 682,350.00","682,350.00","227,450.00",غير مستحقة,909800,3411750,كاش,11-Feb-25,0.9486,SKC0489,16-Feb-25
يوسف مجدي يوسف السيد,9086191942,B7 - A058,Skyline - B7 - A058,7293000,0.9298,"20%, 20%,20%, 15%,15%, 5%, 5%","تم السداد 1,458,600.00","تم السداد 1,458,600.00","تم السداد 1,458,600.00","تم السداد 1,093,950.00","تم السداد 1,093,950.00","364,650.00",غير مستحقة,364650,6563700,كاش,15-Feb-25,0.9298,SKC0490,19-Feb-25
رامز عصام عبدالله مصطفى,1009674626,B7 - B059,Skyline - B7 - B059,4721000,0.9425,"20%, 20%,20%, 15%,15%, 5%, 5%","تم السداد 944,200.00","تم السداد 944,200.00","تم السداد 944,200.00","تم السداد 708,150.00","708,150.00","236,050.00",غير مستحقة,944200,3540750,كاش,4-Mar-25,0.9425,SKC0491,6-Mar-25
ياسمين عبدالله أحمد بدوي,7154306838,B7 - C060,Skyline - B7 - C060,5945000,0.9588,"20%, 20%,20%, 15%,15%, 5%, 5%","تم السداد 1,189,000.00","تم السداد 1,189,000.00","تم السداد 1,189,000.00","تم السداد 891,750.00","تم السداد 891,750.00","297,250.00",غير مستحقة,297250,5350500,كاش,19-Jan-25,0.9588,SKC0492,23-Jan-25
طارق سمير إسماعيل إبراهيم,5934820475,B7 - A061,Skyline - B7 - A061,11415000,0.9354,"20%, 20%,20%, 15%,15%, 5%, 5%","تم السداد 2,283,000.00","تم السداد 2,283,000.00","تم السداد 2,283,000.00","تم السداد 1,712,250.00","تم السداد 1,712,250.00","570,750.00",غير مستحقة,570750,10273500,كاش,4-Feb-25,0.9354,SKC0493,10-Feb-25
محمود حمدي طارق عبدالرازق,6499854641,B7 - B062,Skyline - B7 - B062,7784000,0.9385,"20%, 20%,20%, 15%,15%, 5%, 5%","تم السداد 1,556,800.00","تم السداد 1,556,800.00","تم السداد 1,556,800.00","تم السداد 1,167,600.00","تم السداد 1,167,600.00","389,200.00",غير مستحقة,389200,7005600,كاش,12-Feb-25,0.9385,SKC0494,18-Feb-25
خالد سليمان رمضان عوض,2243043438,B7 - C063,Skyline - B7 - C063,4699000,0.9558,"20%, 20%,20%, 15%,15%, 5%, 5%","تم السداد 939,800.00","تم السداد 939,800.00","939,800.00","704,850.00","704,850.00","234,950.00",غير مستحقة,2584450,1879600,كاش,14-Feb-25,0.9558,SKC0495,19-Feb-25
أدهم رشاد عاطف المنياوي,3520025046,B7 - A064,Skyline - B7 - A064,3838000,0.9546,"20%, 20%,20%, 15%,15%, 5%, 5%","تم السداد 767,600.00","تم السداد 767,600.00","تم السداد 767,600.00","تم السداد 575,700.00","تم السداد 575,700.00","191,900.00",غير مستحقة,191900,3454200,كاش,17-Feb-25,0.9546,SKC0496,20-Feb-25
إبراهيم فتحي يوسف البنا,8858402102,B7 - B065,Skyline - B7 - B065,7683000,0.951,"20%, 20%,20%, 15%,15%, 5%, 5%","تم السداد 1,536,600.00","تم السداد 1,536,600.00","تم السداد 1,536,600.00","تم السداد 1,152,450.00","تم السداد 1,152,450.00","384,150.00",غير مستحقة,384150,6914700,كاش,12-Mar-25,0.951,SKC0497,12-Mar-25
علاء سليمان عصام شحاتة,4130503613,B7 - C066,Skyline - B7 - C066,4471000,0.963,"20%, 20%,20%, 15%,15%, 5%, 5%","تم السداد 894,200.00","تم السداد 894,200.00","تم السداد 894,200.00","تم السداد 670,650.00","تم السداد 670,650.00","223,550.00",غير مستحقة,223550,4023900,كاش,3-Mar-25,0.963,SKC0498,3-Mar-25
كريم حسن صبحي عبدالمجيد,6320273266,B7 - A067,Skyline - B7 - A067,5775000,0.9503,"20%, 20%,20%, 15%,15%, 5%, 5%","تم السداد 1,155,000.00","تم السداد 1,155,000.00","تم السداد 1,155,000.00","تم السداد 866,250.00","تم السداد 866,250.00","288,750.00",غير مستحقة,288750,5197500,كاش,2-Mar-25,0.9503,SKC0499,2-Mar-25
محمود سيد عبدالرحمن السوهاجي,8141863255,B7 - B068,Skyline - B7 - B068,4136000,0.9402,"20%, 20%,20%, 15%,15%, 5%, 5%","تم السداد 827,200.00","تم السداد 827,200.00","تم السداد 827,200.00","تم السداد 620,400.00","تم السداد 620,400.00","206,800.00",غير مستحقة,206800,3722400,كاش,14-Feb-25,0.9402,SKC0500,20-Feb-25
طارق رمضان عصام المرسي,3727712512,B7 - C069,Skyline - B7 - C069,4805000,0.9517,"20%, 20%,20%, 15%,15%, 5%, 5%","تم السداد 961,000.00","تم السداد 961,000.00","تم السداد 961,000.00","تم السداد 720,750.00","تم السداد 720,750.00","240,250.00",غير مستحقة,240250,4324500,كاش,29-Mar-25,0.9517,SKC0501,5-Apr-25
رامز فتحي لطفي رمضان,2794159295,B7 - A070,Skyline - B7 - A070,6310000,0.9568,"20%, 20%,20%, 15%,15%, 5%, 5%","تم السداد 1,262,000.00","تم السداد 1,262,000.00","تم السداد 1,262,000.00","تم السداد 946,500.00","تم السداد 946,500.00","315,500.00",غير مستحقة,315500,5679000,كاش,21-Feb-25,0.9568,SKC0502,21-Feb-25
خالد سعيد إبراهيم الدمرداش,9125318559,B7 - B071,Skyline - B7 - B071,6534000,0.9489,"20%, 20%,20%, 15%,15%, 5%, 5%","تم السداد 1,306,800.00","تم السداد 1,306,800.00","تم السداد 1,306,800.00","تم السداد 980,100.00","980,100.00","326,700.00",غير مستحقة,1306800,4900500,كاش,26-Feb-25,0.9489,SKC0503,28-Feb-25
شريف لطفي حسين الجندي,4672229725,B7 - C072,Skyline - B7 - C072,6947000,0.9498,"20%, 20%,20%, 15%,15%, 5%, 5%","تم السداد 1,389,400.00","تم السداد 1,389,400.00","تم السداد 1,389,400.00","تم السداد 1,042,050.00","تم السداد 1,042,050.00","347,350.00",غير مستحقة,347350,6252300,كاش,17-Feb-25,0.9498,SKC0504,23-Feb-25
ياسين سيد يوسف عبدالحميد,3904915055,B8 - A001,Skyline - B8 - A001,5569000,0.9531,"20%, 20%,20%, 15%,15%, 5%, 5%","تم السداد 1,113,800.00","تم السداد 1,113,800.00","تم السداد 1,113,800.00","تم السداد 835,350.00","تم السداد 835,350.00","278,450.00",غير مستحقة,278450,5012100,كاش,11-May-25,0.9531,SKC0505,15-May-25
كريم رشاد عادل البحيري,5565469028,B8 - B002,Skyline - B8 - B002,6147000,0.9683,"20%, 20%,20%, 15%,15%, 5%, 5%","تم السداد 1,229,400.00","1,229,400.00","1,229,400.00","922,050.00","922,050.00","307,350.00",غير مستحقة,4610250,1229400,كاش,16-May-25,0.9683,SKC0506,18-May-25
إبراهيم رمضان فتحي عبدالحليم,1864313227,B8 - C003,Skyline - B8 - C003,5151000,0.9549,"20%, 20%,20%, 15%,15%, 5%, 5%","تم السداد 1,030,200.00","تم السداد 1,030,200.00","تم السداد 1,030,200.00","تم السداد 772,650.00","تم السداد 772,650.00","257,550.00",غير مستحقة,257550,4635900,كاش,7-May-25,0.9549,SKC0507,14-May-25
ياسين فؤاد كمال مبارك,9863712018,B8 - A004,Skyline - B8 - A004,3999000,0.9464,"20%, 20%,20%, 15%,15%, 5%, 5%","تم السداد 799,800.00","تم السداد 799,800.00","تم السداد 799,800.00","تم السداد 599,850.00","599,850.00","199,950.00",غير مستحقة,799800,2999250,كاش,31-May-25,0.9464,SKC0508,31-May-25
خالد إسماعيل مصطفى الجندي,2381477153,B8 - B005,Skyline - B8 - B005,4172000,0.9657,"20%, 20%,20%, 15%,15%, 5%, 5%","834,400.00","834,400.00","834,400.00","625,800.00","625,800.00","208,600.00",غير مستحقة,3963400,0,كاش,18-Jun-25,0.9657,SKC0509,21-Jun-25
أيمن فتحي نبيل عبدالرازق,4604608670,B8 - C006,Skyline - B8 - C006,4383000,0.9616,"20%, 20%,20%, 15%,15%, 5%, 5%","تم السداد 876,600.00","تم السداد 876,600.00","تم السداد 876,600.00","تم السداد 657,450.00","تم السداد 657,450.00","219,150.00",غير مستحقة,219150,3944700,كاش,8-Jul-25,0.9616,SKC0510,12-Jul-25
طارق رمضان يوسف الجندي,9600231927,B8 - A007,Skyline - B8 - A007,4788000,0.9544,"20%, 20%,20%, 15%,15%, 5%, 5%","تم السداد 957,600.00","تم السداد 957,600.00","تم السداد 957,600.00","تم السداد 718,200.00","718,200.00","239,400.00",غير مستحقة,957600,3591000,كاش,13-Jul-25,0.9544,SKC0511,17-Jul-25
مصطفى شوقي إسماعيل النحاس,9939251534,B8 - B008,Skyline - B8 - B008,3390000,0.9707,"20%, 20%,20%, 15%,15%, 5%, 5%","تم السداد 678,000.00","تم السداد 678,000.00","تم السداد 678,000.00","تم السداد 508,500.00","508,500.00","169,500.00",غير مستحقة,678000,2542500,كاش,28-Jul-25,0.9707,SKC0512,30-Jul-25
هشام عادل إسماعيل صلاح,1776104229,B8 - C009,Skyline - B8 - C009,4103000,0.9542,"20%, 20%,20%, 15%,15%, 5%, 5%","تم السداد 820,600.00","تم السداد 820,600.00","تم السداد 820,600.00","تم السداد 615,450.00","تم السداد 615,450.00","205,150.00",غير مستحقة,205150,3692700,كاش,23-Aug-25,0.9542,SKC0513,25-Aug-25
إبراهيم لطفي فتحي الإسكندراني,3352395159,B8 - A010,Skyline - B8 - A010,4046000,0.9388,"20%, 20%,20%, 15%,15%, 5%, 5%","تم السداد 809,200.00","809,200.00","809,200.00","606,900.00","606,900.00","202,300.00",غير مستحقة,3034500,809200,كاش,20-Aug-25,0.9388,SKC0514,21-Aug-25
إبراهيم فتحي كمال القاضي,1353610127,B8 - B011,Skyline - B8 - B011,4562000,0.9375,"20%, 20%,20%, 15%,15%, 5%, 5%","تم السداد 912,400.00","تم السداد 912,400.00","تم السداد 912,400.00","684,300.00","684,300.00","228,100.00",غير مستحقة,1596700,2737200,كاش,28-Aug-25,0.9375,SKC0515,3-Sep-25
عبدالرحمن حسن فاروق النجار,3662829979,B8 - C012,Skyline - B8 - C012,3813000,0.942,"20%, 20%,20%, 15%,15%, 5%, 5%","تم السداد 762,600.00","تم السداد 762,600.00","تم السداد 762,600.00","تم السداد 571,950.00","تم السداد 571,950.00","190,650.00",غير مستحقة,190650,3431700,كاش,5-Sep-25,0.942,SKC0516,7-Sep-25
هاني جمال مختار بدوي,5524811907,B8 - A013,Skyline - B8 - A013,7511000,0.9464,"20%, 20%,20%, 15%,15%, 5%, 5%","تم السداد 1,502,200.00","تم السداد 1,502,200.00","تم السداد 1,502,200.00","تم السداد 1,126,650.00","تم السداد 1,126,650.00","375,550.00",غير مستحقة,375550,6759900,كاش,7-Oct-25,0.9464,SKC0517,13-Oct-25
بيشوي صبحي جابر صبري,4908750915,B8 - B014,Skyline - B8 - B014,7298000,0.9626,"20%, 20%,20%, 15%,15%, 5%, 5%","تم السداد 1,459,600.00","تم السداد 1,459,600.00","تم السداد 1,459,600.00","تم السداد 1,094,700.00","تم السداد 1,094,700.00","364,900.00",غير مستحقة,364900,6568200,كاش,20-Oct-25,0.9626,SKC0518,22-Oct-25
طارق عادل طارق بدوي,6714174497,B8 - C015,Skyline - B8 - C015,3752000,0.9527,"20%, 20%,20%, 15%,15%, 5%, 5%","تم السداد 750,400.00","تم السداد 750,400.00","تم السداد 750,400.00","تم السداد 562,800.00","تم السداد 562,800.00","187,600.00",غير مستحقة,187600,3376800,كاش,6-Dec-25,0.9527,SKC0519,9-Dec-25
شريف إسماعيل سمير مبارك,4177225699,B8 - A016,Skyline - B8 - A016,7743000,0.9648,"20%, 20%,20%, 15%,15%, 5%, 5%","تم السداد 1,548,600.00","تم السداد 1,548,600.00","تم السداد 1,548,600.00","تم السداد 1,161,450.00","تم السداد 1,161,450.00","387,150.00",غير مستحقة,387150,6968700,كاش,5-Dec-25,0.9648,SKC0520,8-Dec-25
جورج عبدالرحمن فتحي لطفي,8653622240,B8 - B017,Skyline - B8 - B017,7681000,0.9654,"20%, 20%,20%, 15%,15%, 5%, 5%","تم السداد 1,536,200.00","تم السداد 1,536,200.00","تم السداد 1,536,200.00","تم السداد 1,152,150.00","1,152,150.00","384,050.00",غير مستحقة,1536200,5760750,كاش,13-Dec-25,0.9654,SKC0521,18-Dec-25
هشام مجدي عادل فوزي,9882115963,B8 - C018,Skyline - B8 - C018,7629000,0.9702,"20%, 20%,20%, 15%,15%, 5%, 5%","تم السداد 1,525,800.00","تم السداد 1,525,800.00","تم السداد 1,525,800.00","تم السداد 1,144,350.00","1,144,350.00","381,450.00",غير مستحقة,1525800,5721750,كاش,26-Dec-25,0.9702,SKC0522,2-Jan-26
علاء محمود أحمد السعدني,7538721072,B8 - A019,Skyline - B8 - A019,4001000,0.9639,"20%, 20%,20%, 15%,15%, 5%, 5%","تم السداد 800,200.00","تم السداد 800,200.00","تم السداد 800,200.00","تم السداد 600,150.00","600,150.00","200,050.00",غير مستحقة,800200,3000750,كاش,7-Jan-26,0.9639,SKC0523,8-Jan-26
وائل محمود سعيد سليمان,8413217053,B8 - B020,Skyline - B8 - B020,5343000,0.9261,"20%, 20%,20%, 15%,15%, 5%, 5%","تم السداد 1,068,600.00","تم السداد 1,068,600.00","تم السداد 1,068,600.00","تم السداد 801,450.00","801,450.00","267,150.00",غير مستحقة,1068600,4007250,كاش,7-Mar-26,0.9261,SKC0524,10-Mar-26
عبير فؤاد يوسف عبدالعال,7971688010,B8 - C021,Skyline - B8 - C021,3694000,0.9631,"20%, 20%,20%, 15%,15%, 5%, 5%","تم السداد 738,800.00","تم السداد 738,800.00","تم السداد 738,800.00","تم السداد 554,100.00","تم السداد 554,100.00","184,700.00",غير مستحقة,184700,3324600,كاش,19-Feb-26,0.9631,SKC0525,26-Feb-26
شادي رمضان حسن الشرقاوي,1744888187,B8 - A022,Skyline - B8 - A022,3970000,0.9283,"20%, 20%,20%, 15%,15%, 5%, 5%","تم السداد 794,000.00","تم السداد 794,000.00","تم السداد 794,000.00","595,500.00","595,500.00","198,500.00",غير مستحقة,1389500,2382000,كاش,22-Apr-26,0.9283,SKC0526,22-Apr-26
أشرف صبحي صبري الطنطاوي,2393365937,B8 - B023,Skyline - B8 - B023,7165000,0.9611,"20%, 20%,20%, 15%,15%, 5%, 5%","تم السداد 1,433,000.00","1,433,000.00","1,433,000.00","1,074,750.00","1,074,750.00","358,250.00",غير مستحقة,5373750,1433000,كاش,19-May-26,0.9611,SKC0527,20-May-26
باسم عبدالرحمن مختار السيد,3272645227,B8 - C024,Skyline - B8 - C024,5370000,0.9474,"20%, 20%,20%, 15%,15%, 5%, 5%","تم السداد 1,074,000.00","تم السداد 1,074,000.00","تم السداد 1,074,000.00","تم السداد 805,500.00","805,500.00","268,500.00",غير مستحقة,1074000,4027500,كاش,8-Jul-26,0.9474,SKC0528,15-Jul-26
Summary Total,,,,,,,1133515800,1133515800,1133515800,850136850,850136850,283378950,0,197950750,5186249300,,,,,
Paid Installments,,,,,,,1118059000,1113363200,1112423400,823279050,776841450,242283200,0,0,5186249300,,,,,
Remaining Installments,,,,,,,15456800,20152600,21092400,26857800,73295400,41095750,0,197950750,0,,,,,