اسم العميل,رقم الهوية,رقم الوحدة,كود الوحدة,سعر الوحدة,نسبة الانجاز من الاستشاري الهندسي,جدول الدفعات,الدفعة 1 ,الدفعة 2 ,الدفعة3 ,الدفعة 4 ,الدفعة 5 ,الدفعة 6 ,الدفعة 7 ,مجموع الدفعات المستحقة ,مجموع الدفعات المدفوعة ,البنك,تاريخ عقد البيع ,POC,رقم عقد البيع ,Date
أدهم مصطفى محمد صادق,9990000000298,771,02-04-0175-0000000771,6025000,0.9132,"15%, 10%, 15%, 20%, 15%, 15%, 10%","تم السداد 903,750.00","تم السداد 602,500.00","تم السداد 903,750.00",غير مستحقة,غير مستحقة,غير مستحقة,غير مستحقة,0,2410000,البنك الأهلي المصري,10/06/2025,0.9132,RA-2025-0001,13/7/2025
مي حمدي صبري عبداللطيف,9990000000409,924,02-04-0175-0000000924,3892500,0.8453,"15%, 15%, 15%, 15%, 15%, 15%, 10%","تم السداد 583,875.00","583,875.00",غير مستحقة,غير مستحقة,غير مستحقة,غير مستحقة,غير مستحقة,583875,583875,البنك الأهلي المصري,11/04/2026,0.8453,RA-2026-0002,28/4/2026
عمرو عادل علي الكومي,9990000000018,605,02-04-0175-0000000605,3582500,0.8847,"20%, 15%, 15%, 15%, 15%, 10%, 10%","تم السداد 716,500.00",غير مستحقة,غير مستحقة,غير مستحقة,غير مستحقة,غير مستحقة,غير مستحقة,0,716500,البنك الأهلي المصري,07/05/2026,0.8847,RA-2026-0003,14/6/2026
آية عبدالرحمن ناجي عوض,9990000000360,762,02-04-0175-0000000762,6122500,0.9877,"10%, 15%, 15%, 20%, 15%, 15%, 10%","تم السداد 612,250.00",غير مستحقة,غير مستحقة,غير مستحقة,غير مستحقة,غير مستحقة,غير مستحقة,0,612250,البنك الأهلي المصري,01/05/2026,0.9877,RA-2026-0004,24/5/2026
معتز صبري أحمد السوهاجي,9990000000272,770,02-04-0175-0000000770,3982500,0.8959,"15%, 10%, 15%, 20%, 15%, 15%, 10%","تم السداد 597,375.00",غير مستحقة,غير مستحقة,غير مستحقة,غير مستحقة,غير مستحقة,غير مستحقة,0,597375,البنك الأهلي المصري,10/10/2025,0.8959,RA-2025-0005,29/10/2025
رامي طارق خالد لطفي,9990000000257,656,02-04-0175-0000000656,6832500,0.9826,"10%, 15%, 15%, 20%, 15%, 15%, 10%","تم السداد 683,250.00",غير مستحقة,غير مستحقة,غير مستحقة,غير مستحقة,غير مستحقة,غير مستحقة,0,683250,البنك الأهلي المصري,08/04/2026,0.9826,RA-2026-0006,13/5/2026
علي مصطفى طارق الدسوقي,9990000000012,621,02-04-0175-0000000621,6717500,0.9844,"15%, 10%, 15%, 20%, 15%, 15%, 10%","تم السداد 1,007,625.00","تم السداد 671,750.00",غير مستحقة,غير مستحقة,غير مستحقة,غير مستحقة,غير مستحقة,0,1679375,البنك الأهلي المصري,02/08/2025,0.9844,RA-2025-0007,12/8/2025
سارة أمين أحمد الجمل,9990000000009,533,02-04-0175-0000000533,4872500,0.8491,"20%, 15%, 15%, 15%, 15%, 10%, 10%","تم السداد 974,500.00",غير مستحقة,غير مستحقة,غير مستحقة,غير مستحقة,غير مستحقة,غير مستحقة,0,974500,البنك الأهلي المصري,07/02/2026,0.8491,RA-2026-0008,7/3/2026
أسماء فتحي حسين خليل,9990000000432,887,02-04-0175-0000000887,3050000,0.987,"20%, 15%, 15%, 15%, 15%, 10%, 10%","تم السداد 610,000.00","تم السداد 457,500.00","457,500.00",غير مستحقة,غير مستحقة,غير مستحقة,غير مستحقة,457500,1067500,البنك الأهلي المصري,14/10/2025,0.987,RA-2025-0009,21/10/2025
كريم صبري خالد الطنطاوي,9990000000163,637,02-04-0175-0000000637,6267500,0.8486,"10%, 15%, 15%, 20%, 15%, 15%, 10%","تم السداد 626,750.00","تم السداد 940,125.00","تم السداد 940,125.00",غير مستحقة,غير مستحقة,غير مستحقة,غير مستحقة,0,2507000,البنك الأهلي المصري,13/06/2025,0.8486,RA-2025-0010,3/7/2025
إسلام مراد نبيل البدري,9990000000325,945,02-04-0175-0000000945,4387500,0.938,"15%, 10%, 15%, 20%, 15%, 15%, 10%","تم السداد 658,125.00","438,750.00",غير مستحقة,غير مستحقة,غير مستحقة,غير مستحقة,غير مستحقة,438750,658125,البنك الأهلي المصري,06/12/2025,0.938,RA-2025-0011,28/12/2025
علي محمود سمير الحداد,9990000000103,776,02-04-0175-0000000776,4497500,0.8963,"10%, 15%, 15%, 20%, 15%, 15%, 10%","تم السداد 449,750.00",غير مستحقة,غير مستحقة,غير مستحقة,غير مستحقة,غير مستحقة,غير مستحقة,0,449750,البنك الأهلي المصري,11/04/2026,0.8963,RA-2026-0012,12/5/2026
شريف أحمد طارق عبدالفتاح,9990000000170,881,02-04-0175-0000000881,4762500,0.9315,"20%, 15%, 15%, 15%, 15%, 10%, 10%","تم السداد 952,500.00","تم السداد 714,375.00","تم السداد 714,375.00","تم السداد 714,375.00","تم السداد 714,375.00","تم السداد 476,250.00",غير مستحقة,0,4286250,البنك الأهلي المصري,19/03/2025,0.9315,RA-2025-0013,10/4/2025
فادي صلاح حسين الحداد,9990000000154,507,02-04-0175-0000000507,5062500,0.9222,"15%, 15%, 15%, 15%, 15%, 15%, 10%","تم السداد 759,375.00",غير مستحقة,غير مستحقة,غير مستحقة,غير مستحقة,غير مستحقة,غير مستحقة,0,759375,البنك الأهلي المصري,27/01/2026,0.9222,RA-2026-0014,10/3/2026
شيماء إسماعيل شوقي أمين,9990000000444,636,02-04-0175-0000000636,3050000,0.8701,"15%, 10%, 15%, 20%, 15%, 15%, 10%","تم السداد 457,500.00","تم السداد 305,000.00","تم السداد 457,500.00","تم السداد 610,000.00","تم السداد 457,500.00",غير مستحقة,غير مستحقة,0,2287500,البنك الأهلي المصري,08/05/2025,0.8701,RA-2025-0015,12/6/2025
ملك فتحي حمدي الحداد,9990000000049,524,02-04-0175-0000000524,3132500,0.8888,"15%, 10%, 15%, 20%, 15%, 15%, 10%","تم السداد 469,875.00","313,250.00",غير مستحقة,غير مستحقة,غير مستحقة,غير مستحقة,غير مستحقة,313250,469875,البنك الأهلي المصري,07/02/2026,0.8888,RA-2026-0016,2/3/2026
طارق نبيل أمين داود,9990000000321,796,02-04-0175-0000000796,3412500,0.9494,"15%, 15%, 15%, 15%, 15%, 15%, 10%","تم السداد 511,875.00","تم السداد 511,875.00",غير مستحقة,غير مستحقة,غير مستحقة,غير مستحقة,غير مستحقة,0,1023750,البنك الأهلي المصري,11/10/2025,0.9494,RA-2025-0017,21/11/2025
أحمد حسام مراد داود,9990000000319,941,02-04-0175-0000000941,3987500,0.9164,"15%, 15%, 15%, 15%, 15%, 15%, 10%","تم السداد 598,125.00",غير مستحقة,غير مستحقة,غير مستحقة,غير مستحقة,غير مستحقة,غير مستحقة,0,598125,البنك الأهلي المصري,13/03/2026,0.9164,RA-2026-0018,5/4/2026
إسلام حسن مراد عبدالمجيد,9990000000025,765,02-04-0175-0000000765,6150000,0.9164,"10%, 15%, 15%, 20%, 15%, 15%, 10%","تم السداد 615,000.00","تم السداد 922,500.00","تم السداد 922,500.00","تم السداد 1,230,000.00","تم السداد 922,500.00","922,500.00",غير مستحقة,922500,4612500,البنك الأهلي المصري,16/02/2025,0.9164,RA-2025-0019,5/3/2025
حسين جمال علي الحداد,9990000000455,682,02-04-0175-0000000682,5247500,0.9176,"10%, 15%, 15%, 20%, 15%, 15%, 10%","تم السداد 524,750.00","تم السداد 787,125.00","تم السداد 787,125.00",غير مستحقة,غير مستحقة,غير مستحقة,غير مستحقة,0,2099000,البنك الأهلي المصري,22/11/2025,0.9176,RA-2025-0020,20/12/2025
مراد فؤاد سمير شحاتة,9990000000393,590,02-04-0175-0000000590,6012500,0.9286,"15%, 10%, 15%, 20%, 15%, 15%, 10%","تم السداد 901,875.00","تم السداد 601,250.00","901,875.00",غير مستحقة,غير مستحقة,غير مستحقة,غير مستحقة,901875,1503125,البنك الأهلي المصري,26/01/2026,0.9286,RA-2026-0021,4/3/2026
هاني أحمد طارق الإسكندراني,9990000000241,723,02-04-0175-0000000723,6550000,0.8362,"15%, 15%, 15%, 15%, 15%, 15%, 10%","تم السداد 982,500.00",غير مستحقة,غير مستحقة,غير مستحقة,غير مستحقة,غير مستحقة,غير مستحقة,0,982500,البنك الأهلي المصري,06/01/2026,0.8362,RA-2026-0022,6/2/2026
حسين حمدي نبيل رزق,9990000000285,862,02-04-0175-0000000862,3712500,0.8507,"15%, 10%, 15%, 20%, 15%, 15%, 10%","تم السداد 556,875.00",غير مستحقة,غير مستحقة,غير مستحقة,غير مستحقة,غير مستحقة,غير مستحقة,0,556875,البنك الأهلي المصري,15/03/2026,0.8507,RA-2026-0023,13/4/2026
يوسف عادل رجب جابر,9990000000404,910,02-04-0175-0000000910,6112500,0.8803,"15%, 15%, 15%, 15%, 15%, 15%, 10%","تم السداد 916,875.00","تم السداد 916,875.00","تم السداد 916,875.00","تم السداد 916,875.00","تم السداد 916,875.00","تم السداد 916,875.00",غير مستحقة,0,5501250,البنك الأهلي المصري,04/02/2025,0.8803,RA-2025-0024,15/3/2025
أسماء حسين سمير فهمي,9990000000156,582,02-04-0175-0000000582,5662500,0.9369,"20%, 15%, 15%, 15%, 15%, 10%, 10%","تم السداد 1,132,500.00","تم السداد 849,375.00","تم السداد 849,375.00","849,375.00",غير مستحقة,غير مستحقة,غير مستحقة,849375,2831250,البنك الأهلي المصري,19/11/2025,0.9369,RA-2025-0025,25/12/2025
مجدي عادل نبيل النجار,9990000000028,810,02-04-0175-0000000810,5297500,0.89,"15%, 15%, 15%, 15%, 15%, 15%, 10%","تم السداد 794,625.00","794,625.00",غير مستحقة,غير مستحقة,غير مستحقة,غير مستحقة,غير مستحقة,794625,794625,البنك الأهلي المصري,20/06/2026,0.89,RA-2026-0026,12/7/2026
محمود رمضان محمد المصري,9990000000274,683,02-04-0175-0000000683,4172500,0.8693,"20%, 15%, 15%, 15%, 15%, 10%, 10%","تم السداد 834,500.00","625,875.00",غير مستحقة,غير مستحقة,غير مستحقة,غير مستحقة,غير مستحقة,625875,834500,البنك الأهلي المصري,07/04/2026,0.8693,RA-2026-0027,29/4/2026
إسلام أمين فؤاد داود,9990000000368,624,02-04-0175-0000000624,6550000,0.9579,"15%, 10%, 15%, 20%, 15%, 15%, 10%","تم السداد 982,500.00",غير مستحقة,غير مستحقة,غير مستحقة,غير مستحقة,غير مستحقة,غير مستحقة,0,982500,البنك الأهلي المصري,02/05/2026,0.9579,RA-2026-0028,20/5/2026
حسام عبدالله يوسف الطنطاوي,9990000000212,829,02-04-0175-0000000829,3907500,0.9684,"15%, 15%, 15%, 15%, 15%, 15%, 10%","تم السداد 586,125.00","تم السداد 586,125.00","586,125.00",غير مستحقة,غير مستحقة,غير مستحقة,غير مستحقة,586125,1172250,البنك الأهلي المصري,05/08/2025,0.9684,RA-2025-0029,25/8/2025
إبراهيم سليمان حسن الرفاعي,9990000000220,835,02-04-0175-0000000835,5597500,0.8656,"15%, 15%, 15%, 15%, 15%, 15%, 10%","تم السداد 839,625.00","تم السداد 839,625.00","تم السداد 839,625.00","تم السداد 839,625.00","تم السداد 839,625.00","839,625.00",غير مستحقة,839625,4198125,البنك الأهلي المصري,07/05/2025,0.8656,RA-2025-0030,27/5/2025
خالد كمال مجدي جابر,9990000000199,681,02-04-0175-0000000681,3007500,0.9246,"15%, 10%, 15%, 20%, 15%, 15%, 10%","تم السداد 451,125.00","300,750.00",غير مستحقة,غير مستحقة,غير مستحقة,غير مستحقة,غير مستحقة,300750,451125,البنك الأهلي المصري,26/05/2026,0.9246,RA-2026-0031,21/6/2026
سامي أمين خالد المرسي,9990000000036,642,02-04-0175-0000000642,6557500,0.8669,"15%, 15%, 15%, 15%, 15%, 15%, 10%","تم السداد 983,625.00","تم السداد 983,625.00","تم السداد 983,625.00",غير مستحقة,غير مستحقة,غير مستحقة,غير مستحقة,0,2950875,البنك الأهلي المصري,22/06/2025,0.8669,RA-2025-0032,14/7/2025
سامح طارق سليمان عبدالسلام,9990000000351,939,02-04-0175-0000000939,5757500,0.9356,"20%, 15%, 15%, 15%, 15%, 10%, 10%","تم السداد 1,151,500.00","تم السداد 863,625.00","تم السداد 863,625.00","تم السداد 863,625.00","تم السداد 863,625.00","تم السداد 575,750.00",غير مستحقة,0,5181750,البنك الأهلي المصري,22/02/2025,0.9356,RA-2025-0033,25/3/2025
باسم مصطفى سعيد بدوي,9990000000013,678,02-04-0175-0000000678,4822500,0.8746,"15%, 15%, 15%, 15%, 15%, 15%, 10%","تم السداد 723,375.00","تم السداد 723,375.00","تم السداد 723,375.00","723,375.00",غير مستحقة,غير مستحقة,غير مستحقة,723375,2170125,البنك الأهلي المصري,12/05/2025,0.8746,RA-2025-0034,10/6/2025
أسماء مراد مصطفى الشافعي,9990000000035,790,02-04-0175-0000000790,6542500,0.9018,"15%, 15%, 15%, 15%, 15%, 15%, 10%","تم السداد 981,375.00","تم السداد 981,375.00",غير مستحقة,غير مستحقة,غير مستحقة,غير مستحقة,غير مستحقة,0,1962750,البنك الأهلي المصري,02/12/2025,0.9018,RA-2025-0035,15/12/2025
إسلام صبري إبراهيم مبارك,9990000000190,838,02-04-0175-0000000838,3875000,0.8647,"15%, 10%, 15%, 20%, 15%, 15%, 10%","تم السداد 581,250.00",غير مستحقة,غير مستحقة,غير مستحقة,غير مستحقة,غير مستحقة,غير مستحقة,0,581250,البنك الأهلي المصري,17/07/2026,0.8647,RA-2026-0036,4/8/2026
شريف طارق أحمد الدمرداش,9990000000017,845,02-04-0175-0000000845,5297500,0.986,"15%, 15%, 15%, 15%, 15%, 15%, 10%","تم السداد 794,625.00","تم السداد 794,625.00","تم السداد 794,625.00","تم السداد 794,625.00","794,625.00",غير مستحقة,غير مستحقة,794625,3178500,البنك الأهلي المصري,20/04/2025,0.986,RA-2025-0037,19/5/2025
مريم عبدالرحمن فاروق الجمل,9990000000148,736,02-04-0175-0000000736,6692500,0.9432,"15%, 15%, 15%, 15%, 15%, 15%, 10%","تم السداد 1,003,875.00","تم السداد 1,003,875.00","1,003,875.00",غير مستحقة,غير مستحقة,غير مستحقة,غير مستحقة,1003875,2007750,البنك الأهلي المصري,08/12/2025,0.9432,RA-2025-0038,15/12/2025
سارة نبيل مصطفى داود,9990000000159,875,02-04-0175-0000000875,4492500,0.8552,"10%, 15%, 15%, 20%, 15%, 15%, 10%","تم السداد 449,250.00",غير مستحقة,غير مستحقة,غير مستحقة,غير مستحقة,غير مستحقة,غير مستحقة,0,449250,البنك الأهلي المصري,22/03/2026,0.8552,RA-2026-0039,5/4/2026
آية مراد حسين السوهاجي,9990000000259,768,02-04-0175-0000000768,5967500,0.9875,"10%, 15%, 15%, 20%, 15%, 15%, 10%","تم السداد 596,750.00","تم السداد 895,125.00","تم السداد 895,125.00",غير مستحقة,غير مستحقة,غير مستحقة,غير مستحقة,0,2387000,البنك الأهلي المصري,14/10/2025,0.9875,RA-2025-0040,10/11/2025
سامح صبري رجب منصور,9990000000026,647,02-04-0175-0000000647,5025000,0.933,"20%, 15%, 15%, 15%, 15%, 10%, 10%","تم السداد 1,005,000.00","753,750.00",غير مستحقة,غير مستحقة,غير مستحقة,غير مستحقة,غير مستحقة,753750,1005000,البنك الأهلي المصري,12/05/2026,0.933,RA-2026-0041,31/5/2026
محمود مصطفى نبيل البنا,9990000000225,514,02-04-0175-0000000514,6812500,0.94,"15%, 15%, 15%, 15%, 15%, 15%, 10%","تم السداد 1,021,875.00","تم السداد 1,021,875.00","تم السداد 1,021,875.00","تم السداد 1,021,875.00","تم السداد 1,021,875.00","1,021,875.00",غير مستحقة,1021875,5109375,البنك الأهلي المصري,20/01/2025,0.94,RA-2025-0042,12/2/2025
هاني فؤاد سعيد المصري,9990000000158,936,02-04-0175-0000000936,3300000,0.9146,"15%, 10%, 15%, 20%, 15%, 15%, 10%","تم السداد 495,000.00","تم السداد 330,000.00","تم السداد 495,000.00","660,000.00",غير مستحقة,غير مستحقة,غير مستحقة,660000,1320000,البنك الأهلي المصري,08/12/2025,0.9146,RA-2025-0043,10/1/2026
شيماء رجب حمدي النحاس,9990000000333,916,02-04-0175-0000000916,5032500,0.8517,"10%, 15%, 15%, 20%, 15%, 15%, 10%","تم السداد 503,250.00","تم السداد 754,875.00",غير مستحقة,غير مستحقة,غير مستحقة,غير مستحقة,غير مستحقة,0,1258125,البنك الأهلي المصري,09/11/2025,0.8517,RA-2025-0044,21/11/2025
مروان فؤاد شوقي داود,9990000000252,710,02-04-0175-0000000710,5407500,0.9572,"15%, 15%, 15%, 15%, 15%, 15%, 10%","تم السداد 811,125.00","تم السداد 811,125.00","تم السداد 811,125.00","تم السداد 811,125.00","تم السداد 811,125.00",غير مستحقة,غير مستحقة,0,4055625,البنك الأهلي المصري,28/05/2025,0.9572,RA-2025-0045,8/6/2025
مراد كمال صلاح الحداد,9990000000337,794,02-04-0175-0000000794,6397500,0.8627,"20%, 15%, 15%, 15%, 15%, 10%, 10%","تم السداد 1,279,500.00","تم السداد 959,625.00","تم السداد 959,625.00",غير مستحقة,غير مستحقة,غير مستحقة,غير مستحقة,0,3198750,البنك الأهلي المصري,30/04/2025,0.8627,RA-2025-0046,21/5/2025
أسماء مجدي أمين الإسكندراني,9990000000303,834,02-04-0175-0000000834,5257500,0.9887,"15%, 10%, 15%, 20%, 15%, 15%, 10%","تم السداد 788,625.00","تم السداد 525,750.00","تم السداد 788,625.00","تم السداد 1,051,500.00","788,625.00",غير مستحقة,غير مستحقة,788625,3154500,البنك الأهلي المصري,13/07/2025,0.9887,RA-2025-0047,5/8/2025
وائل عبدالرحمن رجب السيد,9990000000395,613,02-04-0175-0000000613,2950000,0.8572,"20%, 15%, 15%, 15%, 15%, 10%, 10%","تم السداد 590,000.00","تم السداد 442,500.00","تم السداد 442,500.00","تم السداد 442,500.00","تم السداد 442,500.00",غير مستحقة,غير مستحقة,0,2360000,البنك الأهلي المصري,07/07/2025,0.8572,RA-2025-0048,15/8/2025
عبدالرحمن صلاح نبيل الشرقاوي,9990000000450,944,02-04-0175-0000000944,5217500,0.9909,"15%, 10%, 15%, 20%, 15%, 15%, 10%","تم السداد 782,625.00","تم السداد 521,750.00","782,625.00",غير مستحقة,غير مستحقة,غير مستحقة,غير مستحقة,782625,1304375,البنك الأهلي المصري,11/08/2025,0.9909,RA-2025-0049,8/9/2025
عادل رجب ناجي حبيب,9990000000217,895,02-04-0175-0000000895,5467500,0.8665,"15%, 15%, 15%, 15%, 15%, 15%, 10%","تم السداد 820,125.00",غير مستحقة,غير مستحقة,غير مستحقة,غير مستحقة,غير مستحقة,غير مستحقة,0,820125,البنك الأهلي المصري,14/02/2026,0.8665,RA-2026-0050,17/3/2026
سارة محمد إبراهيم سليمان,9990000000280,646,02-04-0175-0000000646,6182500,0.8428,"15%, 15%, 15%, 15%, 15%, 15%, 10%","تم السداد 927,375.00","تم السداد 927,375.00",غير مستحقة,غير مستحقة,غير مستحقة,غير مستحقة,غير مستحقة,0,1854750,البنك الأهلي المصري,11/08/2025,0.8428,RA-2025-0051,27/8/2025
إسراء كمال فتحي الكومي,9990000000302,780,02-04-0175-0000000780,3297500,0.8619,"10%, 15%, 15%, 20%, 15%, 15%, 10%","تم السداد 329,750.00","تم السداد 494,625.00",غير مستحقة,غير مستحقة,غير مستحقة,غير مستحقة,غير مستحقة,0,824375,البنك الأهلي المصري,25/10/2025,0.8619,RA-2025-0052,6/11/2025
باسم رمضان حمدي الشربيني,9990000000006,914,02-04-0175-0000000914,3872500,0.9602,"15%, 10%, 15%, 20%, 15%, 15%, 10%","تم السداد 580,875.00","تم السداد 387,250.00","تم السداد 580,875.00","تم السداد 774,500.00",غير مستحقة,غير مستحقة,غير مستحقة,0,2323500,البنك الأهلي المصري,23/06/2025,0.9602,RA-2025-0053,18/7/2025
جورج محمد حسن شاكر,9990000000128,867,02-04-0175-0000000867,6597500,0.869,"20%, 15%, 15%, 15%, 15%, 10%, 10%","تم السداد 1,319,500.00","تم السداد 989,625.00","تم السداد 989,625.00","989,625.00",غير مستحقة,غير مستحقة,غير مستحقة,989625,3298750,البنك الأهلي المصري,22/04/2025,0.869,RA-2025-0054,14/5/2025
مايكل عبدالله رمضان عبدالهادي,9990000000288,515,02-04-0175-0000000515,5822500,0.8932,"15%, 15%, 15%, 15%, 15%, 15%, 10%","تم السداد 873,375.00","تم السداد 873,375.00","تم السداد 873,375.00","تم السداد 873,375.00","تم السداد 873,375.00",غير مستحقة,غير مستحقة,0,4366875,البنك الأهلي المصري,10/06/2025,0.8932,RA-2025-0055,17/7/2025
علاء صبري نبيل الكومي,9990000000440,900,02-04-0175-0000000900,5857500,0.9078,"10%, 15%, 15%, 20%, 15%, 15%, 10%","تم السداد 585,750.00","تم السداد 878,625.00","تم السداد 878,625.00","تم السداد 1,171,500.00",غير مستحقة,غير مستحقة,غير مستحقة,0,3514500,البنك الأهلي المصري,14/04/2025,0.9078,RA-2025-0056,12/5/2025
حازم فؤاد عادل عبدالحميد,9990000000233,720,02-04-0175-0000000720,4397500,0.9137,"15%, 10%, 15%, 20%, 15%, 15%, 10%","تم السداد 659,625.00","439,750.00",غير مستحقة,غير مستحقة,غير مستحقة,غير مستحقة,غير مستحقة,439750,659625,البنك الأهلي المصري,30/06/2026,0.9137,RA-2026-0057,25/7/2026
بسمة رجب محمود عبدالفتاح,9990000000066,544,02-04-0175-0000000544,5342500,0.8769,"15%, 10%, 15%, 20%, 15%, 15%, 10%","تم السداد 801,375.00",غير مستحقة,غير مستحقة,غير مستحقة,غير مستحقة,غير مستحقة,غير مستحقة,0,801375,البنك الأهلي المصري,19/06/2026,0.8769,RA-2026-0058,19/7/2026
أشرف أمين سعيد المرسي,9990000000264,734,02-04-0175-0000000734,3875000,0.8694,"15%, 10%, 15%, 20%, 15%, 15%, 10%","تم السداد 581,250.00","تم السداد 387,500.00","تم السداد 581,250.00","تم السداد 775,000.00","تم السداد 581,250.00",غير مستحقة,غير مستحقة,0,2906250,البنك الأهلي المصري,15/04/2025,0.8694,RA-2025-0059,14/5/2025
سامي علي كمال مراد,9990000000367,689,02-04-0175-0000000689,3542500,0.8353,"10%, 15%, 15%, 20%, 15%, 15%, 10%","تم السداد 354,250.00","تم السداد 531,375.00",غير مستحقة,غير مستحقة,غير مستحقة,غير مستحقة,غير مستحقة,0,885625,البنك الأهلي المصري,31/03/2026,0.8353,RA-2026-0060,29/4/2026
يوسف يوسف صلاح الدسوقي,9990000000042,894,02-04-0175-0000000894,3425000,0.8948,"15%, 15%, 15%, 15%, 15%, 15%, 10%","تم السداد 513,750.00",غير مستحقة,غير مستحقة,غير مستحقة,غير مستحقة,غير مستحقة,غير مستحقة,0,513750,البنك الأهلي المصري,21/12/2025,0.8948,RA-2025-0061,13/1/2026
شادي حمدي مراد يونس,9990000000256,662,02-04-0175-0000000662,3197500,0.9856,"20%, 15%, 15%, 15%, 15%, 10%, 10%","تم السداد 639,500.00",غير مستحقة,غير مستحقة,غير مستحقة,غير مستحقة,غير مستحقة,غير مستحقة,0,639500,البنك الأهلي المصري,22/11/2025,0.9856,RA-2025-0062,15/12/2025
مراد حسين مجدي صبري,9990000000091,709,02-04-0175-0000000709,3975000,0.9439,"15%, 10%, 15%, 20%, 15%, 15%, 10%","تم السداد 596,250.00",غير مستحقة,غير مستحقة,غير مستحقة,غير مستحقة,غير مستحقة,غير مستحقة,0,596250,البنك الأهلي المصري,28/02/2026,0.9439,RA-2026-0063,7/4/2026
هاني سمير حمدي السيد,9990000000085,598,02-04-0175-0000000598,3762500,0.9445,"15%, 10%, 15%, 20%, 15%, 15%, 10%","تم السداد 564,375.00",غير مستحقة,غير مستحقة,غير مستحقة,غير مستحقة,غير مستحقة,غير مستحقة,0,564375,البنك الأهلي المصري,04/05/2026,0.9445,RA-2026-0064,27/5/2026
رنا مصطفى أمين سالم,9990000000179,886,02-04-0175-0000000886,4097500,0.9352,"15%, 10%, 15%, 20%, 15%, 15%, 10%","تم السداد 614,625.00","تم السداد 409,750.00","تم السداد 614,625.00","تم السداد 819,500.00","تم السداد 614,625.00","تم السداد 614,625.00",غير مستحقة,0,3687750,البنك الأهلي المصري,14/03/2025,0.9352,RA-2025-0065,2/4/2025
هاني إسماعيل فاروق الطنطاوي,9990000000076,779,02-04-0175-0000000779,6517500,0.9099,"15%, 10%, 15%, 20%, 15%, 15%, 10%","تم السداد 977,625.00","651,750.00",غير مستحقة,غير مستحقة,غير مستحقة,غير مستحقة,غير مستحقة,651750,977625,البنك الأهلي المصري,12/05/2026,0.9099,RA-2026-0066,4/6/2026
زياد أحمد جمال عبدالحميد,9990000000283,798,02-04-0175-0000000798,6387500,0.8767,"10%, 15%, 15%, 20%, 15%, 15%, 10%","تم السداد 638,750.00","958,125.00",غير مستحقة,غير مستحقة,غير مستحقة,غير مستحقة,غير مستحقة,958125,638750,البنك الأهلي المصري,19/05/2026,0.8767,RA-2026-0067,7/6/2026
نبيل مجدي حمدي لطفي,9990000000108,674,02-04-0175-0000000674,4875000,0.8801,"10%, 15%, 15%, 20%, 15%, 15%, 10%","تم السداد 487,500.00","تم السداد 731,250.00","تم السداد 731,250.00","تم السداد 975,000.00",غير مستحقة,غير مستحقة,غير مستحقة,0,2925000,البنك الأهلي المصري,06/07/2025,0.8801,RA-2025-0068,4/8/2025
طارق مصطفى خالد الدمرداش,9990000000238,745,02-04-0175-0000000745,6125000,0.8947,"15%, 10%, 15%, 20%, 15%, 15%, 10%","تم السداد 918,750.00","تم السداد 612,500.00","تم السداد 918,750.00","تم السداد 1,225,000.00","تم السداد 918,750.00",غير مستحقة,غير مستحقة,0,4593750,البنك الأهلي المصري,10/02/2025,0.8947,RA-2025-0069,23/3/2025
مراد مصطفى فؤاد مبارك,9990000000101,937,02-04-0175-0000000937,6582500,0.9749,"10%, 15%, 15%, 20%, 15%, 15%, 10%","تم السداد 658,250.00",غير مستحقة,غير مستحقة,غير مستحقة,غير مستحقة,غير مستحقة,غير مستحقة,0,658250,البنك الأهلي المصري,13/10/2025,0.9749,RA-2025-0070,5/11/2025
ندى عبدالله سمير النحاس,9990000000414,537,02-04-0175-0000000537,4575000,0.835,"20%, 15%, 15%, 15%, 15%, 10%, 10%","تم السداد 915,000.00","تم السداد 686,250.00","تم السداد 686,250.00",غير مستحقة,غير مستحقة,غير مستحقة,غير مستحقة,0,2287500,البنك الأهلي المصري,30/04/2025,0.835,RA-2025-0071,22/5/2025
وليد أمين سليمان مبارك,9990000000071,932,02-04-0175-0000000932,4192500,0.9374,"15%, 15%, 15%, 15%, 15%, 15%, 10%","تم السداد 628,875.00","تم السداد 628,875.00",غير مستحقة,غير مستحقة,غير مستحقة,غير مستحقة,غير مستحقة,0,1257750,البنك الأهلي المصري,12/11/2025,0.9374,RA-2025-0072,10/12/2025
عمرو أمين شوقي النجار,9990000000130,593,02-04-0175-0000000593,3197500,0.8861,"10%, 15%, 15%, 20%, 15%, 15%, 10%","تم السداد 319,750.00",غير مستحقة,غير مستحقة,غير مستحقة,غير مستحقة,غير مستحقة,غير مستحقة,0,319750,البنك الأهلي المصري,05/04/2026,0.8861,RA-2026-0073,19/5/2026
معتز سمير عبدالرحمن الحداد,9990000000253,833,02-04-0175-0000000833,3950000,0.9052,"15%, 15%, 15%, 15%, 15%, 15%, 10%","تم السداد 592,500.00","تم السداد 592,500.00","تم السداد 592,500.00","تم السداد 592,500.00","تم السداد 592,500.00","تم السداد 592,500.00",غير مستحقة,0,3555000,البنك الأهلي المصري,28/02/2025,0.9052,RA-2025-0074,29/3/2025
كريم سعيد نبيل عبدالسلام,9990000000270,784,02-04-0175-0000000784,3287500,0.8788,"10%, 15%, 15%, 20%, 15%, 15%, 10%","تم السداد 328,750.00","تم السداد 493,125.00",غير مستحقة,غير مستحقة,غير مستحقة,غير مستحقة,غير مستحقة,0,821875,البنك الأهلي المصري,02/01/2026,0.8788,RA-2026-0075,21/1/2026
نادر خالد إبراهيم المصري,9990000000165,884,02-04-0175-0000000884,3822500,0.9517,"10%, 15%, 15%, 20%, 15%, 15%, 10%","تم السداد 382,250.00","تم السداد 573,375.00",غير مستحقة,غير مستحقة,غير مستحقة,غير مستحقة,غير مستحقة,0,955625,البنك الأهلي المصري,25/03/2026,0.9517,RA-2026-0076,30/4/2026
إسلام خالد فؤاد عبدالرازق,9990000000183,535,02-04-0175-0000000535,6242500,0.8537,"20%, 15%, 15%, 15%, 15%, 10%, 10%","تم السداد 1,248,500.00","تم السداد 936,375.00",غير مستحقة,غير مستحقة,غير مستحقة,غير مستحقة,غير مستحقة,0,2184875,البنك الأهلي المصري,30/12/2025,0.8537,RA-2025-0077,20/1/2026
حازم حمدي صبري منصور,9990000000381,676,02-04-0175-0000000676,3950000,0.9289,"10%, 15%, 15%, 20%, 15%, 15%, 10%","تم السداد 395,000.00","تم السداد 592,500.00","تم السداد 592,500.00","تم السداد 790,000.00",غير مستحقة,غير مستحقة,غير مستحقة,0,2370000,البنك الأهلي المصري,17/05/2025,0.9289,RA-2025-0078,31/5/2025
باسم عبدالرحمن عادل السوهاجي,9990000000197,573,02-04-0175-0000000573,3250000,0.9163,"10%, 15%, 15%, 20%, 15%, 15%, 10%","تم السداد 325,000.00","تم السداد 487,500.00","تم السداد 487,500.00","تم السداد 650,000.00",غير مستحقة,غير مستحقة,غير مستحقة,0,1950000,البنك الأهلي المصري,09/04/2025,0.9163,RA-2025-0079,4/5/2025
طارق علي مصطفى عبدالحميد,9990000000138,641,02-04-0175-0000000641,6512500,0.8895,"15%, 10%, 15%, 20%, 15%, 15%, 10%","تم السداد 976,875.00","تم السداد 651,250.00","تم السداد 976,875.00","تم السداد 1,302,500.00","تم السداد 976,875.00",غير مستحقة,غير مستحقة,0,4884375,البنك الأهلي المصري,13/05/2025,0.8895,RA-2025-0080,17/6/2025
عبدالرحمن سعيد فاروق القناوي,9990000000269,802,02-04-0175-0000000802,6782500,0.9761,"10%, 15%, 15%, 20%, 15%, 15%, 10%","تم السداد 678,250.00","تم السداد 1,017,375.00",غير مستحقة,غير مستحقة,غير مستحقة,غير مستحقة,غير مستحقة,0,1695625,البنك الأهلي المصري,10/10/2025,0.9761,RA-2025-0081,6/11/2025
حسن ناجي رمضان حجازي,9990000000391,523,02-04-0175-0000000523,3317500,0.9416,"10%, 15%, 15%, 20%, 15%, 15%, 10%","تم السداد 331,750.00","تم السداد 497,625.00","تم السداد 497,625.00",غير مستحقة,غير مستحقة,غير مستحقة,غير مستحقة,0,1327000,البنك الأهلي المصري,04/10/2025,0.9416,RA-2025-0082,15/10/2025
أحمد مراد مصطفى فهمي,9990000000422,907,02-04-0175-0000000907,6232500,0.8361,"10%, 15%, 15%, 20%, 15%, 15%, 10%","تم السداد 623,250.00","تم السداد 934,875.00","تم السداد 934,875.00",غير مستحقة,غير مستحقة,غير مستحقة,غير مستحقة,0,2493000,البنك الأهلي المصري,01/07/2025,0.8361,RA-2025-0083,21/7/2025
حسين حسام نبيل البدري,9990000000054,878,02-04-0175-0000000878,5792500,0.9826,"20%, 15%, 15%, 15%, 15%, 10%, 10%","تم السداد 1,158,500.00",غير مستحقة,غير مستحقة,غير مستحقة,غير مستحقة,غير مستحقة,غير مستحقة,0,1158500,البنك الأهلي المصري,28/06/2026,0.9826,RA-2026-0084,16/7/2026
رنا فاروق رجب لطفي,9990000000406,705,02-04-0175-0000000705,4292500,0.8461,"20%, 15%, 15%, 15%, 15%, 10%, 10%","تم السداد 858,500.00","تم السداد 643,875.00","تم السداد 643,875.00","تم السداد 643,875.00","تم السداد 643,875.00",غير مستحقة,غير مستحقة,0,3434000,البنك الأهلي المصري,21/01/2025,0.8461,RA-2025-0085,23/2/2025
فادي أحمد حسام مبارك,9990000000216,934,02-04-0175-0000000934,4957500,0.9558,"15%, 10%, 15%, 20%, 15%, 15%, 10%","تم السداد 743,625.00","تم السداد 495,750.00","تم السداد 743,625.00","تم السداد 991,500.00",غير مستحقة,غير مستحقة,غير مستحقة,0,2974500,البنك الأهلي المصري,30/06/2025,0.9558,RA-2025-0086,18/7/2025
سامح حسن محمود فوزي,9990000000344,831,02-04-0175-0000000831,4412500,0.8867,"20%, 15%, 15%, 15%, 15%, 10%, 10%","تم السداد 882,500.00","تم السداد 661,875.00","تم السداد 661,875.00","تم السداد 661,875.00",غير مستحقة,غير مستحقة,غير مستحقة,0,2868125,البنك الأهلي المصري,16/04/2025,0.8867,RA-2025-0087,2/5/2025
ياسمين حسام جمال لطفي,9990000000033,842,02-04-0175-0000000842,6725000,0.8723,"15%, 10%, 15%, 20%, 15%, 15%, 10%","تم السداد 1,008,750.00","تم السداد 672,500.00","تم السداد 1,008,750.00","تم السداد 1,345,000.00",غير مستحقة,غير مستحقة,غير مستحقة,0,4035000,البنك الأهلي المصري,29/03/2025,0.8723,RA-2025-0088,11/4/2025
ياسين خالد سليمان الجمل,9990000000098,938,02-04-0175-0000000938,6292500,0.8662,"20%, 15%, 15%, 15%, 15%, 10%, 10%","تم السداد 1,258,500.00","تم السداد 943,875.00","943,875.00",غير مستحقة,غير مستحقة,غير مستحقة,غير مستحقة,943875,2202375,البنك الأهلي المصري,24/01/2026,0.8662,RA-2026-0089,8/2/2026
مروان أحمد علي عبدالحميد,9990000000157,563,02-04-0175-0000000563,5392500,0.9669,"15%, 10%, 15%, 20%, 15%, 15%, 10%","تم السداد 808,875.00","تم السداد 539,250.00","تم السداد 808,875.00","تم السداد 1,078,500.00","تم السداد 808,875.00","تم السداد 808,875.00","539,250.00",539250,4853250,البنك الأهلي المصري,23/01/2025,0.9669,RA-2025-0090,27/2/2025
ياسمين ناجي حسن حبيب,9990000000293,601,02-04-0175-0000000601,6562500,0.8414,"20%, 15%, 15%, 15%, 15%, 10%, 10%","تم السداد 1,312,500.00","تم السداد 984,375.00","تم السداد 984,375.00","تم السداد 984,375.00",غير مستحقة,غير مستحقة,غير مستحقة,0,4265625,البنك الأهلي المصري,16/04/2025,0.8414,RA-2025-0091,14/5/2025
عبدالرحمن طارق عادل الدمرداش,9990000000375,708,02-04-0175-0000000708,5062500,0.9223,"15%, 15%, 15%, 15%, 15%, 15%, 10%","تم السداد 759,375.00",غير مستحقة,غير مستحقة,غير مستحقة,غير مستحقة,غير مستحقة,غير مستحقة,0,759375,البنك الأهلي المصري,23/01/2026,0.9223,RA-2026-0092,18/2/2026
طارق صلاح جمال فوزي,9990000000286,832,02-04-0175-0000000832,4172500,0.9369,"10%, 15%, 15%, 20%, 15%, 15%, 10%","تم السداد 417,250.00",غير مستحقة,غير مستحقة,غير مستحقة,غير مستحقة,غير مستحقة,غير مستحقة,0,417250,البنك الأهلي المصري,06/02/2026,0.9369,RA-2026-0093,13/2/2026
سامي مراد سليمان شحاتة,9990000000195,541,02-04-0175-0000000541,5287500,0.874,"15%, 15%, 15%, 15%, 15%, 15%, 10%","تم السداد 793,125.00","تم السداد 793,125.00","تم السداد 793,125.00","تم السداد 793,125.00","تم السداد 793,125.00",غير مستحقة,غير مستحقة,0,3965625,البنك الأهلي المصري,02/07/2025,0.874,RA-2025-0094,25/7/2025
وائل صلاح كمال المرسي,9990000000111,504,02-04-0175-0000000504,6062500,0.9084,"15%, 15%, 15%, 15%, 15%, 15%, 10%","تم السداد 909,375.00","تم السداد 909,375.00","تم السداد 909,375.00","تم السداد 909,375.00",غير مستحقة,غير مستحقة,غير مستحقة,0,3637500,البنك الأهلي المصري,16/04/2025,0.9084,RA-2025-0095,29/4/2025
علاء عادل حسام خليل,9990000000310,754,02-04-0175-0000000754,5412500,0.8932,"15%, 10%, 15%, 20%, 15%, 15%, 10%","تم السداد 811,875.00","تم السداد 541,250.00","تم السداد 811,875.00","تم السداد 1,082,500.00",غير مستحقة,غير مستحقة,غير مستحقة,0,3247500,البنك الأهلي المصري,13/07/2025,0.8932,RA-2025-0096,3/8/2025
طارق عبدالله سمير الطنطاوي,9990000000070,672,02-04-0175-0000000672,5267500,0.8791,"20%, 15%, 15%, 15%, 15%, 10%, 10%","تم السداد 1,053,500.00","تم السداد 790,125.00","تم السداد 790,125.00","790,125.00",غير مستحقة,غير مستحقة,غير مستحقة,790125,2633750,البنك الأهلي المصري,23/08/2025,0.8791,RA-2025-0097,11/9/2025
وائل نبيل علي سليمان,9990000000162,735,02-04-0175-0000000735,5167500,0.9734,"15%, 10%, 15%, 20%, 15%, 15%, 10%","تم السداد 775,125.00",غير مستحقة,غير مستحقة,غير مستحقة,غير مستحقة,غير مستحقة,غير مستحقة,0,775125,البنك الأهلي المصري,01/02/2026,0.9734,RA-2026-0098,8/3/2026
عمر علي صبري الشربيني,9990000000151,892,02-04-0175-0000000892,5750000,0.9177,"20%, 15%, 15%, 15%, 15%, 10%, 10%","تم السداد 1,150,000.00",غير مستحقة,غير مستحقة,غير مستحقة,غير مستحقة,غير مستحقة,غير مستحقة,0,1150000,البنك الأهلي المصري,12/10/2025,0.9177,RA-2025-0099,4/11/2025
مروان سليمان صبري شاكر,9990000000387,698,02-04-0175-0000000698,5550000,0.8736,"15%, 15%, 15%, 15%, 15%, 15%, 10%","تم السداد 832,500.00","تم السداد 832,500.00","تم السداد 832,500.00","تم السداد 832,500.00","832,500.00",غير مستحقة,غير مستحقة,832500,3330000,البنك الأهلي المصري,26/03/2025,0.8736,RA-2025-0100,1/5/2025
حازم أمين سليمان الشربيني,9990000000135,889,02-04-0175-0000000889,4550000,0.9383,"20%, 15%, 15%, 15%, 15%, 10%, 10%","تم السداد 910,000.00",غير مستحقة,غير مستحقة,غير مستحقة,غير مستحقة,غير مستحقة,غير مستحقة,0,910000,البنك الأهلي المصري,23/02/2026,0.9383,RA-2026-0101,21/3/2026
محمد سليمان فؤاد عوض,9990000000133,919,02-04-0175-0000000919,5387500,0.9824,"20%, 15%, 15%, 15%, 15%, 10%, 10%","تم السداد 1,077,500.00","تم السداد 808,125.00","تم السداد 808,125.00","تم السداد 808,125.00","تم السداد 808,125.00",غير مستحقة,غير مستحقة,0,4310000,البنك الأهلي المصري,31/03/2025,0.9824,RA-2025-0102,29/4/2025
نادر طارق إسماعيل صبري,9990000000372,902,02-04-0175-0000000902,6312500,0.9888,"10%, 15%, 15%, 20%, 15%, 15%, 10%","تم السداد 631,250.00","تم السداد 946,875.00","تم السداد 946,875.00","تم السداد 1,262,500.00",غير مستحقة,غير مستحقة,غير مستحقة,0,3787500,البنك الأهلي المصري,05/06/2025,0.9888,RA-2025-0103,8/7/2025
مارينا أحمد فتحي أمين,9990000000047,903,02-04-0175-0000000903,6637500,0.9711,"15%, 15%, 15%, 15%, 15%, 15%, 10%","تم السداد 995,625.00","تم السداد 995,625.00","تم السداد 995,625.00","تم السداد 995,625.00","تم السداد 995,625.00","تم السداد 995,625.00","663,750.00",663750,5973750,البنك الأهلي المصري,14/03/2025,0.9711,RA-2025-0104,8/4/2025
ياسمين أمين طارق منصور,9990000000204,566,02-04-0175-0000000566,3300000,0.8842,"15%, 10%, 15%, 20%, 15%, 15%, 10%","تم السداد 495,000.00","تم السداد 330,000.00","تم السداد 495,000.00",غير مستحقة,غير مستحقة,غير مستحقة,غير مستحقة,0,1320000,البنك الأهلي المصري,26/09/2025,0.8842,RA-2025-0105,26/10/2025
ماجد مراد سليمان عبدالحميد,9990000000248,721,02-04-0175-0000000721,5667500,0.9262,"15%, 15%, 15%, 15%, 15%, 15%, 10%","تم السداد 850,125.00","تم السداد 850,125.00","تم السداد 850,125.00","تم السداد 850,125.00","تم السداد 850,125.00",غير مستحقة,غير مستحقة,0,4250625,البنك الأهلي المصري,22/03/2025,0.9262,RA-2025-0106,12/4/2025
مايكل إسماعيل سعيد أمين,9990000000424,871,02-04-0175-0000000871,3850000,0.9691,"10%, 15%, 15%, 20%, 15%, 15%, 10%","تم السداد 385,000.00","577,500.00",غير مستحقة,غير مستحقة,غير مستحقة,غير مستحقة,غير مستحقة,577500,385000,البنك الأهلي المصري,25/04/2026,0.9691,RA-2026-0107,16/5/2026
إبراهيم إسماعيل خالد الحداد,9990000000207,718,02-04-0175-0000000718,6762500,0.8362,"10%, 15%, 15%, 20%, 15%, 15%, 10%","تم السداد 676,250.00","تم السداد 1,014,375.00","1,014,375.00",غير مستحقة,غير مستحقة,غير مستحقة,غير مستحقة,1014375,1690625,البنك الأهلي المصري,09/08/2025,0.8362,RA-2025-0108,30/8/2025
حسين مراد فتحي عبدالهادي,9990000000222,727,02-04-0175-0000000727,3800000,0.8612,"10%, 15%, 15%, 20%, 15%, 15%, 10%","تم السداد 380,000.00","تم السداد 570,000.00","تم السداد 570,000.00",غير مستحقة,غير مستحقة,غير مستحقة,غير مستحقة,0,1520000,البنك الأهلي المصري,10/08/2025,0.8612,RA-2025-0109,2/9/2025
نادر محمود كمال عبدالهادي,9990000000379,551,02-04-0175-0000000551,5007500,0.9159,"10%, 15%, 15%, 20%, 15%, 15%, 10%","تم السداد 500,750.00","تم السداد 751,125.00","تم السداد 751,125.00","1,001,500.00",غير مستحقة,غير مستحقة,غير مستحقة,1001500,2003000,البنك الأهلي المصري,07/05/2025,0.9159,RA-2025-0110,5/6/2025
مروان مصطفى فتحي النحاس,9990000000322,896,02-04-0175-0000000896,4000000,0.9499,"15%, 10%, 15%, 20%, 15%, 15%, 10%","تم السداد 600,000.00",غير مستحقة,غير مستحقة,غير مستحقة,غير مستحقة,غير مستحقة,غير مستحقة,0,600000,البنك الأهلي المصري,07/01/2026,0.9499,RA-2026-0111,30/1/2026
منة محمد جمال حجازي,9990000000243,520,02-04-0175-0000000520,4342500,0.9814,"10%, 15%, 15%, 20%, 15%, 15%, 10%","تم السداد 434,250.00",غير مستحقة,غير مستحقة,غير مستحقة,غير مستحقة,غير مستحقة,غير مستحقة,0,434250,البنك الأهلي المصري,14/06/2026,0.9814,RA-2026-0112,1/7/2026
عمرو إسماعيل حسن القناوي,9990000000169,935,02-04-0175-0000000935,3175000,0.981,"10%, 15%, 15%, 20%, 15%, 15%, 10%","تم السداد 317,500.00","تم السداد 476,250.00","تم السداد 476,250.00","تم السداد 635,000.00","تم السداد 476,250.00",غير مستحقة,غير مستحقة,0,2381250,البنك الأهلي المصري,12/03/2025,0.981,RA-2025-0113,23/3/2025
هشام شوقي حمدي عبدالحليم,9990000000235,783,02-04-0175-0000000783,3462500,0.9289,"10%, 15%, 15%, 20%, 15%, 15%, 10%","تم السداد 346,250.00","تم السداد 519,375.00","تم السداد 519,375.00","تم السداد 692,500.00","تم السداد 519,375.00",غير مستحقة,غير مستحقة,0,2596875,البنك الأهلي المصري,19/06/2025,0.9289,RA-2025-0114,13/7/2025
نادر علي عادل عبدالفتاح,9990000000399,757,02-04-0175-0000000757,5832500,0.8732,"10%, 15%, 15%, 20%, 15%, 15%, 10%","تم السداد 583,250.00","تم السداد 874,875.00","تم السداد 874,875.00",غير مستحقة,غير مستحقة,غير مستحقة,غير مستحقة,0,2333000,البنك الأهلي المصري,15/05/2025,0.8732,RA-2025-0115,18/6/2025
نبيل إبراهيم جمال صادق,9990000000083,677,02-04-0175-0000000677,3742500,0.9916,"15%, 15%, 15%, 15%, 15%, 15%, 10%","تم السداد 561,375.00","تم السداد 561,375.00",غير مستحقة,غير مستحقة,غير مستحقة,غير مستحقة,غير مستحقة,0,1122750,البنك الأهلي المصري,05/11/2025,0.9916,RA-2025-0116,27/11/2025
منة أحمد شوقي البدري,9990000000145,701,02-04-0175-0000000701,5292500,0.8637,"15%, 10%, 15%, 20%, 15%, 15%, 10%","تم السداد 793,875.00",غير مستحقة,غير مستحقة,غير مستحقة,غير مستحقة,غير مستحقة,غير مستحقة,0,793875,البنك الأهلي المصري,05/03/2026,0.8637,RA-2026-0117,8/4/2026
رامز عادل صلاح الرفاعي,9990000000366,821,02-04-0175-0000000821,4347500,0.9186,"10%, 15%, 15%, 20%, 15%, 15%, 10%","تم السداد 434,750.00","تم السداد 652,125.00",غير مستحقة,غير مستحقة,غير مستحقة,غير مستحقة,غير مستحقة,0,1086875,البنك الأهلي المصري,07/12/2025,0.9186,RA-2025-0118,15/1/2026
وائل أمين عادل الحداد,9990000000397,519,02-04-0175-0000000519,5932500,0.8597,"10%, 15%, 15%, 20%, 15%, 15%, 10%","تم السداد 593,250.00","889,875.00",غير مستحقة,غير مستحقة,غير مستحقة,غير مستحقة,غير مستحقة,889875,593250,البنك الأهلي المصري,15/05/2026,0.8597,RA-2026-0119,27/6/2026
دعاء مراد فؤاد الكومي,9990000000277,814,02-04-0175-0000000814,3832500,0.955,"10%, 15%, 15%, 20%, 15%, 15%, 10%","تم السداد 383,250.00","تم السداد 574,875.00","تم السداد 574,875.00","تم السداد 766,500.00","تم السداد 574,875.00","تم السداد 574,875.00",غير مستحقة,0,3449250,البنك الأهلي المصري,08/03/2025,0.955,RA-2025-0120,22/3/2025
مصطفى إسماعيل محمود شحاتة,9990000000214,797,02-04-0175-0000000797,6575000,0.9044,"15%, 15%, 15%, 15%, 15%, 15%, 10%","تم السداد 986,250.00","تم السداد 986,250.00","تم السداد 986,250.00","تم السداد 986,250.00",غير مستحقة,غير مستحقة,غير مستحقة,0,3945000,البنك الأهلي المصري,06/02/2025,0.9044,RA-2025-0121,6/3/2025
جورج نبيل مراد عوض,9990000000102,602,02-04-0175-0000000602,3597500,0.8761,"15%, 10%, 15%, 20%, 15%, 15%, 10%","تم السداد 539,625.00","تم السداد 359,750.00",غير مستحقة,غير مستحقة,غير مستحقة,غير مستحقة,غير مستحقة,0,899375,البنك الأهلي المصري,26/01/2026,0.8761,RA-2026-0122,27/2/2026
مروان سعيد عبدالله سالم,9990000000362,772,02-04-0175-0000000772,5982500,0.8754,"15%, 10%, 15%, 20%, 15%, 15%, 10%","تم السداد 897,375.00","تم السداد 598,250.00","تم السداد 897,375.00",غير مستحقة,غير مستحقة,غير مستحقة,غير مستحقة,0,2393000,البنك الأهلي المصري,26/09/2025,0.8754,RA-2025-0123,31/10/2025
عبدالله رمضان علي جابر,9990000000146,516,02-04-0175-0000000516,5532500,0.912,"15%, 15%, 15%, 15%, 15%, 15%, 10%","تم السداد 829,875.00",غير مستحقة,غير مستحقة,غير مستحقة,غير مستحقة,غير مستحقة,غير مستحقة,0,829875,البنك الأهلي المصري,12/07/2026,0.912,RA-2026-0124,12/8/2026
جورج فؤاد عبدالرحمن الشربيني,9990000000448,717,02-04-0175-0000000717,4437500,0.8891,"15%, 15%, 15%, 15%, 15%, 15%, 10%","تم السداد 665,625.00","665,625.00",غير مستحقة,غير مستحقة,غير مستحقة,غير مستحقة,غير مستحقة,665625,665625,البنك الأهلي المصري,29/04/2026,0.8891,RA-2026-0125,30/5/2026
مصطفى جمال صبري صبري,9990000000373,815,02-04-0175-0000000815,5675000,0.9785,"20%, 15%, 15%, 15%, 15%, 10%, 10%","تم السداد 1,135,000.00","تم السداد 851,250.00","تم السداد 851,250.00","تم السداد 851,250.00",غير مستحقة,غير مستحقة,غير مستحقة,0,3688750,البنك الأهلي المصري,03/10/2025,0.9785,RA-2025-0126,27/10/2025
سامي صبري سمير منصور,9990000000150,928,02-04-0175-0000000928,2967500,0.9357,"15%, 15%, 15%, 15%, 15%, 15%, 10%","تم السداد 445,125.00","تم السداد 445,125.00","تم السداد 445,125.00","تم السداد 445,125.00","445,125.00",غير مستحقة,غير مستحقة,445125,1780500,البنك الأهلي المصري,20/07/2025,0.9357,RA-2025-0127,22/8/2025
مصطفى نبيل أمين عبدالحميد,9990000000339,830,02-04-0175-0000000830,3972500,0.8601,"15%, 15%, 15%, 15%, 15%, 15%, 10%","تم السداد 595,875.00",غير مستحقة,غير مستحقة,غير مستحقة,غير مستحقة,غير مستحقة,غير مستحقة,0,595875,البنك الأهلي المصري,17/07/2026,0.8601,RA-2026-0128,2/8/2026
مايكل رجب فؤاد شحاتة,9990000000433,949,02-04-0175-0000000949,3350000,0.9408,"20%, 15%, 15%, 15%, 15%, 10%, 10%","تم السداد 670,000.00",غير مستحقة,غير مستحقة,غير مستحقة,غير مستحقة,غير مستحقة,غير مستحقة,0,670000,البنك الأهلي المصري,28/04/2026,0.9408,RA-2026-0129,12/5/2026
جورج خالد علي العطار,9990000000276,748,02-04-0175-0000000748,4287500,0.9346,"10%, 15%, 15%, 20%, 15%, 15%, 10%","تم السداد 428,750.00","تم السداد 643,125.00","تم السداد 643,125.00","تم السداد 857,500.00","تم السداد 643,125.00",غير مستحقة,غير مستحقة,0,3215625,البنك الأهلي المصري,28/03/2025,0.9346,RA-2025-0130,14/4/2025
وليد حسام سليمان سالم,9990000000134,653,02-04-0175-0000000653,3825000,0.8584,"10%, 15%, 15%, 20%, 15%, 15%, 10%","تم السداد 382,500.00",غير مستحقة,غير مستحقة,غير مستحقة,غير مستحقة,غير مستحقة,غير مستحقة,0,382500,البنك الأهلي المصري,17/11/2025,0.8584,RA-2025-0131,18/12/2025
حسام سمير عبدالله شحاتة,9990000000336,788,02-04-0175-0000000788,6187500,0.9885,"15%, 15%, 15%, 15%, 15%, 15%, 10%","تم السداد 928,125.00","تم السداد 928,125.00","تم السداد 928,125.00","تم السداد 928,125.00",غير مستحقة,غير مستحقة,غير مستحقة,0,3712500,البنك الأهلي المصري,06/05/2025,0.9885,RA-2025-0132,22/5/2025
مروان مصطفى ناجي المصري,9990000000329,795,02-04-0175-0000000795,3287500,0.8713,"15%, 10%, 15%, 20%, 15%, 15%, 10%","تم السداد 493,125.00","تم السداد 328,750.00","تم السداد 493,125.00","تم السداد 657,500.00",غير مستحقة,غير مستحقة,غير مستحقة,0,1972500,البنك الأهلي المصري,24/06/2025,0.8713,RA-2025-0133,14/7/2025
مينا أمين حسام مبارك,9990000000218,713,02-04-0175-0000000713,3772500,0.9604,"15%, 10%, 15%, 20%, 15%, 15%, 10%","تم السداد 565,875.00","تم السداد 377,250.00","565,875.00",غير مستحقة,غير مستحقة,غير مستحقة,غير مستحقة,565875,943125,البنك الأهلي المصري,08/12/2025,0.9604,RA-2025-0134,9/1/2026
إبراهيم فتحي حسن العطار,9990000000431,699,02-04-0175-0000000699,3232500,0.8855,"15%, 10%, 15%, 20%, 15%, 15%, 10%","تم السداد 484,875.00","تم السداد 323,250.00","تم السداد 484,875.00","تم السداد 646,500.00","484,875.00",غير مستحقة,غير مستحقة,484875,1939500,البنك الأهلي المصري,05/03/2025,0.8855,RA-2025-0135,27/3/2025
كريم كمال نبيل عبدالرازق,9990000000136,859,02-04-0175-0000000859,3617500,0.8917,"15%, 15%, 15%, 15%, 15%, 15%, 10%","تم السداد 542,625.00",غير مستحقة,غير مستحقة,غير مستحقة,غير مستحقة,غير مستحقة,غير مستحقة,0,542625,البنك الأهلي المصري,26/05/2026,0.8917,RA-2026-0136,2/7/2026
عادل يوسف أحمد عبدالهادي,9990000000184,758,02-04-0175-0000000758,4812500,0.8706,"15%, 10%, 15%, 20%, 15%, 15%, 10%","تم السداد 721,875.00","تم السداد 481,250.00","تم السداد 721,875.00","تم السداد 962,500.00",غير مستحقة,غير مستحقة,غير مستحقة,0,2887500,البنك الأهلي المصري,08/02/2025,0.8706,RA-2025-0137,3/3/2025
عبدالله مجدي عبدالرحمن سالم,9990000000328,706,02-04-0175-0000000706,4782500,0.8989,"20%, 15%, 15%, 15%, 15%, 10%, 10%","تم السداد 956,500.00","تم السداد 717,375.00","تم السداد 717,375.00","تم السداد 717,375.00","تم السداد 717,375.00","تم السداد 478,250.00","478,250.00",478250,4304250,البنك الأهلي المصري,24/02/2025,0.8989,RA-2025-0138,30/3/2025
علي خالد حسين يونس,9990000000031,920,02-04-0175-0000000920,5657500,0.9713,"15%, 10%, 15%, 20%, 15%, 15%, 10%","تم السداد 848,625.00","565,750.00",غير مستحقة,غير مستحقة,غير مستحقة,غير مستحقة,غير مستحقة,565750,848625,البنك الأهلي المصري,08/01/2026,0.9713,RA-2026-0139,5/2/2026
مريم فتحي نبيل مراد,9990000000338,852,02-04-0175-0000000852,3642500,0.8534,"15%, 15%, 15%, 15%, 15%, 15%, 10%","تم السداد 546,375.00","تم السداد 546,375.00","تم السداد 546,375.00","تم السداد 546,375.00","تم السداد 546,375.00",غير مستحقة,غير مستحقة,0,2731875,البنك الأهلي المصري,30/04/2025,0.8534,RA-2025-0140,15/6/2025
سلمى فاروق فتحي شاكر,9990000000265,634,02-04-0175-0000000634,4187500,0.9891,"15%, 10%, 15%, 20%, 15%, 15%, 10%","تم السداد 628,125.00","تم السداد 418,750.00","تم السداد 628,125.00","تم السداد 837,500.00",غير مستحقة,غير مستحقة,غير مستحقة,0,2512500,البنك الأهلي المصري,25/07/2025,0.9891,RA-2025-0141,7/8/2025
سامي حمدي مصطفى رفعت,9990000000370,908,02-04-0175-0000000908,3137500,0.9492,"15%, 10%, 15%, 20%, 15%, 15%, 10%","تم السداد 470,625.00","تم السداد 313,750.00","تم السداد 470,625.00","تم السداد 627,500.00","تم السداد 470,625.00",غير مستحقة,غير مستحقة,0,2353125,البنك الأهلي المصري,28/01/2025,0.9492,RA-2025-0142,21/2/2025
نبيل شوقي حسام الرفاعي,9990000000092,536,02-04-0175-0000000536,3442500,0.8704,"20%, 15%, 15%, 15%, 15%, 10%, 10%","تم السداد 688,500.00",غير مستحقة,غير مستحقة,غير مستحقة,غير مستحقة,غير مستحقة,غير مستحقة,0,688500,البنك الأهلي المصري,19/12/2025,0.8704,RA-2025-0143,29/1/2026
محمود حسن شوقي المرسي,9990000000079,725,02-04-0175-0000000725,5950000,0.9267,"20%, 15%, 15%, 15%, 15%, 10%, 10%","تم السداد 1,190,000.00","892,500.00",غير مستحقة,غير مستحقة,غير مستحقة,غير مستحقة,غير مستحقة,892500,1190000,البنك الأهلي المصري,05/04/2026,0.9267,RA-2026-0144,6/5/2026
حسن سليمان مراد فهمي,9990000000390,940,02-04-0175-0000000940,4575000,0.9501,"15%, 10%, 15%, 20%, 15%, 15%, 10%","تم السداد 686,250.00","تم السداد 457,500.00","686,250.00",غير مستحقة,غير مستحقة,غير مستحقة,غير مستحقة,686250,1143750,البنك الأهلي المصري,29/12/2025,0.9501,RA-2025-0145,3/2/2026
وليد فتحي رجب رزق,9990000000317,615,02-04-0175-0000000615,4182500,0.9174,"15%, 15%, 15%, 15%, 15%, 15%, 10%","تم السداد 627,375.00","تم السداد 627,375.00","627,375.00",غير مستحقة,غير مستحقة,غير مستحقة,غير مستحقة,627375,1254750,البنك الأهلي المصري,04/11/2025,0.9174,RA-2025-0146,19/11/2025
عمرو رجب خالد خليل,9990000000059,509,02-04-0175-0000000509,6707500,0.9706,"20%, 15%, 15%, 15%, 15%, 10%, 10%","تم السداد 1,341,500.00",غير مستحقة,غير مستحقة,غير مستحقة,غير مستحقة,غير مستحقة,غير مستحقة,0,1341500,البنك الأهلي المصري,13/04/2026,0.9706,RA-2026-0147,30/4/2026
أدهم فاروق حسام عبدالفتاح,9990000000361,673,02-04-0175-0000000673,5032500,0.9183,"10%, 15%, 15%, 20%, 15%, 15%, 10%","تم السداد 503,250.00","تم السداد 754,875.00","تم السداد 754,875.00","تم السداد 1,006,500.00",غير مستحقة,غير مستحقة,غير مستحقة,0,3019500,البنك الأهلي المصري,06/05/2025,0.9183,RA-2025-0148,3/6/2025
مريم طارق كمال شحاتة,9990000000020,756,02-04-0175-0000000756,6347500,0.8978,"15%, 10%, 15%, 20%, 15%, 15%, 10%","تم السداد 952,125.00","تم السداد 634,750.00","تم السداد 952,125.00","تم السداد 1,269,500.00","تم السداد 952,125.00","تم السداد 952,125.00",غير مستحقة,0,5712750,البنك الأهلي المصري,29/01/2025,0.8978,RA-2025-0149,2/3/2025
ماجد رمضان كمال الشربيني,9990000000113,858,02-04-0175-0000000858,4550000,0.8641,"10%, 15%, 15%, 20%, 15%, 15%, 10%","تم السداد 455,000.00","تم السداد 682,500.00","تم السداد 682,500.00","تم السداد 910,000.00",غير مستحقة,غير مستحقة,غير مستحقة,0,2730000,البنك الأهلي المصري,22/04/2025,0.8641,RA-2025-0150,21/5/2025
أيمن إبراهيم فؤاد الكومي,9990000000119,603,02-04-0175-0000000603,4050000,0.9423,"10%, 15%, 15%, 20%, 15%, 15%, 10%","تم السداد 405,000.00","تم السداد 607,500.00","تم السداد 607,500.00","تم السداد 810,000.00",غير مستحقة,غير مستحقة,غير مستحقة,0,2430000,البنك الأهلي المصري,05/07/2025,0.9423,RA-2025-0151,30/7/2025
شادي كمال حمدي بدوي,9990000000234,868,02-04-0175-0000000868,4225000,0.9635,"10%, 15%, 15%, 20%, 15%, 15%, 10%","تم السداد 422,500.00",غير مستحقة,غير مستحقة,غير مستحقة,غير مستحقة,غير مستحقة,غير مستحقة,0,422500,البنك الأهلي المصري,07/05/2026,0.9635,RA-2026-0152,2/6/2026
تامر خالد عادل سليمان,9990000000137,576,02-04-0175-0000000576,4692500,0.9423,"15%, 10%, 15%, 20%, 15%, 15%, 10%","تم السداد 703,875.00",غير مستحقة,غير مستحقة,غير مستحقة,غير مستحقة,غير مستحقة,غير مستحقة,0,703875,البنك الأهلي المصري,06/02/2026,0.9423,RA-2026-0153,4/3/2026
باسم حسام شوقي المرسي,9990000000109,882,02-04-0175-0000000882,5462500,0.9578,"15%, 15%, 15%, 15%, 15%, 15%, 10%","تم السداد 819,375.00","تم السداد 819,375.00","تم السداد 819,375.00","تم السداد 819,375.00","تم السداد 819,375.00","تم السداد 819,375.00",غير مستحقة,0,4916250,البنك الأهلي المصري,08/04/2025,0.9578,RA-2025-0154,27/4/2025
أسماء حسن مراد العطار,9990000000041,761,02-04-0175-0000000761,3975000,0.8643,"15%, 15%, 15%, 15%, 15%, 15%, 10%","تم السداد 596,250.00","تم السداد 596,250.00","تم السداد 596,250.00",غير مستحقة,غير مستحقة,غير مستحقة,غير مستحقة,0,1788750,البنك الأهلي المصري,10/05/2025,0.8643,RA-2025-0155,1/6/2025
تامر صلاح سمير عبداللطيف,9990000000236,552,02-04-0175-0000000552,4587500,0.8635,"10%, 15%, 15%, 20%, 15%, 15%, 10%","تم السداد 458,750.00","تم السداد 688,125.00","تم السداد 688,125.00",غير مستحقة,غير مستحقة,غير مستحقة,غير مستحقة,0,1835000,البنك الأهلي المصري,04/06/2025,0.8635,RA-2025-0156,9/6/2025
مجدي رمضان أمين عبدالهادي,9990000000096,865,02-04-0175-0000000865,4007500,0.9766,"20%, 15%, 15%, 15%, 15%, 10%, 10%","تم السداد 801,500.00","تم السداد 601,125.00","تم السداد 601,125.00","تم السداد 601,125.00",غير مستحقة,غير مستحقة,غير مستحقة,0,2604875,البنك الأهلي المصري,22/04/2025,0.9766,RA-2025-0157,25/5/2025
وائل رجب حسن الشافعي,9990000000255,569,02-04-0175-0000000569,3575000,0.9563,"15%, 15%, 15%, 15%, 15%, 15%, 10%","تم السداد 536,250.00",غير مستحقة,غير مستحقة,غير مستحقة,غير مستحقة,غير مستحقة,غير مستحقة,0,536250,البنك الأهلي المصري,01/03/2026,0.9563,RA-2026-0158,4/4/2026
أحمد شوقي فتحي صادق,9990000000421,801,02-04-0175-0000000801,6157500,0.9584,"10%, 15%, 15%, 20%, 15%, 15%, 10%","تم السداد 615,750.00",غير مستحقة,غير مستحقة,غير مستحقة,غير مستحقة,غير مستحقة,غير مستحقة,0,615750,البنك الأهلي المصري,16/02/2026,0.9584,RA-2026-0159,27/2/2026
عمرو فؤاد مجدي الحداد,9990000000316,817,02-04-0175-0000000817,6857500,0.8902,"10%, 15%, 15%, 20%, 15%, 15%, 10%","تم السداد 685,750.00","تم السداد 1,028,625.00","تم السداد 1,028,625.00",غير مستحقة,غير مستحقة,غير مستحقة,غير مستحقة,0,2743000,البنك الأهلي المصري,01/07/2025,0.8902,RA-2025-0160,5/8/2025
أيمن مصطفى سليمان الدسوقي,9990000000193,799,02-04-0175-0000000799,4442500,0.938,"20%, 15%, 15%, 15%, 15%, 10%, 10%","تم السداد 888,500.00","تم السداد 666,375.00","تم السداد 666,375.00","تم السداد 666,375.00","تم السداد 666,375.00","444,250.00",غير مستحقة,444250,3554000,البنك الأهلي المصري,03/02/2025,0.938,RA-2025-0161,28/2/2025
حسن عبدالرحمن محمد مراد,9990000000037,819,02-04-0175-0000000819,5932500,0.9263,"20%, 15%, 15%, 15%, 15%, 10%, 10%","تم السداد 1,186,500.00","تم السداد 889,875.00","تم السداد 889,875.00",غير مستحقة,غير مستحقة,غير مستحقة,غير مستحقة,0,2966250,البنك الأهلي المصري,21/09/2025,0.9263,RA-2025-0162,21/10/2025
عمرو أمين مجدي الزيني,9990000000016,604,02-04-0175-0000000604,4647500,0.8878,"10%, 15%, 15%, 20%, 15%, 15%, 10%","تم السداد 464,750.00","تم السداد 697,125.00","تم السداد 697,125.00","929,500.00",غير مستحقة,غير مستحقة,غير مستحقة,929500,1859000,البنك الأهلي المصري,30/07/2025,0.8878,RA-2025-0163,30/8/2025
أيمن إبراهيم نبيل المصري,9990000000429,660,02-04-0175-0000000660,3272500,0.8477,"15%, 10%, 15%, 20%, 15%, 15%, 10%","تم السداد 490,875.00","تم السداد 327,250.00",غير مستحقة,غير مستحقة,غير مستحقة,غير مستحقة,غير مستحقة,0,818125,البنك الأهلي المصري,10/12/2025,0.8477,RA-2025-0164,1/1/2026
مصطفى رجب شوقي يونس,9990000000080,933,02-04-0175-0000000933,4337500,0.8683,"15%, 10%, 15%, 20%, 15%, 15%, 10%","تم السداد 650,625.00","تم السداد 433,750.00","تم السداد 650,625.00",غير مستحقة,غير مستحقة,غير مستحقة,غير مستحقة,0,1735000,البنك الأهلي المصري,08/05/2025,0.8683,RA-2025-0165,17/6/2025
بيشوي حسين محمود صبري,9990000000229,685,02-04-0175-0000000685,5675000,0.9777,"20%, 15%, 15%, 15%, 15%, 10%, 10%","تم السداد 1,135,000.00","تم السداد 851,250.00","تم السداد 851,250.00","تم السداد 851,250.00",غير مستحقة,غير مستحقة,غير مستحقة,0,3688750,البنك الأهلي المصري,17/08/2025,0.9777,RA-2025-0166,7/9/2025
مروان محمود مصطفى حبيب,9990000000078,948,02-04-0175-0000000948,5322500,0.9656,"20%, 15%, 15%, 15%, 15%, 10%, 10%","تم السداد 1,064,500.00",غير مستحقة,غير مستحقة,غير مستحقة,غير مستحقة,غير مستحقة,غير مستحقة,0,1064500,البنك الأهلي المصري,27/06/2026,0.9656,RA-2026-0167,12/7/2026
محمود عبدالله جمال عبدالهادي,9990000000278,680,02-04-0175-0000000680,5400000,0.9536,"15%, 10%, 15%, 20%, 15%, 15%, 10%","تم السداد 810,000.00","تم السداد 540,000.00","تم السداد 810,000.00","تم السداد 1,080,000.00",غير مستحقة,غير مستحقة,غير مستحقة,0,3240000,البنك الأهلي المصري,14/05/2025,0.9536,RA-2025-0168,2/6/2025
وليد مجدي محمد الشرقاوي,9990000000087,942,02-04-0175-0000000942,5575000,0.861,"20%, 15%, 15%, 15%, 15%, 10%, 10%","تم السداد 1,115,000.00","تم السداد 836,250.00","تم السداد 836,250.00","تم السداد 836,250.00",غير مستحقة,غير مستحقة,غير مستحقة,0,3623750,البنك الأهلي المصري,04/08/2025,0.861,RA-2025-0169,20/8/2025
نبيل علي عبدالرحمن رفعت,9990000000426,769,02-04-0175-0000000769,3242500,0.9654,"10%, 15%, 15%, 20%, 15%, 15%, 10%","تم السداد 324,250.00","486,375.00",غير مستحقة,غير مستحقة,غير مستحقة,غير مستحقة,غير مستحقة,486375,324250,البنك الأهلي المصري,10/07/2026,0.9654,RA-2026-0170,9/8/2026
رامز مجدي محمد سالم,9990000000211,700,02-04-0175-0000000700,3475000,0.9701,"15%, 15%, 15%, 15%, 15%, 15%, 10%","تم السداد 521,250.00","تم السداد 521,250.00","521,250.00",غير مستحقة,غير مستحقة,غير مستحقة,غير مستحقة,521250,1042500,البنك الأهلي المصري,18/12/2025,0.9701,RA-2025-0171,23/1/2026
وائل حسام إسماعيل صادق,9990000000126,863,02-04-0175-0000000863,5562500,0.9882,"15%, 10%, 15%, 20%, 15%, 15%, 10%","تم السداد 834,375.00","تم السداد 556,250.00","تم السداد 834,375.00","تم السداد 1,112,500.00",غير مستحقة,غير مستحقة,غير مستحقة,0,3337500,البنك الأهلي المصري,16/05/2025,0.9882,RA-2025-0172,4/6/2025
نبيل مراد سعيد عبدالمجيد,9990000000048,607,02-04-0175-0000000607,6225000,0.895,"20%, 15%, 15%, 15%, 15%, 10%, 10%","تم السداد 1,245,000.00",غير مستحقة,غير مستحقة,غير مستحقة,غير مستحقة,غير مستحقة,غير مستحقة,0,1245000,البنك الأهلي المصري,08/01/2026,0.895,RA-2026-0173,30/1/2026
أشرف حسن مصطفى حجازي,9990000000356,592,02-04-0175-0000000592,4492500,0.9762,"15%, 10%, 15%, 20%, 15%, 15%, 10%","تم السداد 673,875.00","تم السداد 449,250.00","تم السداد 673,875.00","898,500.00",غير مستحقة,غير مستحقة,غير مستحقة,898500,1797000,البنك الأهلي المصري,07/09/2025,0.9762,RA-2025-0174,8/10/2025
وليد فؤاد حسين سليمان,9990000000245,813,02-04-0175-0000000813,3287500,0.8884,"20%, 15%, 15%, 15%, 15%, 10%, 10%","تم السداد 657,500.00","تم السداد 493,125.00",غير مستحقة,غير مستحقة,غير مستحقة,غير مستحقة,غير مستحقة,0,1150625,البنك الأهلي المصري,26/10/2025,0.8884,RA-2025-0175,13/11/2025
ماجد حسن محمود الشربيني,9990000000419,506,02-04-0175-0000000506,4492500,0.876,"20%, 15%, 15%, 15%, 15%, 10%, 10%","تم السداد 898,500.00","تم السداد 673,875.00","تم السداد 673,875.00","تم السداد 673,875.00",غير مستحقة,غير مستحقة,غير مستحقة,0,2920125,البنك الأهلي المصري,20/05/2025,0.876,RA-2025-0176,28/6/2025
نادر مجدي عبدالرحمن رفعت,9990000000417,572,02-04-0175-0000000572,4712500,0.939,"20%, 15%, 15%, 15%, 15%, 10%, 10%","تم السداد 942,500.00","تم السداد 706,875.00","تم السداد 706,875.00","تم السداد 706,875.00","تم السداد 706,875.00","تم السداد 471,250.00",غير مستحقة,0,4241250,البنك الأهلي المصري,03/04/2025,0.939,RA-2025-0177,23/4/2025
وائل أحمد عادل النحاس,9990000000304,861,02-04-0175-0000000861,4667500,0.9808,"10%, 15%, 15%, 20%, 15%, 15%, 10%","تم السداد 466,750.00","تم السداد 700,125.00","تم السداد 700,125.00","تم السداد 933,500.00",غير مستحقة,غير مستحقة,غير مستحقة,0,2800500,البنك الأهلي المصري,24/08/2025,0.9808,RA-2025-0178,20/9/2025
أحمد فاروق إبراهيم مبارك,9990000000182,556,02-04-0175-0000000556,3312500,0.8927,"15%, 10%, 15%, 20%, 15%, 15%, 10%","تم السداد 496,875.00","تم السداد 331,250.00","تم السداد 496,875.00",غير مستحقة,غير مستحقة,غير مستحقة,غير مستحقة,0,1325000,البنك الأهلي المصري,18/08/2025,0.8927,RA-2025-0179,18/9/2025
حسن حمدي إسماعيل الدسوقي,9990000000311,587,02-04-0175-0000000587,3675000,0.9711,"15%, 10%, 15%, 20%, 15%, 15%, 10%","تم السداد 551,250.00","تم السداد 367,500.00","تم السداد 551,250.00","تم السداد 735,000.00",غير مستحقة,غير مستحقة,غير مستحقة,0,2205000,البنك الأهلي المصري,21/08/2025,0.9711,RA-2025-0180,2/9/2025
عبدالرحمن نبيل إبراهيم المرسي,9990000000063,565,02-04-0175-0000000565,4187500,0.9284,"15%, 10%, 15%, 20%, 15%, 15%, 10%","تم السداد 628,125.00","تم السداد 418,750.00","تم السداد 628,125.00","تم السداد 837,500.00","تم السداد 628,125.00","628,125.00",غير مستحقة,628125,3140625,البنك الأهلي المصري,21/01/2025,0.9284,RA-2025-0181,5/2/2025
نادر أحمد شوقي الإسكندراني,9990000000449,648,02-04-0175-0000000648,3007500,0.9309,"15%, 15%, 15%, 15%, 15%, 15%, 10%","تم السداد 451,125.00","تم السداد 451,125.00","تم السداد 451,125.00",غير مستحقة,غير مستحقة,غير مستحقة,غير مستحقة,0,1353375,البنك الأهلي المصري,15/06/2025,0.9309,RA-2025-0182,27/7/2025
يوسف عادل جمال عبدالفتاح,9990000000434,844,02-04-0175-0000000844,3612500,0.9581,"15%, 15%, 15%, 15%, 15%, 15%, 10%","تم السداد 541,875.00","تم السداد 541,875.00",غير مستحقة,غير مستحقة,غير مستحقة,غير مستحقة,غير مستحقة,0,1083750,البنك الأهلي المصري,27/12/2025,0.9581,RA-2025-0183,25/1/2026
هاني محمد إبراهيم فهمي,9990000000141,803,02-04-0175-0000000803,3657500,0.8544,"15%, 10%, 15%, 20%, 15%, 15%, 10%","تم السداد 548,625.00","تم السداد 365,750.00","تم السداد 548,625.00","تم السداد 731,500.00",غير مستحقة,غير مستحقة,غير مستحقة,0,2194500,البنك الأهلي المصري,11/08/2025,0.8544,RA-2025-0184,12/9/2025
هبة حمدي حسن أمين,9990000000075,510,02-04-0175-0000000510,4337500,0.8359,"20%, 15%, 15%, 15%, 15%, 10%, 10%","تم السداد 867,500.00",غير مستحقة,غير مستحقة,غير مستحقة,غير مستحقة,غير مستحقة,غير مستحقة,0,867500,البنك الأهلي المصري,27/04/2026,0.8359,RA-2026-0185,30/5/2026
كريم سمير رمضان الطنطاوي,9990000000046,577,02-04-0175-0000000577,4412500,0.878,"15%, 15%, 15%, 15%, 15%, 15%, 10%","تم السداد 661,875.00","تم السداد 661,875.00",غير مستحقة,غير مستحقة,غير مستحقة,غير مستحقة,غير مستحقة,0,1323750,البنك الأهلي المصري,02/09/2025,0.878,RA-2025-0186,10/10/2025
عمر حسين محمود القناوي,9990000000437,782,02-04-0175-0000000782,3547500,0.9864,"15%, 15%, 15%, 15%, 15%, 15%, 10%","تم السداد 532,125.00","تم السداد 532,125.00",غير مستحقة,غير مستحقة,غير مستحقة,غير مستحقة,غير مستحقة,0,1064250,البنك الأهلي المصري,07/03/2026,0.9864,RA-2026-0187,17/3/2026
حسين إبراهيم مجدي الدسوقي,9990000000369,610,02-04-0175-0000000610,2997500,0.9329,"15%, 10%, 15%, 20%, 15%, 15%, 10%","تم السداد 449,625.00","تم السداد 299,750.00","449,625.00",غير مستحقة,غير مستحقة,غير مستحقة,غير مستحقة,449625,749375,البنك الأهلي المصري,25/11/2025,0.9329,RA-2025-0188,21/12/2025
نادر رمضان محمود الإسكندراني,9990000000323,638,02-04-0175-0000000638,6697500,0.8752,"10%, 15%, 15%, 20%, 15%, 15%, 10%","تم السداد 669,750.00","تم السداد 1,004,625.00","تم السداد 1,004,625.00","تم السداد 1,339,500.00","تم السداد 1,004,625.00",غير مستحقة,غير مستحقة,0,5023125,البنك الأهلي المصري,08/03/2025,0.8752,RA-2025-0189,1/4/2025
أميرة أمين إسماعيل عبدالحليم,9990000000203,633,02-04-0175-0000000633,3937500,0.9721,"15%, 10%, 15%, 20%, 15%, 15%, 10%","تم السداد 590,625.00","393,750.00",غير مستحقة,غير مستحقة,غير مستحقة,غير مستحقة,غير مستحقة,393750,590625,البنك الأهلي المصري,02/05/2026,0.9721,RA-2026-0190,26/5/2026
خالد كمال محمد فوزي,9990000000349,724,02-04-0175-0000000724,3157500,0.8541,"15%, 15%, 15%, 15%, 15%, 15%, 10%","تم السداد 473,625.00","تم السداد 473,625.00",غير مستحقة,غير مستحقة,غير مستحقة,غير مستحقة,غير مستحقة,0,947250,البنك الأهلي المصري,08/09/2025,0.8541,RA-2025-0191,3/10/2025
أدهم خالد علي الرفاعي,9990000000064,521,02-04-0175-0000000521,5800000,0.8365,"15%, 15%, 15%, 15%, 15%, 15%, 10%","تم السداد 870,000.00","تم السداد 870,000.00","تم السداد 870,000.00","870,000.00",غير مستحقة,غير مستحقة,غير مستحقة,870000,2610000,البنك الأهلي المصري,26/08/2025,0.8365,RA-2025-0192,18/9/2025
خالد عبدالرحمن سعيد شاكر,9990000000403,915,02-04-0175-0000000915,4112500,0.9655,"10%, 15%, 15%, 20%, 15%, 15%, 10%","تم السداد 411,250.00","تم السداد 616,875.00","تم السداد 616,875.00","تم السداد 822,500.00","تم السداد 616,875.00","تم السداد 616,875.00",غير مستحقة,0,3701250,البنك الأهلي المصري,18/03/2025,0.9655,RA-2025-0193,25/4/2025
علاء محمد شوقي رزق,9990000000089,879,02-04-0175-0000000879,5707500,0.8722,"15%, 15%, 15%, 15%, 15%, 15%, 10%","تم السداد 856,125.00","تم السداد 856,125.00","تم السداد 856,125.00","تم السداد 856,125.00",غير مستحقة,غير مستحقة,غير مستحقة,0,3424500,البنك الأهلي المصري,03/03/2025,0.8722,RA-2025-0194,28/3/2025
باسم إبراهيم يوسف عبداللطيف,9990000000382,687,02-04-0175-0000000687,3212500,0.967,"15%, 10%, 15%, 20%, 15%, 15%, 10%","تم السداد 481,875.00","تم السداد 321,250.00","تم السداد 481,875.00","تم السداد 642,500.00","تم السداد 481,875.00",غير مستحقة,غير مستحقة,0,2409375,البنك الأهلي المصري,17/03/2025,0.967,RA-2025-0195,14/4/2025
فاطمة خالد رجب المرسي,9990000000365,898,02-04-0175-0000000898,4847500,0.9499,"15%, 15%, 15%, 15%, 15%, 15%, 10%","تم السداد 727,125.00","727,125.00",غير مستحقة,غير مستحقة,غير مستحقة,غير مستحقة,غير مستحقة,727125,727125,البنك الأهلي المصري,05/05/2026,0.9499,RA-2026-0196,29/5/2026
رامي شوقي صبري الدسوقي,9990000000139,581,02-04-0175-0000000581,4342500,0.8528,"20%, 15%, 15%, 15%, 15%, 10%, 10%","تم السداد 868,500.00","تم السداد 651,375.00","تم السداد 651,375.00","تم السداد 651,375.00","تم السداد 651,375.00",غير مستحقة,غير مستحقة,0,3474000,البنك الأهلي المصري,23/03/2025,0.8528,RA-2025-0197,14/4/2025
مجدي يوسف سعيد جابر,9990000000334,550,02-04-0175-0000000550,4000000,0.8679,"15%, 10%, 15%, 20%, 15%, 15%, 10%","تم السداد 600,000.00",غير مستحقة,غير مستحقة,غير مستحقة,غير مستحقة,غير مستحقة,غير مستحقة,0,600000,البنك الأهلي المصري,23/12/2025,0.8679,RA-2025-0198,9/1/2026
هشام شوقي حسن صادق,9990000000262,657,02-04-0175-0000000657,3492500,0.9703,"15%, 10%, 15%, 20%, 15%, 15%, 10%","تم السداد 523,875.00","تم السداد 349,250.00","تم السداد 523,875.00","تم السداد 698,500.00","تم السداد 523,875.00",غير مستحقة,غير مستحقة,0,2619375,البنك الأهلي المصري,16/01/2025,0.9703,RA-2025-0199,9/2/2025
عمرو أحمد صلاح صبري,9990000000003,732,02-04-0175-0000000732,6872500,0.9371,"10%, 15%, 15%, 20%, 15%, 15%, 10%","تم السداد 687,250.00","تم السداد 1,030,875.00","تم السداد 1,030,875.00","تم السداد 1,374,500.00",غير مستحقة,غير مستحقة,غير مستحقة,0,4123500,البنك الأهلي المصري,15/04/2025,0.9371,RA-2025-0200,15/5/2025
مريم سمير صلاح القناوي,9990000000221,811,02-04-0175-0000000811,6082500,0.9128,"20%, 15%, 15%, 15%, 15%, 10%, 10%","تم السداد 1,216,500.00",غير مستحقة,غير مستحقة,غير مستحقة,غير مستحقة,غير مستحقة,غير مستحقة,0,1216500,البنك الأهلي المصري,08/12/2025,0.9128,RA-2025-0201,5/1/2026
وائل جمال حمدي فهمي,9990000000110,639,02-04-0175-0000000639,6817500,0.9222,"10%, 15%, 15%, 20%, 15%, 15%, 10%","تم السداد 681,750.00",غير مستحقة,غير مستحقة,غير مستحقة,غير مستحقة,غير مستحقة,غير مستحقة,0,681750,البنك الأهلي المصري,21/03/2026,0.9222,RA-2026-0202,29/4/2026
رامي كمال أمين عبدالحميد,9990000000187,740,02-04-0175-0000000740,4972500,0.9794,"15%, 15%, 15%, 15%, 15%, 15%, 10%","تم السداد 745,875.00","تم السداد 745,875.00","تم السداد 745,875.00","تم السداد 745,875.00","تم السداد 745,875.00",غير مستحقة,غير مستحقة,0,3729375,البنك الأهلي المصري,13/02/2025,0.9794,RA-2025-0203,5/3/2025
مينا شوقي كمال الشافعي,9990000000249,927,02-04-0175-0000000927,5822500,0.8566,"15%, 10%, 15%, 20%, 15%, 15%, 10%","تم السداد 873,375.00","تم السداد 582,250.00","تم السداد 873,375.00",غير مستحقة,غير مستحقة,غير مستحقة,غير مستحقة,0,2329000,البنك الأهلي المصري,28/09/2025,0.8566,RA-2025-0204,31/10/2025
أيمن عادل نبيل سالم,9990000000396,805,02-04-0175-0000000805,4525000,0.8989,"15%, 15%, 15%, 15%, 15%, 15%, 10%","تم السداد 678,750.00",غير مستحقة,غير مستحقة,غير مستحقة,غير مستحقة,غير مستحقة,غير مستحقة,0,678750,البنك الأهلي المصري,29/05/2026,0.8989,RA-2026-0205,13/7/2026
علاء رمضان خالد القناوي,9990000000082,839,02-04-0175-0000000839,4437500,0.8356,"15%, 10%, 15%, 20%, 15%, 15%, 10%","تم السداد 665,625.00","تم السداد 443,750.00",غير مستحقة,غير مستحقة,غير مستحقة,غير مستحقة,غير مستحقة,0,1109375,البنك الأهلي المصري,24/11/2025,0.8356,RA-2025-0206,3/1/2026
ندى كمال مجدي داود,9990000000176,943,02-04-0175-0000000943,4597500,0.8587,"10%, 15%, 15%, 20%, 15%, 15%, 10%","تم السداد 459,750.00",غير مستحقة,غير مستحقة,غير مستحقة,غير مستحقة,غير مستحقة,غير مستحقة,0,459750,البنك الأهلي المصري,21/12/2025,0.8587,RA-2025-0207,28/1/2026
أشرف يوسف طارق مبارك,9990000000007,549,02-04-0175-0000000549,5017500,0.943,"15%, 15%, 15%, 15%, 15%, 15%, 10%","تم السداد 752,625.00","تم السداد 752,625.00","تم السداد 752,625.00","752,625.00",غير مستحقة,غير مستحقة,غير مستحقة,752625,2257875,البنك الأهلي المصري,17/09/2025,0.943,RA-2025-0208,25/9/2025
سامي مصطفى حسن المرسي,9990000000050,731,02-04-0175-0000000731,6175000,0.8355,"10%, 15%, 15%, 20%, 15%, 15%, 10%","تم السداد 617,500.00","تم السداد 926,250.00","تم السداد 926,250.00","1,235,000.00",غير مستحقة,غير مستحقة,غير مستحقة,1235000,2470000,البنك الأهلي المصري,10/06/2025,0.8355,RA-2025-0209,21/7/2025
باسم حسام خالد البنا,9990000000320,767,02-04-0175-0000000767,6647500,0.9136,"15%, 15%, 15%, 15%, 15%, 15%, 10%","تم السداد 997,125.00","تم السداد 997,125.00","تم السداد 997,125.00",غير مستحقة,غير مستحقة,غير مستحقة,غير مستحقة,0,2991375,البنك الأهلي المصري,04/09/2025,0.9136,RA-2025-0210,15/10/2025
شيماء سعيد فاروق صبري,9990000000209,538,02-04-0175-0000000538,5917500,0.9514,"20%, 15%, 15%, 15%, 15%, 10%, 10%","تم السداد 1,183,500.00",غير مستحقة,غير مستحقة,غير مستحقة,غير مستحقة,غير مستحقة,غير مستحقة,0,1183500,البنك الأهلي المصري,24/03/2026,0.9514,RA-2026-0211,21/4/2026
علي صبري سمير عبدالحليم,9990000000451,501,02-04-0175-0000000501,4517500,0.9469,"15%, 10%, 15%, 20%, 15%, 15%, 10%","تم السداد 677,625.00","تم السداد 451,750.00","تم السداد 677,625.00",غير مستحقة,غير مستحقة,غير مستحقة,غير مستحقة,0,1807000,البنك الأهلي المصري,19/07/2025,0.9469,RA-2025-0212,27/8/2025
وليد مصطفى أحمد الدمرداش,9990000000226,649,02-04-0175-0000000649,5207500,0.8395,"20%, 15%, 15%, 15%, 15%, 10%, 10%","تم السداد 1,041,500.00","تم السداد 781,125.00","تم السداد 781,125.00","تم السداد 781,125.00","تم السداد 781,125.00","520,750.00",غير مستحقة,520750,4166000,البنك الأهلي المصري,23/05/2025,0.8395,RA-2025-0213,19/6/2025
كريم جمال طارق عبدالحميد,9990000000215,609,02-04-0175-0000000609,6550000,0.9015,"15%, 10%, 15%, 20%, 15%, 15%, 10%","تم السداد 982,500.00","655,000.00",غير مستحقة,غير مستحقة,غير مستحقة,غير مستحقة,غير مستحقة,655000,982500,البنك الأهلي المصري,27/01/2026,0.9015,RA-2026-0214,17/2/2026
هشام مجدي حمدي فوزي,9990000000290,818,02-04-0175-0000000818,2957500,0.9044,"20%, 15%, 15%, 15%, 15%, 10%, 10%","تم السداد 591,500.00","تم السداد 443,625.00","تم السداد 443,625.00","تم السداد 443,625.00",غير مستحقة,غير مستحقة,غير مستحقة,0,1922375,البنك الأهلي المصري,03/06/2025,0.9044,RA-2025-0215,18/6/2025
عمرو محمود شوقي الإسكندراني,9990000000357,749,02-04-0175-0000000749,3017500,0.9351,"15%, 10%, 15%, 20%, 15%, 15%, 10%","تم السداد 452,625.00","تم السداد 301,750.00","تم السداد 452,625.00",غير مستحقة,غير مستحقة,غير مستحقة,غير مستحقة,0,1207000,البنك الأهلي المصري,22/07/2025,0.9351,RA-2025-0216,28/7/2025
زياد عبدالرحمن رمضان شحاتة,9990000000227,567,02-04-0175-0000000567,3122500,0.9454,"10%, 15%, 15%, 20%, 15%, 15%, 10%","تم السداد 312,250.00",غير مستحقة,غير مستحقة,غير مستحقة,غير مستحقة,غير مستحقة,غير مستحقة,0,312250,البنك الأهلي المصري,06/05/2026,0.9454,RA-2026-0217,29/5/2026
علاء سمير فتحي الرفاعي,9990000000378,856,02-04-0175-0000000856,3897500,0.9573,"15%, 10%, 15%, 20%, 15%, 15%, 10%","تم السداد 584,625.00","389,750.00",غير مستحقة,غير مستحقة,غير مستحقة,غير مستحقة,غير مستحقة,389750,584625,البنك الأهلي المصري,06/12/2025,0.9573,RA-2025-0218,23/12/2025
حسام حسام شوقي الدسوقي,9990000000094,890,02-04-0175-0000000890,5075000,0.8719,"20%, 15%, 15%, 15%, 15%, 10%, 10%","تم السداد 1,015,000.00","تم السداد 761,250.00","تم السداد 761,250.00","تم السداد 761,250.00","تم السداد 761,250.00",غير مستحقة,غير مستحقة,0,4060000,البنك الأهلي المصري,27/01/2025,0.8719,RA-2025-0219,17/2/2025
ياسين كمال مصطفى سليمان,9990000000223,686,02-04-0175-0000000686,6222500,0.9417,"15%, 15%, 15%, 15%, 15%, 15%, 10%","تم السداد 933,375.00","933,375.00",غير مستحقة,غير مستحقة,غير مستحقة,غير مستحقة,غير مستحقة,933375,933375,البنك الأهلي المصري,28/01/2026,0.9417,RA-2026-0220,23/2/2026
هشام فؤاد سمير الشافعي,9990000000149,722,02-04-0175-0000000722,3842500,0.9149,"15%, 10%, 15%, 20%, 15%, 15%, 10%","تم السداد 576,375.00","384,250.00",غير مستحقة,غير مستحقة,غير مستحقة,غير مستحقة,غير مستحقة,384250,576375,البنك الأهلي المصري,22/05/2026,0.9149,RA-2026-0221,13/6/2026
إبراهيم إبراهيم صلاح عبدالسلام,9990000000423,841,02-04-0175-0000000841,3322500,0.9573,"15%, 15%, 15%, 15%, 15%, 15%, 10%","تم السداد 498,375.00","498,375.00",غير مستحقة,غير مستحقة,غير مستحقة,غير مستحقة,غير مستحقة,498375,498375,البنك الأهلي المصري,30/06/2026,0.9573,RA-2026-0222,29/7/2026
مراد شوقي رمضان عبدالحميد,9990000000299,804,02-04-0175-0000000804,4075000,0.9904,"15%, 15%, 15%, 15%, 15%, 15%, 10%","تم السداد 611,250.00","تم السداد 611,250.00","تم السداد 611,250.00","تم السداد 611,250.00",غير مستحقة,غير مستحقة,غير مستحقة,0,2445000,البنك الأهلي المصري,17/03/2025,0.9904,RA-2025-0223,16/4/2025
ندى أحمد مراد عبدالهادي,9990000000374,559,02-04-0175-0000000559,3857500,0.8574,"20%, 15%, 15%, 15%, 15%, 10%, 10%","تم السداد 771,500.00",غير مستحقة,غير مستحقة,غير مستحقة,غير مستحقة,غير مستحقة,غير مستحقة,0,771500,البنك الأهلي المصري,12/07/2026,0.8574,RA-2026-0224,2/8/2026
عادل يوسف نبيل عبدالفتاح,9990000000287,692,02-04-0175-0000000692,4050000,0.8535,"20%, 15%, 15%, 15%, 15%, 10%, 10%","تم السداد 810,000.00",غير مستحقة,غير مستحقة,غير مستحقة,غير مستحقة,غير مستحقة,غير مستحقة,0,810000,البنك الأهلي المصري,10/04/2026,0.8535,RA-2026-0225,2/5/2026
سامح عبدالله حمدي الدمرداش,9990000000389,697,02-04-0175-0000000697,6562500,0.8485,"10%, 15%, 15%, 20%, 15%, 15%, 10%","تم السداد 656,250.00",غير مستحقة,غير مستحقة,غير مستحقة,غير مستحقة,غير مستحقة,غير مستحقة,0,656250,البنك الأهلي المصري,12/01/2026,0.8485,RA-2026-0226,23/1/2026
بيشوي جمال رمضان رفعت,9990000000326,591,02-04-0175-0000000591,5632500,0.9068,"15%, 15%, 15%, 15%, 15%, 15%, 10%","تم السداد 844,875.00","844,875.00",غير مستحقة,غير مستحقة,غير مستحقة,غير مستحقة,غير مستحقة,844875,844875,البنك الأهلي المصري,13/02/2026,0.9068,RA-2026-0227,22/3/2026
نادر صلاح حمدي سليمان,9990000000230,539,02-04-0175-0000000539,5292500,0.9814,"20%, 15%, 15%, 15%, 15%, 10%, 10%","تم السداد 1,058,500.00","تم السداد 793,875.00","تم السداد 793,875.00","تم السداد 793,875.00",غير مستحقة,غير مستحقة,غير مستحقة,0,3440125,البنك الأهلي المصري,07/06/2025,0.9814,RA-2025-0228,4/7/2025
عبدالرحمن فتحي طارق مبارك,9990000000246,679,02-04-0175-0000000679,6212500,0.9575,"15%, 10%, 15%, 20%, 15%, 15%, 10%","تم السداد 931,875.00","تم السداد 621,250.00","تم السداد 931,875.00",غير مستحقة,غير مستحقة,غير مستحقة,غير مستحقة,0,2485000,البنك الأهلي المصري,18/08/2025,0.9575,RA-2025-0229,6/9/2025
عمر حسين طارق القناوي,9990000000400,883,02-04-0175-0000000883,5192500,0.8427,"15%, 15%, 15%, 15%, 15%, 15%, 10%","تم السداد 778,875.00","778,875.00",غير مستحقة,غير مستحقة,غير مستحقة,غير مستحقة,غير مستحقة,778875,778875,البنك الأهلي المصري,28/03/2026,0.8427,RA-2026-0230,18/4/2026
ياسين إبراهيم خالد رفعت,9990000000206,791,02-04-0175-0000000791,5247500,0.8433,"15%, 10%, 15%, 20%, 15%, 15%, 10%","تم السداد 787,125.00",غير مستحقة,غير مستحقة,غير مستحقة,غير مستحقة,غير مستحقة,غير مستحقة,0,787125,البنك الأهلي المصري,10/10/2025,0.8433,RA-2025-0231,29/10/2025
جورج أحمد مصطفى أمين,9990000000394,561,02-04-0175-0000000561,5900000,0.9654,"15%, 10%, 15%, 20%, 15%, 15%, 10%","تم السداد 885,000.00","تم السداد 590,000.00",غير مستحقة,غير مستحقة,غير مستحقة,غير مستحقة,غير مستحقة,0,1475000,البنك الأهلي المصري,19/12/2025,0.9654,RA-2025-0232,27/12/2025
ماجد صلاح شوقي عبدالحميد,9990000000161,502,02-04-0175-0000000502,4937500,0.9462,"10%, 15%, 15%, 20%, 15%, 15%, 10%","تم السداد 493,750.00","تم السداد 740,625.00",غير مستحقة,غير مستحقة,غير مستحقة,غير مستحقة,غير مستحقة,0,1234375,البنك الأهلي المصري,12/09/2025,0.9462,RA-2025-0233,12/10/2025
أشرف يوسف عادل عبدالمجيد,9990000000377,873,02-04-0175-0000000873,4300000,0.8986,"20%, 15%, 15%, 15%, 15%, 10%, 10%","تم السداد 860,000.00","645,000.00",غير مستحقة,غير مستحقة,غير مستحقة,غير مستحقة,غير مستحقة,645000,860000,البنك الأهلي المصري,22/06/2026,0.8986,RA-2026-0234,13/7/2026
رامي حسين رمضان الدمرداش,9990000000416,912,02-04-0175-0000000912,5137500,0.9376,"15%, 10%, 15%, 20%, 15%, 15%, 10%","تم السداد 770,625.00","تم السداد 513,750.00","تم السداد 770,625.00","تم السداد 1,027,500.00","تم السداد 770,625.00",غير مستحقة,غير مستحقة,0,3853125,البنك الأهلي المصري,03/06/2025,0.9376,RA-2025-0235,19/6/2025
رامز حسين شوقي عبدالفتاح,9990000000260,545,02-04-0175-0000000545,6107500,0.95,"15%, 10%, 15%, 20%, 15%, 15%, 10%","تم السداد 916,125.00",غير مستحقة,غير مستحقة,غير مستحقة,غير مستحقة,غير مستحقة,غير مستحقة,0,916125,البنك الأهلي المصري,19/03/2026,0.95,RA-2026-0236,26/4/2026
مارينا فتحي رمضان الشربيني,9990000000309,630,02-04-0175-0000000630,6432500,0.8972,"15%, 10%, 15%, 20%, 15%, 15%, 10%","تم السداد 964,875.00","تم السداد 643,250.00","تم السداد 964,875.00",غير مستحقة,غير مستحقة,غير مستحقة,غير مستحقة,0,2573000,البنك الأهلي المصري,11/06/2025,0.8972,RA-2025-0237,6/7/2025
مصطفى طارق حسام القناوي,9990000000354,787,02-04-0175-0000000787,6567500,0.8458,"15%, 10%, 15%, 20%, 15%, 15%, 10%","تم السداد 985,125.00","تم السداد 656,750.00","تم السداد 985,125.00","تم السداد 1,313,500.00","تم السداد 985,125.00","تم السداد 985,125.00",غير مستحقة,0,5910750,البنك الأهلي المصري,23/01/2025,0.8458,RA-2025-0238,9/2/2025
ماجد حسين فتحي العطار,9990000000081,917,02-04-0175-0000000917,4300000,0.9344,"10%, 15%, 15%, 20%, 15%, 15%, 10%","تم السداد 430,000.00",غير مستحقة,غير مستحقة,غير مستحقة,غير مستحقة,غير مستحقة,غير مستحقة,0,430000,البنك الأهلي المصري,25/04/2026,0.9344,RA-2026-0239,2/6/2026
ياسين شوقي خالد أمين,9990000000142,774,02-04-0175-0000000774,3175000,0.8621,"20%, 15%, 15%, 15%, 15%, 10%, 10%","تم السداد 635,000.00","تم السداد 476,250.00","تم السداد 476,250.00","تم السداد 476,250.00",غير مستحقة,غير مستحقة,غير مستحقة,0,2063750,البنك الأهلي المصري,28/05/2025,0.8621,RA-2025-0240,13/6/2025
سامي إبراهيم مصطفى يونس,9990000000263,625,02-04-0175-0000000625,4037500,0.9644,"20%, 15%, 15%, 15%, 15%, 10%, 10%","تم السداد 807,500.00",غير مستحقة,غير مستحقة,غير مستحقة,غير مستحقة,غير مستحقة,غير مستحقة,0,807500,البنك الأهلي المصري,16/02/2026,0.9644,RA-2026-0241,6/3/2026
عبدالرحمن حمدي حسين الحداد,9990000000072,773,02-04-0175-0000000773,4925000,0.9487,"15%, 15%, 15%, 15%, 15%, 15%, 10%","تم السداد 738,750.00",غير مستحقة,غير مستحقة,غير مستحقة,غير مستحقة,غير مستحقة,غير مستحقة,0,738750,البنك الأهلي المصري,21/03/2026,0.9487,RA-2026-0242,23/4/2026
زياد صبري فاروق يونس,9990000000122,946,02-04-0175-0000000946,3697500,0.9358,"15%, 10%, 15%, 20%, 15%, 15%, 10%","تم السداد 554,625.00","تم السداد 369,750.00","تم السداد 554,625.00","تم السداد 739,500.00","تم السداد 554,625.00","تم السداد 554,625.00","369,750.00",369750,3327750,البنك الأهلي المصري,07/02/2025,0.9358,RA-2025-0243,6/3/2025
مارينا حمدي يوسف صادق,9990000000273,570,02-04-0175-0000000570,6350000,0.8826,"10%, 15%, 15%, 20%, 15%, 15%, 10%","تم السداد 635,000.00","تم السداد 952,500.00","تم السداد 952,500.00","تم السداد 1,270,000.00","تم السداد 952,500.00",غير مستحقة,غير مستحقة,0,4762500,البنك الأهلي المصري,02/03/2025,0.8826,RA-2025-0244,21/3/2025
جورج سعيد حسن الدسوقي,9990000000174,952,02-04-0175-0000000952,4867500,0.8711,"15%, 10%, 15%, 20%, 15%, 15%, 10%","تم السداد 730,125.00","تم السداد 486,750.00","تم السداد 730,125.00","تم السداد 973,500.00","تم السداد 730,125.00","تم السداد 730,125.00",غير مستحقة,0,4380750,البنك الأهلي المصري,16/03/2025,0.8711,RA-2025-0245,4/4/2025
فرح علي فاروق صبري,9990000000152,929,02-04-0175-0000000929,3417500,0.8683,"15%, 10%, 15%, 20%, 15%, 15%, 10%","تم السداد 512,625.00",غير مستحقة,غير مستحقة,غير مستحقة,غير مستحقة,غير مستحقة,غير مستحقة,0,512625,البنك الأهلي المصري,12/02/2026,0.8683,RA-2026-0246,10/3/2026
عمر مجدي سعيد الحداد,9990000000186,628,02-04-0175-0000000628,4725000,0.9859,"10%, 15%, 15%, 20%, 15%, 15%, 10%","تم السداد 472,500.00",غير مستحقة,غير مستحقة,غير مستحقة,غير مستحقة,غير مستحقة,غير مستحقة,0,472500,البنك الأهلي المصري,24/06/2026,0.9859,RA-2026-0247,31/7/2026
مصطفى كمال حسن يونس,9990000000224,738,02-04-0175-0000000738,5947500,0.9259,"10%, 15%, 15%, 20%, 15%, 15%, 10%","تم السداد 594,750.00","تم السداد 892,125.00","تم السداد 892,125.00","تم السداد 1,189,500.00",غير مستحقة,غير مستحقة,غير مستحقة,0,3568500,البنك الأهلي المصري,06/07/2025,0.9259,RA-2025-0248,1/8/2025
مراد كمال خالد الرفاعي,9990000000239,564,02-04-0175-0000000564,3582500,0.9808,"10%, 15%, 15%, 20%, 15%, 15%, 10%","تم السداد 358,250.00","تم السداد 537,375.00","تم السداد 537,375.00","تم السداد 716,500.00",غير مستحقة,غير مستحقة,غير مستحقة,0,2149500,البنك الأهلي المصري,08/05/2025,0.9808,RA-2025-0249,29/5/2025
نبيل علي شوقي الإسكندراني,9990000000398,688,02-04-0175-0000000688,6687500,0.9501,"15%, 15%, 15%, 15%, 15%, 15%, 10%","تم السداد 1,003,125.00","1,003,125.00",غير مستحقة,غير مستحقة,غير مستحقة,غير مستحقة,غير مستحقة,1003125,1003125,البنك الأهلي المصري,24/03/2026,0.9501,RA-2026-0250,27/4/2026
أحمد نبيل سمير رزق,9990000000039,843,02-04-0175-0000000843,4050000,0.897,"15%, 15%, 15%, 15%, 15%, 15%, 10%","تم السداد 607,500.00","تم السداد 607,500.00","تم السداد 607,500.00","تم السداد 607,500.00","تم السداد 607,500.00",غير مستحقة,غير مستحقة,0,3037500,البنك الأهلي المصري,23/06/2025,0.897,RA-2025-0251,2/7/2025
حازم إبراهيم عبدالرحمن العطار,9990000000408,905,02-04-0175-0000000905,5362500,0.8795,"20%, 15%, 15%, 15%, 15%, 10%, 10%","تم السداد 1,072,500.00","تم السداد 804,375.00","تم السداد 804,375.00","تم السداد 804,375.00",غير مستحقة,غير مستحقة,غير مستحقة,0,3485625,البنك الأهلي المصري,16/06/2025,0.8795,RA-2025-0252,4/7/2025
كريم مراد أمين المصري,9990000000342,543,02-04-0175-0000000543,4812500,0.9534,"20%, 15%, 15%, 15%, 15%, 10%, 10%","تم السداد 962,500.00","تم السداد 721,875.00","تم السداد 721,875.00","تم السداد 721,875.00","تم السداد 721,875.00",غير مستحقة,غير مستحقة,0,3850000,البنك الأهلي المصري,10/03/2025,0.9534,RA-2025-0253,16/4/2025
شريف عادل فؤاد الرفاعي,9990000000175,850,02-04-0175-0000000850,3287500,0.9702,"15%, 15%, 15%, 15%, 15%, 15%, 10%","تم السداد 493,125.00",غير مستحقة,غير مستحقة,غير مستحقة,غير مستحقة,غير مستحقة,غير مستحقة,0,493125,البنك الأهلي المصري,09/06/2026,0.9702,RA-2026-0254,9/7/2026
سامي سليمان رجب عبدالمجيد,9990000000415,695,02-04-0175-0000000695,5782500,0.9084,"20%, 15%, 15%, 15%, 15%, 10%, 10%","تم السداد 1,156,500.00","تم السداد 867,375.00","تم السداد 867,375.00","تم السداد 867,375.00",غير مستحقة,غير مستحقة,غير مستحقة,0,3758625,البنك الأهلي المصري,06/09/2025,0.9084,RA-2025-0255,21/9/2025
نادر حمدي طارق عبدالحليم,9990000000178,694,02-04-0175-0000000694,3972500,0.8449,"15%, 10%, 15%, 20%, 15%, 15%, 10%","تم السداد 595,875.00","تم السداد 397,250.00","تم السداد 595,875.00","تم السداد 794,500.00",غير مستحقة,غير مستحقة,غير مستحقة,0,2383500,البنك الأهلي المصري,27/06/2025,0.8449,RA-2025-0256,1/8/2025
أحمد سليمان جمال لطفي,9990000000171,885,02-04-0175-0000000885,6175000,0.9848,"20%, 15%, 15%, 15%, 15%, 10%, 10%","تم السداد 1,235,000.00",غير مستحقة,غير مستحقة,غير مستحقة,غير مستحقة,غير مستحقة,غير مستحقة,0,1235000,البنك الأهلي المصري,05/05/2026,0.9848,RA-2026-0257,14/6/2026
تامر إسماعيل سمير الطنطاوي,9990000000120,560,02-04-0175-0000000560,5307500,0.9794,"10%, 15%, 15%, 20%, 15%, 15%, 10%","تم السداد 530,750.00","تم السداد 796,125.00","تم السداد 796,125.00","تم السداد 1,061,500.00","تم السداد 796,125.00",غير مستحقة,غير مستحقة,0,3980625,البنك الأهلي المصري,06/02/2025,0.9794,RA-2025-0258,24/2/2025
مروان محمود إبراهيم فهمي,9990000000172,704,02-04-0175-0000000704,4647500,0.8436,"20%, 15%, 15%, 15%, 15%, 10%, 10%","تم السداد 929,500.00","تم السداد 697,125.00","تم السداد 697,125.00",غير مستحقة,غير مستحقة,غير مستحقة,غير مستحقة,0,2323750,البنك الأهلي المصري,05/08/2025,0.8436,RA-2025-0259,25/8/2025
عبدالله محمود عبدالرحمن سالم,9990000000452,554,02-04-0175-0000000554,5842500,0.9534,"15%, 10%, 15%, 20%, 15%, 15%, 10%","تم السداد 876,375.00","تم السداد 584,250.00","876,375.00",غير مستحقة,غير مستحقة,غير مستحقة,غير مستحقة,876375,1460625,البنك الأهلي المصري,25/01/2026,0.9534,RA-2026-0260,28/2/2026
سامي محمد شوقي عبدالهادي,9990000000266,925,02-04-0175-0000000925,6697500,0.9591,"20%, 15%, 15%, 15%, 15%, 10%, 10%","تم السداد 1,339,500.00","تم السداد 1,004,625.00","1,004,625.00",غير مستحقة,غير مستحقة,غير مستحقة,غير مستحقة,1004625,2344125,البنك الأهلي المصري,05/03/2026,0.9591,RA-2026-0261,19/3/2026
خالد أحمد عبدالله الزيني,9990000000022,851,02-04-0175-0000000851,5247500,0.9371,"20%, 15%, 15%, 15%, 15%, 10%, 10%","تم السداد 1,049,500.00","787,125.00",غير مستحقة,غير مستحقة,غير مستحقة,غير مستحقة,غير مستحقة,787125,1049500,البنك الأهلي المصري,20/02/2026,0.9371,RA-2026-0262,3/3/2026
كريم أمين فؤاد السيد,9990000000301,627,02-04-0175-0000000627,3312500,0.9094,"20%, 15%, 15%, 15%, 15%, 10%, 10%","تم السداد 662,500.00","تم السداد 496,875.00","تم السداد 496,875.00","تم السداد 496,875.00",غير مستحقة,غير مستحقة,غير مستحقة,0,2153125,البنك الأهلي المصري,12/05/2025,0.9094,RA-2025-0263,6/6/2025
أدهم حسام صلاح فهمي,9990000000099,513,02-04-0175-0000000513,6225000,0.9552,"10%, 15%, 15%, 20%, 15%, 15%, 10%","تم السداد 622,500.00","تم السداد 933,750.00","تم السداد 933,750.00","تم السداد 1,245,000.00",غير مستحقة,غير مستحقة,غير مستحقة,0,3735000,البنك الأهلي المصري,08/07/2025,0.9552,RA-2025-0264,20/7/2025
أشرف فؤاد سمير السوهاجي,9990000000118,658,02-04-0175-0000000658,3972500,0.8392,"15%, 15%, 15%, 15%, 15%, 15%, 10%","تم السداد 595,875.00","تم السداد 595,875.00","تم السداد 595,875.00","تم السداد 595,875.00","تم السداد 595,875.00","تم السداد 595,875.00","397,250.00",397250,3575250,البنك الأهلي المصري,10/02/2025,0.8392,RA-2025-0265,27/2/2025
علاء فتحي علي العطار,9990000000024,846,02-04-0175-0000000846,5092500,0.9019,"20%, 15%, 15%, 15%, 15%, 10%, 10%","تم السداد 1,018,500.00",غير مستحقة,غير مستحقة,غير مستحقة,غير مستحقة,غير مستحقة,غير مستحقة,0,1018500,البنك الأهلي المصري,05/06/2026,0.9019,RA-2026-0266,30/6/2026
إبراهيم أحمد ناجي صبري,9990000000164,614,02-04-0175-0000000614,3122500,0.9654,"10%, 15%, 15%, 20%, 15%, 15%, 10%","تم السداد 312,250.00","تم السداد 468,375.00","تم السداد 468,375.00","تم السداد 624,500.00",غير مستحقة,غير مستحقة,غير مستحقة,0,1873500,البنك الأهلي المصري,10/09/2025,0.9654,RA-2025-0267,11/10/2025
علاء فؤاد سمير الكومي,9990000000355,786,02-04-0175-0000000786,3675000,0.9694,"15%, 10%, 15%, 20%, 15%, 15%, 10%","تم السداد 551,250.00","تم السداد 367,500.00","تم السداد 551,250.00","تم السداد 735,000.00",غير مستحقة,غير مستحقة,غير مستحقة,0,2205000,البنك الأهلي المصري,24/06/2025,0.9694,RA-2025-0268,8/7/2025
مارينا عبدالرحمن مراد شاكر,9990000000296,857,02-04-0175-0000000857,4912500,0.844,"15%, 15%, 15%, 15%, 15%, 15%, 10%","تم السداد 736,875.00","736,875.00",غير مستحقة,غير مستحقة,غير مستحقة,غير مستحقة,غير مستحقة,736875,736875,البنك الأهلي المصري,15/07/2026,0.844,RA-2026-0269,3/8/2026
نادر صبري حسن الإسكندراني,9990000000436,631,02-04-0175-0000000631,6407500,0.8566,"10%, 15%, 15%, 20%, 15%, 15%, 10%","تم السداد 640,750.00","تم السداد 961,125.00","تم السداد 961,125.00","تم السداد 1,281,500.00","تم السداد 961,125.00","961,125.00",غير مستحقة,961125,4805625,البنك الأهلي المصري,06/02/2025,0.8566,RA-2025-0270,19/2/2025
نبيل سعيد فاروق السوهاجي,9990000000061,666,02-04-0175-0000000666,6467500,0.9182,"10%, 15%, 15%, 20%, 15%, 15%, 10%","تم السداد 646,750.00","970,125.00",غير مستحقة,غير مستحقة,غير مستحقة,غير مستحقة,غير مستحقة,970125,646750,البنك الأهلي المصري,02/02/2026,0.9182,RA-2026-0271,8/3/2026
مراد فاروق سليمان لطفي,9990000000410,822,02-04-0175-0000000822,6450000,0.9028,"15%, 10%, 15%, 20%, 15%, 15%, 10%","تم السداد 967,500.00",غير مستحقة,غير مستحقة,غير مستحقة,غير مستحقة,غير مستحقة,غير مستحقة,0,967500,البنك الأهلي المصري,17/10/2025,0.9028,RA-2025-0272,9/11/2025
عبدالله طارق فؤاد منصور,9990000000002,872,02-04-0175-0000000872,4075000,0.942,"20%, 15%, 15%, 15%, 15%, 10%, 10%","تم السداد 815,000.00","تم السداد 611,250.00","تم السداد 611,250.00","تم السداد 611,250.00",غير مستحقة,غير مستحقة,غير مستحقة,0,2648750,البنك الأهلي المصري,04/08/2025,0.942,RA-2025-0273,26/8/2025
نهى صبري يوسف البنا,9990000000155,715,02-04-0175-0000000715,5557500,0.9445,"20%, 15%, 15%, 15%, 15%, 10%, 10%","تم السداد 1,111,500.00","تم السداد 833,625.00","تم السداد 833,625.00","تم السداد 833,625.00","تم السداد 833,625.00",غير مستحقة,غير مستحقة,0,4446000,البنك الأهلي المصري,20/01/2025,0.9445,RA-2025-0274,21/2/2025
هدير حسام مراد الإسكندراني,9990000000188,518,02-04-0175-0000000518,6162500,0.9844,"10%, 15%, 15%, 20%, 15%, 15%, 10%","تم السداد 616,250.00","تم السداد 924,375.00",غير مستحقة,غير مستحقة,غير مستحقة,غير مستحقة,غير مستحقة,0,1540625,بنك مصر,10/01/2026,0.9844,RA-2026-0275,27/1/2026
فادي حسن حسام عبدالرازق,9990000000380,864,02-04-0175-0000000864,4312500,0.9686,"10%, 15%, 15%, 20%, 15%, 15%, 10%","تم السداد 431,250.00","تم السداد 646,875.00",غير مستحقة,غير مستحقة,غير مستحقة,غير مستحقة,غير مستحقة,0,1078125,بنك مصر,25/08/2025,0.9686,RA-2025-0276,21/9/2025
عادل فتحي محمد العطار,9990000000129,950,02-04-0175-0000000950,5500000,0.9522,"20%, 15%, 15%, 15%, 15%, 10%, 10%","تم السداد 1,100,000.00","تم السداد 825,000.00","تم السداد 825,000.00","تم السداد 825,000.00",غير مستحقة,غير مستحقة,غير مستحقة,0,3575000,البنك التجاري الدولي (CIB),13/05/2025,0.9522,RA-2025-0277,9/6/2025
آية شوقي مصطفى الدمرداش,9990000000112,645,02-04-0175-0000000645,3457500,0.8378,"10%, 15%, 15%, 20%, 15%, 15%, 10%","تم السداد 345,750.00","تم السداد 518,625.00","تم السداد 518,625.00","تم السداد 691,500.00",غير مستحقة,غير مستحقة,غير مستحقة,0,2074500,بنك مصر,11/05/2025,0.8378,RA-2025-0278,2/6/2025
نهى أمين حسين السيد,9990000000386,792,02-04-0175-0000000792,6162500,0.9541,"10%, 15%, 15%, 20%, 15%, 15%, 10%","تم السداد 616,250.00","تم السداد 924,375.00","تم السداد 924,375.00",غير مستحقة,غير مستحقة,غير مستحقة,غير مستحقة,0,2465000,بنك مصر,02/06/2025,0.9541,RA-2025-0279,10/7/2025
دينا مصطفى أمين الدسوقي,9990000000232,629,02-04-0175-0000000629,5247500,0.9596,"15%, 15%, 15%, 15%, 15%, 15%, 10%","تم السداد 787,125.00","تم السداد 787,125.00","تم السداد 787,125.00","تم السداد 787,125.00","787,125.00",غير مستحقة,غير مستحقة,787125,3148500,بنك مصر,02/08/2025,0.9596,RA-2025-0280,24/8/2025
محمد محمود يوسف يونس,9990000000044,951,02-04-0175-0000000951,5422500,0.9914,"15%, 15%, 15%, 15%, 15%, 15%, 10%","تم السداد 813,375.00","تم السداد 813,375.00",غير مستحقة,غير مستحقة,غير مستحقة,غير مستحقة,غير مستحقة,0,1626750,بنك القاهرة,03/12/2025,0.9914,RA-2025-0281,8/1/2026
وائل مصطفى صلاح الشافعي,9990000000428,825,02-04-0175-0000000825,4600000,0.913,"15%, 15%, 15%, 15%, 15%, 15%, 10%","تم السداد 690,000.00","690,000.00",غير مستحقة,غير مستحقة,غير مستحقة,غير مستحقة,غير مستحقة,690000,690000,بنك مصر,23/05/2026,0.913,RA-2026-0282,21/6/2026
عادل عبدالرحمن مراد الدمرداش,9990000000132,742,02-04-0175-0000000742,6550000,0.9656,"15%, 15%, 15%, 15%, 15%, 15%, 10%","تم السداد 982,500.00","تم السداد 982,500.00","تم السداد 982,500.00","تم السداد 982,500.00","تم السداد 982,500.00",غير مستحقة,غير مستحقة,0,4912500,بنك القاهرة,07/04/2025,0.9656,RA-2025-0283,11/5/2025
مروان مراد إسماعيل خليل,9990000000407,728,02-04-0175-0000000728,4975000,0.891,"15%, 15%, 15%, 15%, 15%, 15%, 10%","تم السداد 746,250.00","746,250.00",غير مستحقة,غير مستحقة,غير مستحقة,غير مستحقة,غير مستحقة,746250,746250,بنك القاهرة,25/11/2025,0.891,RA-2025-0284,5/1/2026
جورج إسماعيل محمد الشربيني,9990000000271,574,02-04-0175-0000000574,4817500,0.89,"20%, 15%, 15%, 15%, 15%, 10%, 10%","تم السداد 963,500.00",غير مستحقة,غير مستحقة,غير مستحقة,غير مستحقة,غير مستحقة,غير مستحقة,0,963500,بنك مصر,17/01/2026,0.89,RA-2026-0285,10/2/2026
مينا ناجي محمود صبري,9990000000180,820,02-04-0175-0000000820,3497500,0.9311,"10%, 15%, 15%, 20%, 15%, 15%, 10%","تم السداد 349,750.00","تم السداد 524,625.00","تم السداد 524,625.00",غير مستحقة,غير مستحقة,غير مستحقة,غير مستحقة,0,1399000,بنك مصر,25/06/2025,0.9311,RA-2025-0286,3/7/2025
حازم سمير عبدالله المصري,9990000000166,714,02-04-0175-0000000714,5762500,0.8871,"10%, 15%, 15%, 20%, 15%, 15%, 10%","تم السداد 576,250.00","864,375.00",غير مستحقة,غير مستحقة,غير مستحقة,غير مستحقة,غير مستحقة,864375,576250,بنك القاهرة,31/01/2026,0.8871,RA-2026-0287,14/2/2026
سامح سليمان شوقي عوض,9990000000192,640,02-04-0175-0000000640,5200000,0.9614,"15%, 15%, 15%, 15%, 15%, 15%, 10%","تم السداد 780,000.00",غير مستحقة,غير مستحقة,غير مستحقة,غير مستحقة,غير مستحقة,غير مستحقة,0,780000,بنك مصر,02/12/2025,0.9614,RA-2025-0288,3/1/2026
يوسف نبيل مراد فهمي,9990000000095,931,02-04-0175-0000000931,3882500,0.8499,"10%, 15%, 15%, 20%, 15%, 15%, 10%","تم السداد 388,250.00","تم السداد 582,375.00","تم السداد 582,375.00","تم السداد 776,500.00",غير مستحقة,غير مستحقة,غير مستحقة,0,2329500,بنك القاهرة,10/02/2025,0.8499,RA-2025-0289,4/3/2025
وائل صلاح عبدالله النحاس,9990000000210,612,02-04-0175-0000000612,3300000,0.8477,"20%, 15%, 15%, 15%, 15%, 10%, 10%","تم السداد 660,000.00","تم السداد 495,000.00","تم السداد 495,000.00","تم السداد 495,000.00","495,000.00",غير مستحقة,غير مستحقة,495000,2145000,بنك مصر,01/06/2025,0.8477,RA-2025-0290,14/6/2025
سلمى أحمد عادل سالم,9990000000127,618,02-04-0175-0000000618,6432500,0.9574,"15%, 10%, 15%, 20%, 15%, 15%, 10%","تم السداد 964,875.00",غير مستحقة,غير مستحقة,غير مستحقة,غير مستحقة,غير مستحقة,غير مستحقة,0,964875,بنك مصر,26/04/2026,0.9574,RA-2026-0291,23/5/2026
أيمن حسام صلاح مبارك,9990000000401,555,02-04-0175-0000000555,6797500,0.9277,"20%, 15%, 15%, 15%, 15%, 10%, 10%","تم السداد 1,359,500.00","تم السداد 1,019,625.00","تم السداد 1,019,625.00",غير مستحقة,غير مستحقة,غير مستحقة,غير مستحقة,0,3398750,بنك مصر,28/12/2025,0.9277,RA-2025-0292,5/1/2026
عمرو علي رمضان داود,9990000000124,534,02-04-0175-0000000534,6047500,0.8784,"20%, 15%, 15%, 15%, 15%, 10%, 10%","تم السداد 1,209,500.00","تم السداد 907,125.00",غير مستحقة,غير مستحقة,غير مستحقة,غير مستحقة,غير مستحقة,0,2116625,بنك مصر,21/12/2025,0.8784,RA-2025-0293,12/1/2026
كريم رجب عبدالله الشرقاوي,9990000000023,807,02-04-0175-0000000807,5172500,0.9606,"20%, 15%, 15%, 15%, 15%, 10%, 10%","تم السداد 1,034,500.00","775,875.00",غير مستحقة,غير مستحقة,غير مستحقة,غير مستحقة,غير مستحقة,775875,1034500,بنك القاهرة,30/05/2026,0.9606,RA-2026-0294,6/7/2026
أشرف حسين مصطفى الكومي,9990000000010,913,02-04-0175-0000000913,3525000,0.9127,"10%, 15%, 15%, 20%, 15%, 15%, 10%","تم السداد 352,500.00","528,750.00",غير مستحقة,غير مستحقة,غير مستحقة,غير مستحقة,غير مستحقة,528750,352500,بنك مصر,28/04/2026,0.9127,RA-2026-0295,23/5/2026
هاني عادل رجب داود,9990000000376,793,02-04-0175-0000000793,3050000,0.8783,"15%, 15%, 15%, 15%, 15%, 15%, 10%","تم السداد 457,500.00","457,500.00",غير مستحقة,غير مستحقة,غير مستحقة,غير مستحقة,غير مستحقة,457500,457500,بنك مصر,10/06/2026,0.8783,RA-2026-0296,14/7/2026
معتز حسام كمال عبداللطيف,9990000000114,854,02-04-0175-0000000854,5362500,0.9767,"15%, 10%, 15%, 20%, 15%, 15%, 10%","تم السداد 804,375.00","تم السداد 536,250.00","تم السداد 804,375.00","تم السداد 1,072,500.00","تم السداد 804,375.00","804,375.00",غير مستحقة,804375,4021875,بنك مصر,17/03/2025,0.9767,RA-2025-0297,7/4/2025
محمد شوقي محمود الرفاعي,9990000000240,663,02-04-0175-0000000663,6287500,0.8641,"20%, 15%, 15%, 15%, 15%, 10%, 10%","تم السداد 1,257,500.00","تم السداد 943,125.00","تم السداد 943,125.00",غير مستحقة,غير مستحقة,غير مستحقة,غير مستحقة,0,3143750,بنك مصر,24/12/2025,0.8641,RA-2025-0298,30/1/2026
عمر نبيل حسن مراد,9990000000383,953,02-04-0175-0000000953,6357500,0.8708,"10%, 15%, 15%, 20%, 15%, 15%, 10%","تم السداد 635,750.00",غير مستحقة,غير مستحقة,غير مستحقة,غير مستحقة,غير مستحقة,غير مستحقة,0,635750,بنك مصر,28/06/2026,0.8708,RA-2026-0299,25/7/2026
إيمان كمال ناجي الطنطاوي,9990000000454,562,02-04-0175-0000000562,3032500,0.9774,"10%, 15%, 15%, 20%, 15%, 15%, 10%","تم السداد 303,250.00","تم السداد 454,875.00","تم السداد 454,875.00",غير مستحقة,غير مستحقة,غير مستحقة,غير مستحقة,0,1213000,بنك مصر,25/07/2025,0.9774,RA-2025-0300,9/8/2025
هاني سليمان صبري يونس,9990000000043,691,02-04-0175-0000000691,4162500,0.9877,"10%, 15%, 15%, 20%, 15%, 15%, 10%","تم السداد 416,250.00","تم السداد 624,375.00","تم السداد 624,375.00","تم السداد 832,500.00",غير مستحقة,غير مستحقة,غير مستحقة,0,2497500,بنك مصر,11/05/2025,0.9877,RA-2025-0301,16/6/2025
إسلام مصطفى عادل الجمل,9990000000300,808,02-04-0175-0000000808,6537500,0.864,"10%, 15%, 15%, 20%, 15%, 15%, 10%","تم السداد 653,750.00","980,625.00",غير مستحقة,غير مستحقة,غير مستحقة,غير مستحقة,غير مستحقة,980625,653750,بنك القاهرة,13/04/2026,0.864,RA-2026-0302,25/4/2026
هاني حسن حسام البدري,9990000000340,781,02-04-0175-0000000781,4287500,0.9628,"15%, 15%, 15%, 15%, 15%, 15%, 10%","تم السداد 643,125.00",غير مستحقة,غير مستحقة,غير مستحقة,غير مستحقة,غير مستحقة,غير مستحقة,0,643125,بنك مصر,22/10/2025,0.9628,RA-2025-0303,16/11/2025
محمود صبري كمال المصري,9990000000055,712,02-04-0175-0000000712,6100000,0.8824,"15%, 10%, 15%, 20%, 15%, 15%, 10%","تم السداد 915,000.00",غير مستحقة,غير مستحقة,غير مستحقة,غير مستحقة,غير مستحقة,غير مستحقة,0,915000,بنك مصر,12/05/2026,0.8824,RA-2026-0304,16/6/2026
دعاء سليمان محمود عبدالهادي,9990000000057,899,02-04-0175-0000000899,3912500,0.8881,"15%, 15%, 15%, 15%, 15%, 15%, 10%","تم السداد 586,875.00","تم السداد 586,875.00","تم السداد 586,875.00","تم السداد 586,875.00","586,875.00",غير مستحقة,غير مستحقة,586875,2347500,بنك مصر,15/06/2025,0.8881,RA-2025-0305,29/6/2025
محمد محمود خالد الإسكندراني,9990000000412,764,02-04-0175-0000000764,6050000,0.8466,"20%, 15%, 15%, 15%, 15%, 10%, 10%","تم السداد 1,210,000.00","تم السداد 907,500.00","907,500.00",غير مستحقة,غير مستحقة,غير مستحقة,غير مستحقة,907500,2117500,إي جي بنك (EGBANK),21/09/2025,0.8466,RA-2025-0306,21/10/2025
سامح ناجي حسام خليل,9990000000014,522,02-04-0175-0000000522,6125000,0.9824,"10%, 15%, 15%, 20%, 15%, 15%, 10%","تم السداد 612,500.00","918,750.00",غير مستحقة,غير مستحقة,غير مستحقة,غير مستحقة,غير مستحقة,918750,612500,إي جي بنك (EGBANK),07/03/2026,0.9824,RA-2026-0307,30/3/2026
نورا حسن علي حبيب,9990000000107,547,02-04-0175-0000000547,5992500,0.838,"15%, 15%, 15%, 15%, 15%, 15%, 10%","تم السداد 898,875.00",غير مستحقة,غير مستحقة,غير مستحقة,غير مستحقة,غير مستحقة,غير مستحقة,0,898875,بنك القاهرة,23/04/2026,0.838,RA-2026-0308,21/5/2026
محمد حمدي صلاح شاكر,9990000000388,755,02-04-0175-0000000755,6400000,0.9795,"20%, 15%, 15%, 15%, 15%, 10%, 10%","تم السداد 1,280,000.00","تم السداد 960,000.00","تم السداد 960,000.00",غير مستحقة,غير مستحقة,غير مستحقة,غير مستحقة,0,3200000,بنك مصر,17/04/2025,0.9795,RA-2025-0309,4/5/2025
جورج خالد مجدي البنا,9990000000307,585,02-04-0175-0000000585,4322500,0.8665,"10%, 15%, 15%, 20%, 15%, 15%, 10%","تم السداد 432,250.00","تم السداد 648,375.00","تم السداد 648,375.00",غير مستحقة,غير مستحقة,غير مستحقة,غير مستحقة,0,1729000,بنك مصر,17/08/2025,0.8665,RA-2025-0310,11/9/2025
علاء خالد صبري النحاس,9990000000021,926,02-04-0175-0000000926,4492500,0.9716,"15%, 10%, 15%, 20%, 15%, 15%, 10%","تم السداد 673,875.00","تم السداد 449,250.00","تم السداد 673,875.00","898,500.00",غير مستحقة,غير مستحقة,غير مستحقة,898500,1797000,بنك مصر,11/07/2025,0.9716,RA-2025-0311,7/8/2025
هاني عادل فتحي الشرقاوي,9990000000261,527,02-04-0175-0000000527,6525000,0.8832,"10%, 15%, 15%, 20%, 15%, 15%, 10%","تم السداد 652,500.00","تم السداد 978,750.00","تم السداد 978,750.00","تم السداد 1,305,000.00","تم السداد 978,750.00","تم السداد 978,750.00",غير مستحقة,0,5872500,بنك مصر,22/02/2025,0.8832,RA-2025-0312,5/4/2025
نادر رجب طارق لطفي,9990000000143,668,02-04-0175-0000000668,4197500,0.881,"15%, 15%, 15%, 15%, 15%, 15%, 10%","تم السداد 629,625.00",غير مستحقة,غير مستحقة,غير مستحقة,غير مستحقة,غير مستحقة,غير مستحقة,0,629625,بنك مصر,11/05/2026,0.881,RA-2026-0313,18/5/2026
حسين رمضان عادل أمين,9990000000346,848,02-04-0175-0000000848,4062500,0.8751,"15%, 15%, 15%, 15%, 15%, 15%, 10%","تم السداد 609,375.00","تم السداد 609,375.00","تم السداد 609,375.00",غير مستحقة,غير مستحقة,غير مستحقة,غير مستحقة,0,1828125,بنك القاهرة,20/09/2025,0.8751,RA-2025-0314,12/10/2025
علي فؤاد حسن خليل,9990000000191,546,02-04-0175-0000000546,6467500,0.9734,"10%, 15%, 15%, 20%, 15%, 15%, 10%","تم السداد 646,750.00","تم السداد 970,125.00","تم السداد 970,125.00",غير مستحقة,غير مستحقة,غير مستحقة,غير مستحقة,0,2587000,إي جي بنك (EGBANK),10/08/2025,0.9734,RA-2025-0315,12/9/2025
هشام إبراهيم عبدالرحمن مراد,9990000000062,837,02-04-0175-0000000837,6672500,0.8419,"15%, 10%, 15%, 20%, 15%, 15%, 10%","تم السداد 1,000,875.00","تم السداد 667,250.00","تم السداد 1,000,875.00",غير مستحقة,غير مستحقة,غير مستحقة,غير مستحقة,0,2669000,بنك مصر,21/08/2025,0.8419,RA-2025-0316,16/9/2025
نادر مصطفى حسن حجازي,9990000000297,553,02-04-0175-0000000553,3757500,0.9748,"20%, 15%, 15%, 15%, 15%, 10%, 10%","تم السداد 751,500.00","تم السداد 563,625.00",غير مستحقة,غير مستحقة,غير مستحقة,غير مستحقة,غير مستحقة,0,1315125,كريدي أجريكول مصر,02/01/2026,0.9748,RA-2026-0317,12/2/2026
شادي شوقي رمضان الشربيني,9990000000268,505,02-04-0175-0000000505,4337500,0.9754,"15%, 10%, 15%, 20%, 15%, 15%, 10%","تم السداد 650,625.00",غير مستحقة,غير مستحقة,غير مستحقة,غير مستحقة,غير مستحقة,غير مستحقة,0,650625,بنك مصر,23/11/2025,0.9754,RA-2025-0318,14/12/2025
مارينا علي فتحي عبدالحميد,9990000000427,901,02-04-0175-0000000901,5822500,0.9581,"10%, 15%, 15%, 20%, 15%, 15%, 10%","تم السداد 582,250.00","تم السداد 873,375.00","تم السداد 873,375.00",غير مستحقة,غير مستحقة,غير مستحقة,غير مستحقة,0,2329000,بنك مصر,13/09/2025,0.9581,RA-2025-0319,6/10/2025
معتز صلاح محمود عوض,9990000000090,542,02-04-0175-0000000542,6662500,0.8421,"15%, 15%, 15%, 15%, 15%, 15%, 10%","تم السداد 999,375.00","تم السداد 999,375.00","تم السداد 999,375.00","تم السداد 999,375.00",غير مستحقة,غير مستحقة,غير مستحقة,0,3997500,إي جي بنك (EGBANK),29/08/2025,0.8421,RA-2025-0320,18/9/2025
مي أحمد فتحي لطفي,9990000000258,517,02-04-0175-0000000517,3342500,0.9516,"20%, 15%, 15%, 15%, 15%, 10%, 10%","تم السداد 668,500.00","تم السداد 501,375.00","تم السداد 501,375.00","تم السداد 501,375.00",غير مستحقة,غير مستحقة,غير مستحقة,0,2172625,البنك التجاري الدولي (CIB),03/07/2025,0.9516,RA-2025-0321,31/7/2025
طارق حمدي أحمد القناوي,9990000000060,789,02-04-0175-0000000789,6592500,0.9735,"15%, 10%, 15%, 20%, 15%, 15%, 10%","تم السداد 988,875.00","تم السداد 659,250.00","تم السداد 988,875.00","تم السداد 1,318,500.00",غير مستحقة,غير مستحقة,غير مستحقة,0,3955500,بنك مصر,29/06/2025,0.9735,RA-2025-0322,17/7/2025
ماجد كمال أحمد لطفي,9990000000244,530,02-04-0175-0000000530,5662500,0.9014,"10%, 15%, 15%, 20%, 15%, 15%, 10%","تم السداد 566,250.00","تم السداد 849,375.00","تم السداد 849,375.00","تم السداد 1,132,500.00","تم السداد 849,375.00","849,375.00",غير مستحقة,849375,4246875,بنك مصر,15/01/2025,0.9014,RA-2025-0323,13/2/2025
آية عبدالله إسماعيل عبداللطيف,9990000000247,632,02-04-0175-0000000632,5722500,0.9394,"15%, 15%, 15%, 15%, 15%, 15%, 10%","تم السداد 858,375.00","تم السداد 858,375.00","تم السداد 858,375.00",غير مستحقة,غير مستحقة,غير مستحقة,غير مستحقة,0,2575125,بنك مصر,16/11/2025,0.9394,RA-2025-0324,4/12/2025
عمر شوقي جمال منصور,9990000000027,775,02-04-0175-0000000775,5767500,0.8394,"20%, 15%, 15%, 15%, 15%, 10%, 10%","تم السداد 1,153,500.00","تم السداد 865,125.00","تم السداد 865,125.00","تم السداد 865,125.00",غير مستحقة,غير مستحقة,غير مستحقة,0,3748875,بنك مصر,19/06/2025,0.8394,RA-2025-0325,8/7/2025
بيشوي حسن عبدالرحمن الشربيني,9990000000105,597,02-04-0175-0000000597,6757500,0.8725,"15%, 10%, 15%, 20%, 15%, 15%, 10%","تم السداد 1,013,625.00","675,750.00",غير مستحقة,غير مستحقة,غير مستحقة,غير مستحقة,غير مستحقة,675750,1013625,بنك مصر,30/04/2026,0.8725,RA-2026-0326,23/5/2026
إسلام محمد كمال خليل,9990000000348,806,02-04-0175-0000000806,6197500,0.9139,"10%, 15%, 15%, 20%, 15%, 15%, 10%","تم السداد 619,750.00","تم السداد 929,625.00","تم السداد 929,625.00","تم السداد 1,239,500.00","تم السداد 929,625.00","929,625.00",غير مستحقة,929625,4648125,بنك القاهرة,03/02/2025,0.9139,RA-2025-0327,6/3/2025
أدهم سعيد رجب خليل,9990000000074,643,02-04-0175-0000000643,5025000,0.898,"10%, 15%, 15%, 20%, 15%, 15%, 10%","تم السداد 502,500.00","تم السداد 753,750.00",غير مستحقة,غير مستحقة,غير مستحقة,غير مستحقة,غير مستحقة,0,1256250,بنك مصر,19/03/2026,0.898,RA-2026-0328,5/4/2026
هاني مجدي أمين الدسوقي,9990000000011,906,02-04-0175-0000000906,3400000,0.8759,"15%, 10%, 15%, 20%, 15%, 15%, 10%","تم السداد 510,000.00","تم السداد 340,000.00","تم السداد 510,000.00","تم السداد 680,000.00",غير مستحقة,غير مستحقة,غير مستحقة,0,2040000,بنك مصر,13/05/2025,0.8759,RA-2025-0329,2/6/2025
عمرو فتحي محمود البدري,9990000000292,606,02-04-0175-0000000606,6132500,0.9744,"10%, 15%, 15%, 20%, 15%, 15%, 10%","تم السداد 613,250.00","تم السداد 919,875.00","تم السداد 919,875.00","1,226,500.00",غير مستحقة,غير مستحقة,غير مستحقة,1226500,2453000,بنك القاهرة,21/11/2025,0.9744,RA-2025-0330,17/12/2025
إسراء أمين فؤاد فوزي,9990000000312,955,02-04-0175-0000000955,5647500,0.9684,"15%, 10%, 15%, 20%, 15%, 15%, 10%","تم السداد 847,125.00","تم السداد 564,750.00","847,125.00",غير مستحقة,غير مستحقة,غير مستحقة,غير مستحقة,847125,1411875,بنك القاهرة,30/10/2025,0.9684,RA-2025-0331,15/11/2025
فاطمة ناجي إسماعيل لطفي,9990000000330,737,02-04-0175-0000000737,5832500,0.8909,"15%, 10%, 15%, 20%, 15%, 15%, 10%","تم السداد 874,875.00","583,250.00",غير مستحقة,غير مستحقة,غير مستحقة,غير مستحقة,غير مستحقة,583250,874875,بنك القاهرة,05/07/2026,0.8909,RA-2026-0332,3/8/2026
كريم فتحي أمين صبري,9990000000315,874,02-04-0175-0000000874,4062500,0.9101,"10%, 15%, 15%, 20%, 15%, 15%, 10%","تم السداد 406,250.00","تم السداد 609,375.00","تم السداد 609,375.00","تم السداد 812,500.00","تم السداد 609,375.00",غير مستحقة,غير مستحقة,0,3046875,بنك مصر,19/02/2025,0.9101,RA-2025-0333,9/3/2025
هشام يوسف عادل الرفاعي,9990000000077,703,02-04-0175-0000000703,5212500,0.8846,"20%, 15%, 15%, 15%, 15%, 10%, 10%","تم السداد 1,042,500.00","781,875.00",غير مستحقة,غير مستحقة,غير مستحقة,غير مستحقة,غير مستحقة,781875,1042500,QNB مصر,29/04/2026,0.8846,RA-2026-0334,7/6/2026
أشرف إسماعيل شوقي صادق,9990000000181,853,02-04-0175-0000000853,5512500,0.9702,"15%, 10%, 15%, 20%, 15%, 15%, 10%","تم السداد 826,875.00","تم السداد 551,250.00","تم السداد 826,875.00","تم السداد 1,102,500.00","تم السداد 826,875.00","تم السداد 826,875.00",غير مستحقة,0,4961250,البنك التجاري الدولي (CIB),14/02/2025,0.9702,RA-2025-0335,12/3/2025
شيماء أحمد خالد العطار,9990000000345,930,02-04-0175-0000000930,6775000,0.953,"15%, 15%, 15%, 15%, 15%, 15%, 10%","تم السداد 1,016,250.00","تم السداد 1,016,250.00","تم السداد 1,016,250.00",غير مستحقة,غير مستحقة,غير مستحقة,غير مستحقة,0,3048750,بنك القاهرة,26/12/2025,0.953,RA-2025-0336,19/1/2026
ياسمين فتحي عادل عبدالحميد,9990000000116,954,02-04-0175-0000000954,4625000,0.861,"10%, 15%, 15%, 20%, 15%, 15%, 10%","تم السداد 462,500.00",غير مستحقة,غير مستحقة,غير مستحقة,غير مستحقة,غير مستحقة,غير مستحقة,0,462500,QNB مصر,07/04/2026,0.861,RA-2026-0337,23/4/2026
عمر سمير يوسف الشربيني,9990000000425,730,02-04-0175-0000000730,5212500,0.9039,"15%, 10%, 15%, 20%, 15%, 15%, 10%","تم السداد 781,875.00",غير مستحقة,غير مستحقة,غير مستحقة,غير مستحقة,غير مستحقة,غير مستحقة,0,781875,بنك مصر,21/02/2026,0.9039,RA-2026-0338,4/3/2026
فادي ناجي طارق داود,9990000000447,525,02-04-0175-0000000525,5142500,0.8537,"20%, 15%, 15%, 15%, 15%, 10%, 10%","تم السداد 1,028,500.00",غير مستحقة,غير مستحقة,غير مستحقة,غير مستحقة,غير مستحقة,غير مستحقة,0,1028500,بنك مصر,19/04/2026,0.8537,RA-2026-0339,30/4/2026
مجدي أحمد مصطفى السوهاجي,9990000000331,579,02-04-0175-0000000579,4687500,0.9358,"20%, 15%, 15%, 15%, 15%, 10%, 10%","تم السداد 937,500.00","تم السداد 703,125.00","تم السداد 703,125.00","تم السداد 703,125.00","تم السداد 703,125.00","تم السداد 468,750.00","468,750.00",468750,4218750,بنك مصر,25/03/2025,0.9358,RA-2025-0340,6/4/2025
علاء سليمان سمير البدري,9990000000324,744,02-04-0175-0000000744,5067500,0.908,"20%, 15%, 15%, 15%, 15%, 10%, 10%","تم السداد 1,013,500.00","تم السداد 760,125.00",غير مستحقة,غير مستحقة,غير مستحقة,غير مستحقة,غير مستحقة,0,1773625,بنك القاهرة,09/02/2026,0.908,RA-2026-0341,23/2/2026
حسن إسماعيل إبراهيم العطار,9990000000073,594,02-04-0175-0000000594,6347500,0.9298,"10%, 15%, 15%, 20%, 15%, 15%, 10%","تم السداد 634,750.00","تم السداد 952,125.00","تم السداد 952,125.00",غير مستحقة,غير مستحقة,غير مستحقة,غير مستحقة,0,2539000,بنك مصر,18/07/2025,0.9298,RA-2025-0342,8/8/2025
علي طارق ناجي السيد,9990000000189,596,02-04-0175-0000000596,6572500,0.9476,"10%, 15%, 15%, 20%, 15%, 15%, 10%","تم السداد 657,250.00",غير مستحقة,غير مستحقة,غير مستحقة,غير مستحقة,غير مستحقة,غير مستحقة,0,657250,بنك القاهرة,09/02/2026,0.9476,RA-2026-0343,12/3/2026
سامح كمال علي شحاتة,9990000000443,828,02-04-0175-0000000828,6175000,0.9064,"15%, 10%, 15%, 20%, 15%, 15%, 10%","تم السداد 926,250.00","تم السداد 617,500.00","تم السداد 926,250.00","تم السداد 1,235,000.00",غير مستحقة,غير مستحقة,غير مستحقة,0,3705000,بنك مصر,30/05/2025,0.9064,RA-2025-0344,26/6/2025
عبدالرحمن إسماعيل رجب القناوي,9990000000069,897,02-04-0175-0000000897,4657500,0.8372,"20%, 15%, 15%, 15%, 15%, 10%, 10%","تم السداد 931,500.00","تم السداد 698,625.00",غير مستحقة,غير مستحقة,غير مستحقة,غير مستحقة,غير مستحقة,0,1630125,بنك مصر,06/11/2025,0.8372,RA-2025-0345,1/12/2025
مينا رجب علي المرسي,9990000000200,664,02-04-0175-0000000664,4872500,0.9693,"10%, 15%, 15%, 20%, 15%, 15%, 10%","تم السداد 487,250.00",غير مستحقة,غير مستحقة,غير مستحقة,غير مستحقة,غير مستحقة,غير مستحقة,0,487250,بنك القاهرة,30/11/2025,0.9693,RA-2025-0346,22/12/2025
فادي أحمد يوسف رفعت,9990000000067,529,02-04-0175-0000000529,5017500,0.8616,"15%, 15%, 15%, 15%, 15%, 15%, 10%","تم السداد 752,625.00",غير مستحقة,غير مستحقة,غير مستحقة,غير مستحقة,غير مستحقة,غير مستحقة,0,752625,بنك القاهرة,27/05/2026,0.8616,RA-2026-0347,28/6/2026
نورا شوقي رجب الدسوقي,9990000000402,635,02-04-0175-0000000635,6472500,0.9816,"15%, 10%, 15%, 20%, 15%, 15%, 10%","تم السداد 970,875.00",غير مستحقة,غير مستحقة,غير مستحقة,غير مستحقة,غير مستحقة,غير مستحقة,0,970875,بنك مصر,03/07/2026,0.9816,RA-2026-0348,19/7/2026
شادي فاروق سعيد الشربيني,9990000000196,847,02-04-0175-0000000847,4150000,0.9872,"20%, 15%, 15%, 15%, 15%, 10%, 10%","تم السداد 830,000.00","تم السداد 622,500.00",غير مستحقة,غير مستحقة,غير مستحقة,غير مستحقة,غير مستحقة,0,1452500,QNB مصر,01/02/2026,0.9872,RA-2026-0349,16/2/2026
أحمد سليمان حسن فهمي,9990000000201,893,02-04-0175-0000000893,6425000,0.8609,"15%, 10%, 15%, 20%, 15%, 15%, 10%","تم السداد 963,750.00","642,500.00",غير مستحقة,غير مستحقة,غير مستحقة,غير مستحقة,غير مستحقة,642500,963750,بنك القاهرة,25/01/2026,0.8609,RA-2026-0350,18/2/2026
مصطفى أمين سعيد شحاتة,9990000000125,622,02-04-0175-0000000622,4287500,0.9239,"15%, 15%, 15%, 15%, 15%, 15%, 10%","تم السداد 643,125.00",غير مستحقة,غير مستحقة,غير مستحقة,غير مستحقة,غير مستحقة,غير مستحقة,0,643125,البنك العربي الأفريقي الدولي,03/02/2026,0.9239,RA-2026-0351,12/3/2026
جورج أحمد حمدي النحاس,9990000000185,719,02-04-0175-0000000719,3297500,0.9517,"15%, 10%, 15%, 20%, 15%, 15%, 10%","تم السداد 494,625.00",غير مستحقة,غير مستحقة,غير مستحقة,غير مستحقة,غير مستحقة,غير مستحقة,0,494625,QNB مصر,20/01/2026,0.9517,RA-2026-0352,28/2/2026
مجدي سعيد حسام البدري,9990000000053,809,02-04-0175-0000000809,6547500,0.8492,"15%, 10%, 15%, 20%, 15%, 15%, 10%","تم السداد 982,125.00","تم السداد 654,750.00","تم السداد 982,125.00","تم السداد 1,309,500.00","تم السداد 982,125.00",غير مستحقة,غير مستحقة,0,4910625,بنك مصر,20/03/2025,0.8492,RA-2025-0353,27/4/2025
شادي إسماعيل حسين عبدالفتاح,9990000000438,580,02-04-0175-0000000580,5432500,0.9494,"15%, 15%, 15%, 15%, 15%, 15%, 10%","تم السداد 814,875.00","تم السداد 814,875.00","تم السداد 814,875.00","تم السداد 814,875.00","تم السداد 814,875.00",غير مستحقة,غير مستحقة,0,4074375,بنك مصر,14/01/2025,0.9494,RA-2025-0354,13/2/2025
رنا سمير فاروق العطار,9990000000065,586,02-04-0175-0000000586,4067500,0.9366,"15%, 15%, 15%, 15%, 15%, 15%, 10%","تم السداد 610,125.00","تم السداد 610,125.00","تم السداد 610,125.00","تم السداد 610,125.00","تم السداد 610,125.00","تم السداد 610,125.00",غير مستحقة,0,3660750,بنك مصر,23/01/2025,0.9366,RA-2025-0355,19/2/2025
فادي إسماعيل علي الدمرداش,9990000000430,785,02-04-0175-0000000785,5125000,0.9344,"20%, 15%, 15%, 15%, 15%, 10%, 10%","تم السداد 1,025,000.00","تم السداد 768,750.00","تم السداد 768,750.00","تم السداد 768,750.00","تم السداد 768,750.00","تم السداد 512,500.00","512,500.00",512500,4612500,بنك مصر,25/03/2025,0.9344,RA-2025-0356,23/4/2025
هشام سعيد مصطفى عبدالمجيد,9990000000267,568,02-04-0175-0000000568,5625000,0.9656,"20%, 15%, 15%, 15%, 15%, 10%, 10%","تم السداد 1,125,000.00",غير مستحقة,غير مستحقة,غير مستحقة,غير مستحقة,غير مستحقة,غير مستحقة,0,1125000,بنك القاهرة,03/05/2026,0.9656,RA-2026-0357,20/5/2026
رامي سعيد ناجي عبدالهادي,9990000000097,589,02-04-0175-0000000589,4537500,0.8435,"15%, 15%, 15%, 15%, 15%, 15%, 10%","تم السداد 680,625.00",غير مستحقة,غير مستحقة,غير مستحقة,غير مستحقة,غير مستحقة,غير مستحقة,0,680625,بنك مصر,16/06/2026,0.8435,RA-2026-0358,17/7/2026
أشرف ناجي صلاح مراد,9990000000250,655,02-04-0175-0000000655,4125000,0.9095,"15%, 15%, 15%, 15%, 15%, 15%, 10%","تم السداد 618,750.00","تم السداد 618,750.00","618,750.00",غير مستحقة,غير مستحقة,غير مستحقة,غير مستحقة,618750,1237500,QNB مصر,06/11/2025,0.9095,RA-2025-0359,10/12/2025
فاطمة حمدي جمال عبداللطيف,9990000000441,531,02-04-0175-0000000531,3207500,0.9197,"15%, 10%, 15%, 20%, 15%, 15%, 10%","تم السداد 481,125.00",غير مستحقة,غير مستحقة,غير مستحقة,غير مستحقة,غير مستحقة,غير مستحقة,0,481125,بنك مصر,27/03/2026,0.9197,RA-2026-0360,8/4/2026
علاء سعيد محمود سليمان,9990000000202,659,02-04-0175-0000000659,3432500,0.9759,"20%, 15%, 15%, 15%, 15%, 10%, 10%","تم السداد 686,500.00","تم السداد 514,875.00",غير مستحقة,غير مستحقة,غير مستحقة,غير مستحقة,غير مستحقة,0,1201375,بنك مصر,31/10/2025,0.9759,RA-2025-0361,14/11/2025
معتز عبدالله رمضان الدمرداش,9990000000106,626,02-04-0175-0000000626,6282500,0.8634,"10%, 15%, 15%, 20%, 15%, 15%, 10%","تم السداد 628,250.00","تم السداد 942,375.00","تم السداد 942,375.00",غير مستحقة,غير مستحقة,غير مستحقة,غير مستحقة,0,2513000,QNB مصر,10/09/2025,0.8634,RA-2025-0362,9/10/2025
إسراء حمدي علي المرسي,9990000000100,760,02-04-0175-0000000760,6147500,0.8953,"10%, 15%, 15%, 20%, 15%, 15%, 10%","تم السداد 614,750.00","تم السداد 922,125.00",غير مستحقة,غير مستحقة,غير مستحقة,غير مستحقة,غير مستحقة,0,1536875,بنك القاهرة,18/11/2025,0.8953,RA-2025-0363,3/1/2026
حسين عادل شوقي الدمرداش,9990000000363,918,02-04-0175-0000000918,5272500,0.9476,"15%, 15%, 15%, 15%, 15%, 15%, 10%","تم السداد 790,875.00","790,875.00",غير مستحقة,غير مستحقة,غير مستحقة,غير مستحقة,غير مستحقة,790875,790875,بنك مصر,30/03/2026,0.9476,RA-2026-0364,9/5/2026
محمود محمود أمين المصري,9990000000294,904,02-04-0175-0000000904,5362500,0.9857,"20%, 15%, 15%, 15%, 15%, 10%, 10%","تم السداد 1,072,500.00","تم السداد 804,375.00","تم السداد 804,375.00",غير مستحقة,غير مستحقة,غير مستحقة,غير مستحقة,0,2681250,كاش,02/06/2025,0.9857,RA-2025-0365,26/6/2025
أدهم حسين صبري منصور,9990000000314,651,02-04-0175-0000000651,6472500,0.864,"20%, 15%, 15%, 15%, 15%, 10%, 10%","تم السداد 1,294,500.00","تم السداد 970,875.00","تم السداد 970,875.00","تم السداد 970,875.00","تم السداد 970,875.00","647,250.00",غير مستحقة,647250,5178000,بنك مصر,22/02/2025,0.864,RA-2025-0366,12/3/2025
طارق علي عبدالرحمن السوهاجي,9990000000177,571,02-04-0175-0000000571,6667500,0.8653,"10%, 15%, 15%, 20%, 15%, 15%, 10%","تم السداد 666,750.00","تم السداد 1,000,125.00","تم السداد 1,000,125.00","1,333,500.00",غير مستحقة,غير مستحقة,غير مستحقة,1333500,2667000,بنك مصر,18/11/2025,0.8653,RA-2025-0367,3/12/2025
نور سعيد رمضان الكومي,9990000000313,827,02-04-0175-0000000827,4700000,0.8759,"15%, 10%, 15%, 20%, 15%, 15%, 10%","تم السداد 705,000.00","تم السداد 470,000.00",غير مستحقة,غير مستحقة,غير مستحقة,غير مستحقة,غير مستحقة,0,1175000,بنك القاهرة,06/11/2025,0.8759,RA-2025-0368,15/12/2025
عبدالله طارق جمال البنا,9990000000364,600,02-04-0175-0000000600,4687500,0.9381,"10%, 15%, 15%, 20%, 15%, 15%, 10%","تم السداد 468,750.00","تم السداد 703,125.00","تم السداد 703,125.00","تم السداد 937,500.00",غير مستحقة,غير مستحقة,غير مستحقة,0,2812500,إي جي بنك (EGBANK),22/04/2025,0.9381,RA-2025-0369,1/6/2025
هاني يوسف سعيد حبيب,9990000000015,860,02-04-0175-0000000860,6172500,0.8772,"15%, 15%, 15%, 15%, 15%, 15%, 10%","تم السداد 925,875.00",غير مستحقة,غير مستحقة,غير مستحقة,غير مستحقة,غير مستحقة,غير مستحقة,0,925875,بنك القاهرة,18/04/2026,0.8772,RA-2026-0370,28/5/2026
تامر إبراهيم شوقي عبدالفتاح,9990000000088,503,02-04-0175-0000000503,5887500,0.8642,"10%, 15%, 15%, 20%, 15%, 15%, 10%","تم السداد 588,750.00","883,125.00",غير مستحقة,غير مستحقة,غير مستحقة,غير مستحقة,غير مستحقة,883125,588750,بنك مصر,01/07/2026,0.8642,RA-2026-0371,23/7/2026
جورج كمال علي مراد,9990000000086,778,02-04-0175-0000000778,5847500,0.9692,"15%, 15%, 15%, 15%, 15%, 15%, 10%","تم السداد 877,125.00","877,125.00",غير مستحقة,غير مستحقة,غير مستحقة,غير مستحقة,غير مستحقة,877125,877125,بنك مصر,26/02/2026,0.9692,RA-2026-0372,8/4/2026
مروان حسام صبري الدمرداش,9990000000040,557,02-04-0175-0000000557,4112500,0.9892,"15%, 10%, 15%, 20%, 15%, 15%, 10%","تم السداد 616,875.00","تم السداد 411,250.00","تم السداد 616,875.00","تم السداد 822,500.00","تم السداد 616,875.00",غير مستحقة,غير مستحقة,0,3084375,بنك مصر,03/02/2025,0.9892,RA-2025-0373,21/2/2025
علاء صلاح طارق فوزي,9990000000327,826,02-04-0175-0000000826,4832500,0.8846,"15%, 15%, 15%, 15%, 15%, 15%, 10%","تم السداد 724,875.00","تم السداد 724,875.00","تم السداد 724,875.00","تم السداد 724,875.00",غير مستحقة,غير مستحقة,غير مستحقة,0,2899500,بنك مصر,02/04/2025,0.8846,RA-2025-0374,22/4/2025
هدير محمد حسام رفعت,9990000000056,777,02-04-0175-0000000777,6725000,0.9759,"20%, 15%, 15%, 15%, 15%, 10%, 10%","تم السداد 1,345,000.00","1,008,750.00",غير مستحقة,غير مستحقة,غير مستحقة,غير مستحقة,غير مستحقة,1008750,1345000,بنك مصر,01/02/2026,0.9759,RA-2026-0375,19/2/2026
محمود جمال عبدالرحمن الإسكندراني,9990000000140,711,02-04-0175-0000000711,5967500,0.924,"20%, 15%, 15%, 15%, 15%, 10%, 10%","تم السداد 1,193,500.00",غير مستحقة,غير مستحقة,غير مستحقة,غير مستحقة,غير مستحقة,غير مستحقة,0,1193500,البنك العربي الأفريقي الدولي,04/01/2026,0.924,RA-2026-0376,31/1/2026
أيمن شوقي كمال الطنطاوي,9990000000115,671,02-04-0175-0000000671,5000000,0.9592,"15%, 15%, 15%, 15%, 15%, 15%, 10%","تم السداد 750,000.00","تم السداد 750,000.00","تم السداد 750,000.00","تم السداد 750,000.00",غير مستحقة,غير مستحقة,غير مستحقة,0,3000000,بنك مصر,11/06/2025,0.9592,RA-2025-0377,11/7/2025
حسين نبيل كمال البنا,9990000000123,707,02-04-0175-0000000707,3217500,0.9823,"15%, 10%, 15%, 20%, 15%, 15%, 10%","تم السداد 482,625.00","تم السداد 321,750.00",غير مستحقة,غير مستحقة,غير مستحقة,غير مستحقة,غير مستحقة,0,804375,بنك مصر,03/09/2025,0.9823,RA-2025-0378,14/9/2025
ياسين محمود علي الدمرداش,9990000000358,752,02-04-0175-0000000752,6772500,0.9029,"15%, 10%, 15%, 20%, 15%, 15%, 10%","تم السداد 1,015,875.00","تم السداد 677,250.00","تم السداد 1,015,875.00","تم السداد 1,354,500.00","تم السداد 1,015,875.00","تم السداد 1,015,875.00","677,250.00",677250,6095250,بنك مصر,16/02/2025,0.9029,RA-2025-0379,11/3/2025
أشرف محمد حمدي المصري,9990000000030,623,02-04-0175-0000000623,4925000,0.8513,"20%, 15%, 15%, 15%, 15%, 10%, 10%","تم السداد 985,000.00","تم السداد 738,750.00","تم السداد 738,750.00","تم السداد 738,750.00","738,750.00",غير مستحقة,غير مستحقة,738750,3201250,بنك مصر,26/05/2025,0.8513,RA-2025-0380,12/6/2025
إيمان إسماعيل حسين السيد,9990000000305,532,02-04-0175-0000000532,4217500,0.8795,"15%, 15%, 15%, 15%, 15%, 15%, 10%","تم السداد 632,625.00","تم السداد 632,625.00","تم السداد 632,625.00","تم السداد 632,625.00","تم السداد 632,625.00",غير مستحقة,غير مستحقة,0,3163125,بنك القاهرة,14/03/2025,0.8795,RA-2025-0381,18/4/2025
شريف رجب عبدالرحمن السيد,9990000000208,840,02-04-0175-0000000840,4517500,0.9215,"10%, 15%, 15%, 20%, 15%, 15%, 10%","تم السداد 451,750.00","677,625.00",غير مستحقة,غير مستحقة,غير مستحقة,غير مستحقة,غير مستحقة,677625,451750,بنك مصر,15/03/2026,0.9215,RA-2026-0382,14/4/2026
مريم رجب عادل الشرقاوي,9990000000371,611,02-04-0175-0000000611,4537500,0.9337,"15%, 15%, 15%, 15%, 15%, 15%, 10%","تم السداد 680,625.00","تم السداد 680,625.00","680,625.00",غير مستحقة,غير مستحقة,غير مستحقة,غير مستحقة,680625,1361250,بنك مصر,18/10/2025,0.9337,RA-2025-0383,10/11/2025
فرح عبدالرحمن عبدالله العطار,9990000000341,512,02-04-0175-0000000512,3437500,0.9813,"10%, 15%, 15%, 20%, 15%, 15%, 10%","تم السداد 343,750.00","تم السداد 515,625.00","تم السداد 515,625.00",غير مستحقة,غير مستحقة,غير مستحقة,غير مستحقة,0,1375000,بنك مصر,13/09/2025,0.9813,RA-2025-0384,9/10/2025
شادي رجب علي عبدالمجيد,9990000000343,696,02-04-0175-0000000696,6857500,0.9864,"15%, 10%, 15%, 20%, 15%, 15%, 10%","تم السداد 1,028,625.00",غير مستحقة,غير مستحقة,غير مستحقة,غير مستحقة,غير مستحقة,غير مستحقة,0,1028625,بنك مصر,20/10/2025,0.9864,RA-2025-0385,10/11/2025
حازم يوسف عبدالله عبدالرازق,9990000000228,891,02-04-0175-0000000891,3762500,0.921,"20%, 15%, 15%, 15%, 15%, 10%, 10%","تم السداد 752,500.00",غير مستحقة,غير مستحقة,غير مستحقة,غير مستحقة,غير مستحقة,غير مستحقة,0,752500,بنك مصر,12/05/2026,0.921,RA-2026-0386,7/6/2026
حازم سليمان حسام بدوي,9990000000198,575,02-04-0175-0000000575,3482500,0.979,"20%, 15%, 15%, 15%, 15%, 10%, 10%","تم السداد 696,500.00",غير مستحقة,غير مستحقة,غير مستحقة,غير مستحقة,غير مستحقة,غير مستحقة,0,696500,بنك القاهرة,26/05/2026,0.979,RA-2026-0387,13/6/2026
آية أحمد يوسف المصري,9990000000335,644,02-04-0175-0000000644,4197500,0.8537,"15%, 15%, 15%, 15%, 15%, 15%, 10%","تم السداد 629,625.00","تم السداد 629,625.00","629,625.00",غير مستحقة,غير مستحقة,غير مستحقة,غير مستحقة,629625,1259250,بنك مصر,11/08/2025,0.8537,RA-2025-0388,7/9/2025
باسم مجدي فاروق عبدالهادي,9990000000153,800,02-04-0175-0000000800,4622500,0.9567,"15%, 10%, 15%, 20%, 15%, 15%, 10%","تم السداد 693,375.00","تم السداد 462,250.00","تم السداد 693,375.00","تم السداد 924,500.00","تم السداد 693,375.00","693,375.00",غير مستحقة,693375,3466875,بنك مصر,18/01/2025,0.9567,RA-2025-0389,2/2/2025
رامز أمين فاروق داود,9990000000350,743,02-04-0175-0000000743,4882500,0.9297,"20%, 15%, 15%, 15%, 15%, 10%, 10%","تم السداد 976,500.00","تم السداد 732,375.00","تم السداد 732,375.00",غير مستحقة,غير مستحقة,غير مستحقة,غير مستحقة,0,2441250,بنك مصر,12/12/2025,0.9297,RA-2025-0390,18/1/2026
كريم محمد أمين بدوي,9990000000131,619,02-04-0175-0000000619,4612500,0.9713,"15%, 15%, 15%, 15%, 15%, 15%, 10%","تم السداد 691,875.00","تم السداد 691,875.00","تم السداد 691,875.00","تم السداد 691,875.00","691,875.00",غير مستحقة,غير مستحقة,691875,2767500,بنك مصر,05/02/2025,0.9713,RA-2025-0391,9/3/2025
بيشوي حسن أمين صادق,9990000000093,823,02-04-0175-0000000823,4137500,0.8628,"20%, 15%, 15%, 15%, 15%, 10%, 10%","تم السداد 827,500.00","620,625.00",غير مستحقة,غير مستحقة,غير مستحقة,غير مستحقة,غير مستحقة,620625,827500,بنك مصر,26/02/2026,0.8628,RA-2026-0392,3/4/2026
هشام كمال محمد صبري,9990000000084,870,02-04-0175-0000000870,3317500,0.8374,"15%, 10%, 15%, 20%, 15%, 15%, 10%","تم السداد 497,625.00",غير مستحقة,غير مستحقة,غير مستحقة,غير مستحقة,غير مستحقة,غير مستحقة,0,497625,بنك مصر,10/07/2026,0.8374,RA-2026-0393,25/7/2026
مجدي حسين علي النجار,9990000000254,751,02-04-0175-0000000751,3207500,0.9201,"10%, 15%, 15%, 20%, 15%, 15%, 10%","تم السداد 320,750.00",غير مستحقة,غير مستحقة,غير مستحقة,غير مستحقة,غير مستحقة,غير مستحقة,0,320750,بنك مصر,13/01/2026,0.9201,RA-2026-0394,15/2/2026
ياسين أحمد طارق حجازي,9990000000004,877,02-04-0175-0000000877,4612500,0.9027,"15%, 10%, 15%, 20%, 15%, 15%, 10%","تم السداد 691,875.00","تم السداد 461,250.00","تم السداد 691,875.00","تم السداد 922,500.00","تم السداد 691,875.00",غير مستحقة,غير مستحقة,0,3459375,إي جي بنك (EGBANK),02/03/2025,0.9027,RA-2025-0395,20/3/2025
مروان جمال عبدالله الحداد,9990000000275,578,02-04-0175-0000000578,5175000,0.8841,"10%, 15%, 15%, 20%, 15%, 15%, 10%","تم السداد 517,500.00","تم السداد 776,250.00","تم السداد 776,250.00","تم السداد 1,035,000.00",غير مستحقة,غير مستحقة,غير مستحقة,0,3105000,بنك مصر,12/05/2025,0.8841,RA-2025-0396,30/5/2025
وليد ناجي يوسف منصور,9990000000104,583,02-04-0175-0000000583,5617500,0.9718,"20%, 15%, 15%, 15%, 15%, 10%, 10%","تم السداد 1,123,500.00","842,625.00",غير مستحقة,غير مستحقة,غير مستحقة,غير مستحقة,غير مستحقة,842625,1123500,بنك مصر,14/07/2026,0.9718,RA-2026-0397,31/7/2026
وليد حسام عبدالله النحاس,9990000000173,741,02-04-0175-0000000741,6150000,0.8921,"10%, 15%, 15%, 20%, 15%, 15%, 10%","تم السداد 615,000.00","تم السداد 922,500.00","تم السداد 922,500.00","1,230,000.00",غير مستحقة,غير مستحقة,غير مستحقة,1230000,2460000,بنك مصر,24/11/2025,0.8921,RA-2025-0398,26/12/2025
ياسين مجدي أمين النحاس,9990000000205,855,02-04-0175-0000000855,6237500,0.9031,"20%, 15%, 15%, 15%, 15%, 10%, 10%","تم السداد 1,247,500.00","تم السداد 935,625.00","تم السداد 935,625.00","تم السداد 935,625.00","935,625.00",غير مستحقة,غير مستحقة,935625,4054375,بنك مصر,19/03/2025,0.9031,RA-2025-0399,30/4/2025
زياد فاروق حمدي البدري,9990000000282,909,02-04-0175-0000000909,6722500,0.8792,"20%, 15%, 15%, 15%, 15%, 10%, 10%","تم السداد 1,344,500.00","تم السداد 1,008,375.00","تم السداد 1,008,375.00","تم السداد 1,008,375.00","تم السداد 1,008,375.00",غير مستحقة,غير مستحقة,0,5378000,بنك مصر,04/05/2025,0.8792,RA-2025-0400,10/5/2025
باسم صبري سعيد عبدالهادي,9990000000411,669,02-04-0175-0000000669,3297500,0.9679,"15%, 10%, 15%, 20%, 15%, 15%, 10%","تم السداد 494,625.00",غير مستحقة,غير مستحقة,غير مستحقة,غير مستحقة,غير مستحقة,غير مستحقة,0,494625,بنك مصر,29/06/2026,0.9679,RA-2026-0401,20/7/2026
عبدالرحمن حسين كمال الدمرداش,9990000000291,836,02-04-0175-0000000836,4507500,0.917,"15%, 10%, 15%, 20%, 15%, 15%, 10%","تم السداد 676,125.00","تم السداد 450,750.00",غير مستحقة,غير مستحقة,غير مستحقة,غير مستحقة,غير مستحقة,0,1126875,بنك مصر,31/07/2025,0.917,RA-2025-0402,2/9/2025
هشام محمود إسماعيل داود,9990000000385,869,02-04-0175-0000000869,6237500,0.9478,"15%, 15%, 15%, 15%, 15%, 15%, 10%","تم السداد 935,625.00",غير مستحقة,غير مستحقة,غير مستحقة,غير مستحقة,غير مستحقة,غير مستحقة,0,935625,بنك مصر,07/04/2026,0.9478,RA-2026-0403,7/5/2026
حسن فتحي خالد الشربيني,9990000000034,816,02-04-0175-0000000816,3600000,0.9506,"15%, 10%, 15%, 20%, 15%, 15%, 10%","تم السداد 540,000.00","تم السداد 360,000.00","540,000.00",غير مستحقة,غير مستحقة,غير مستحقة,غير مستحقة,540000,900000,بنك مصر,05/11/2025,0.9506,RA-2025-0404,1/12/2025
محمود سمير طارق السيد,9990000000213,617,02-04-0175-0000000617,4157500,0.8579,"20%, 15%, 15%, 15%, 15%, 10%, 10%","تم السداد 831,500.00","تم السداد 623,625.00","تم السداد 623,625.00","تم السداد 623,625.00","تم السداد 623,625.00",غير مستحقة,غير مستحقة,0,3326000,QNB مصر,07/05/2025,0.8579,RA-2025-0405,17/5/2025
مايكل محمود صلاح أمين,9990000000332,922,02-04-0175-0000000922,4957500,0.8645,"10%, 15%, 15%, 20%, 15%, 15%, 10%","تم السداد 495,750.00","تم السداد 743,625.00","تم السداد 743,625.00","تم السداد 991,500.00","تم السداد 743,625.00",غير مستحقة,غير مستحقة,0,3718125,بنك مصر,27/02/2025,0.8645,RA-2025-0406,12/4/2025
شادي جمال يوسف عبدالحليم,9990000000045,616,02-04-0175-0000000616,5182500,0.9254,"20%, 15%, 15%, 15%, 15%, 10%, 10%","تم السداد 1,036,500.00",غير مستحقة,غير مستحقة,غير مستحقة,غير مستحقة,غير مستحقة,غير مستحقة,0,1036500,بنك مصر,15/05/2026,0.9254,RA-2026-0407,23/5/2026
طارق حسين خالد الحداد,9990000000405,661,02-04-0175-0000000661,6847500,0.8351,"10%, 15%, 15%, 20%, 15%, 15%, 10%","تم السداد 684,750.00","تم السداد 1,027,125.00","تم السداد 1,027,125.00","تم السداد 1,369,500.00","تم السداد 1,027,125.00","تم السداد 1,027,125.00",غير مستحقة,0,6162750,بنك مصر,09/02/2025,0.8351,RA-2025-0408,2/3/2025
مارينا صلاح سليمان داود,9990000000237,675,02-04-0175-0000000675,6597500,0.9384,"20%, 15%, 15%, 15%, 15%, 10%, 10%","تم السداد 1,319,500.00",غير مستحقة,غير مستحقة,غير مستحقة,غير مستحقة,غير مستحقة,غير مستحقة,0,1319500,بنك مصر,06/05/2026,0.9384,RA-2026-0409,1/6/2026
علي حمدي شوقي الحداد,9990000000160,888,02-04-0175-0000000888,6647500,0.8926,"15%, 10%, 15%, 20%, 15%, 15%, 10%","تم السداد 997,125.00",غير مستحقة,غير مستحقة,غير مستحقة,غير مستحقة,غير مستحقة,غير مستحقة,0,997125,بنك مصر,12/11/2025,0.8926,RA-2025-0410,1/12/2025
أحمد فتحي حسين عبدالمجيد,9990000000420,824,02-04-0175-0000000824,5375000,0.9887,"20%, 15%, 15%, 15%, 15%, 10%, 10%","تم السداد 1,075,000.00","تم السداد 806,250.00",غير مستحقة,غير مستحقة,غير مستحقة,غير مستحقة,غير مستحقة,0,1881250,بنك مصر,29/10/2025,0.9887,RA-2025-0411,7/11/2025
أسماء حمدي محمود لطفي,9990000000359,747,02-04-0175-0000000747,5900000,0.9289,"15%, 15%, 15%, 15%, 15%, 15%, 10%","تم السداد 885,000.00","885,000.00",غير مستحقة,غير مستحقة,غير مستحقة,غير مستحقة,غير مستحقة,885000,885000,بنك مصر,21/10/2025,0.9289,RA-2025-0412,18/11/2025
رامي نبيل إسماعيل عبدالرازق,9990000000446,584,02-04-0175-0000000584,6862500,0.9354,"15%, 10%, 15%, 20%, 15%, 15%, 10%","تم السداد 1,029,375.00","تم السداد 686,250.00","تم السداد 1,029,375.00","تم السداد 1,372,500.00",غير مستحقة,غير مستحقة,غير مستحقة,0,4117500,بنك مصر,25/02/2025,0.9354,RA-2025-0413,11/3/2025
دينا كمال حسن مبارك,9990000000435,526,02-04-0175-0000000526,3287500,0.8985,"10%, 15%, 15%, 20%, 15%, 15%, 10%","تم السداد 328,750.00","تم السداد 493,125.00","تم السداد 493,125.00","657,500.00",غير مستحقة,غير مستحقة,غير مستحقة,657500,1315000,بنك مصر,01/01/2026,0.8985,RA-2026-0414,28/1/2026
وليد محمود محمد الشرقاوي,9990000000168,540,02-04-0175-0000000540,6612500,0.9121,"15%, 10%, 15%, 20%, 15%, 15%, 10%","تم السداد 991,875.00","661,250.00",غير مستحقة,غير مستحقة,غير مستحقة,غير مستحقة,غير مستحقة,661250,991875,QNB مصر,21/01/2026,0.9121,RA-2026-0415,10/2/2026
أيمن رجب جمال عبداللطيف,9990000000453,866,02-04-0175-0000000866,6732500,0.8742,"10%, 15%, 15%, 20%, 15%, 15%, 10%","تم السداد 673,250.00","تم السداد 1,009,875.00","تم السداد 1,009,875.00",غير مستحقة,غير مستحقة,غير مستحقة,غير مستحقة,0,2693000,بنك مصر,05/12/2025,0.8742,RA-2025-0416,2/1/2026
منة عبدالرحمن ناجي لطفي,9990000000038,654,02-04-0175-0000000654,5357500,0.8921,"15%, 10%, 15%, 20%, 15%, 15%, 10%","تم السداد 803,625.00",غير مستحقة,غير مستحقة,غير مستحقة,غير مستحقة,غير مستحقة,غير مستحقة,0,803625,بنك مصر,26/03/2026,0.8921,RA-2026-0417,21/4/2026
جورج عبدالرحمن ناجي جابر,9990000000144,921,02-04-0175-0000000921,6300000,0.9233,"20%, 15%, 15%, 15%, 15%, 10%, 10%","تم السداد 1,260,000.00","تم السداد 945,000.00","945,000.00",غير مستحقة,غير مستحقة,غير مستحقة,غير مستحقة,945000,2205000,بنك مصر,02/01/2026,0.9233,RA-2026-0418,27/1/2026
إسراء حسن شوقي الدمرداش,9990000000121,766,02-04-0175-0000000766,6367500,0.9219,"10%, 15%, 15%, 20%, 15%, 15%, 10%","تم السداد 636,750.00","تم السداد 955,125.00",غير مستحقة,غير مستحقة,غير مستحقة,غير مستحقة,غير مستحقة,0,1591875,بنك القاهرة,12/03/2026,0.9219,RA-2026-0419,29/3/2026
حسن محمد خالد الدمرداش,9990000000384,849,02-04-0175-0000000849,3947500,0.9608,"15%, 10%, 15%, 20%, 15%, 15%, 10%","تم السداد 592,125.00",غير مستحقة,غير مستحقة,غير مستحقة,غير مستحقة,غير مستحقة,غير مستحقة,0,592125,بنك مصر,17/04/2026,0.9608,RA-2026-0420,16/5/2026
نورا ناجي عبدالرحمن البدري,9990000000306,665,02-04-0175-0000000665,3650000,0.9478,"20%, 15%, 15%, 15%, 15%, 10%, 10%","تم السداد 730,000.00","تم السداد 547,500.00","تم السداد 547,500.00","تم السداد 547,500.00","تم السداد 547,500.00","تم السداد 365,000.00",غير مستحقة,0,3285000,بنك مصر,28/02/2025,0.9478,RA-2025-0421,22/3/2025
عادل حمدي يوسف عبدالرازق,9990000000052,716,02-04-0175-0000000716,2962500,0.8954,"15%, 15%, 15%, 15%, 15%, 15%, 10%","تم السداد 444,375.00",غير مستحقة,غير مستحقة,غير مستحقة,غير مستحقة,غير مستحقة,غير مستحقة,0,444375,بنك مصر,20/03/2026,0.8954,RA-2026-0422,16/4/2026
رامز ناجي مصطفى شحاتة,9990000000029,548,02-04-0175-0000000548,3657500,0.978,"10%, 15%, 15%, 20%, 15%, 15%, 10%","تم السداد 365,750.00","تم السداد 548,625.00","548,625.00",غير مستحقة,غير مستحقة,غير مستحقة,غير مستحقة,548625,914375,بنك القاهرة,25/12/2025,0.978,RA-2025-0423,24/1/2026
رامز طارق شوقي الحداد,9990000000284,667,02-04-0175-0000000667,6812500,0.8793,"20%, 15%, 15%, 15%, 15%, 10%, 10%","تم السداد 1,362,500.00","تم السداد 1,021,875.00",غير مستحقة,غير مستحقة,غير مستحقة,غير مستحقة,غير مستحقة,0,2384375,إي جي بنك (EGBANK),11/03/2026,0.8793,RA-2026-0424,14/4/2026
عمرو نبيل فاروق داود,9990000000167,726,02-04-0175-0000000726,6042500,0.895,"15%, 15%, 15%, 15%, 15%, 15%, 10%","تم السداد 906,375.00","تم السداد 906,375.00","تم السداد 906,375.00","تم السداد 906,375.00","تم السداد 906,375.00","906,375.00",غير مستحقة,906375,4531875,بنك القاهرة,13/02/2025,0.895,RA-2025-0425,28/2/2025
رامي فؤاد عبدالله يونس,9990000000279,670,02-04-0175-0000000670,6200000,0.9742,"10%, 15%, 15%, 20%, 15%, 15%, 10%","تم السداد 620,000.00",غير مستحقة,غير مستحقة,غير مستحقة,غير مستحقة,غير مستحقة,غير مستحقة,0,620000,كاش,11/05/2026,0.9742,RA-2026-0426,16/6/2026
محمود نبيل رمضان القناوي,9990000000058,759,02-04-0175-0000000759,3342500,0.8865,"15%, 10%, 15%, 20%, 15%, 15%, 10%","تم السداد 501,375.00","تم السداد 334,250.00","501,375.00",غير مستحقة,غير مستحقة,غير مستحقة,غير مستحقة,501375,835625,بنك مصر,26/11/2025,0.8865,RA-2025-0427,11/12/2025
محمد مصطفى سليمان النحاس,9990000000413,729,02-04-0175-0000000729,5425000,0.8963,"10%, 15%, 15%, 20%, 15%, 15%, 10%","تم السداد 542,500.00","تم السداد 813,750.00","تم السداد 813,750.00","1,085,000.00",غير مستحقة,غير مستحقة,غير مستحقة,1085000,2170000,بنك مصر,10/06/2025,0.8963,RA-2025-0428,9/7/2025
نبيل حسين جمال الإسكندراني,9990000000347,652,02-04-0175-0000000652,4900000,0.9009,"10%, 15%, 15%, 20%, 15%, 15%, 10%","تم السداد 490,000.00",غير مستحقة,غير مستحقة,غير مستحقة,غير مستحقة,غير مستحقة,غير مستحقة,0,490000,بنك مصر,01/05/2026,0.9009,RA-2026-0429,7/6/2026
محمود حسن مجدي البدري,9990000000068,595,02-04-0175-0000000595,3092500,0.935,"15%, 15%, 15%, 15%, 15%, 15%, 10%","تم السداد 463,875.00","تم السداد 463,875.00",غير مستحقة,غير مستحقة,غير مستحقة,غير مستحقة,غير مستحقة,0,927750,بنك القاهرة,02/04/2026,0.935,RA-2026-0430,30/4/2026
نادر رمضان حمدي شاكر,9990000000439,763,02-04-0175-0000000763,5597500,0.8773,"20%, 15%, 15%, 15%, 15%, 10%, 10%","تم السداد 1,119,500.00","تم السداد 839,625.00","تم السداد 839,625.00","تم السداد 839,625.00","839,625.00",غير مستحقة,غير مستحقة,839625,3638375,بنك القاهرة,31/05/2025,0.8773,RA-2025-0431,26/6/2025
طارق عبدالله مصطفى الطنطاوي,9990000000418,511,02-04-0175-0000000511,5967500,0.9547,"10%, 15%, 15%, 20%, 15%, 15%, 10%","تم السداد 596,750.00","تم السداد 895,125.00","تم السداد 895,125.00",غير مستحقة,غير مستحقة,غير مستحقة,غير مستحقة,0,2387000,بنك مصر,26/09/2025,0.9547,RA-2025-0432,7/11/2025
وائل جمال عبدالرحمن النحاس,9990000000442,588,02-04-0175-0000000588,4637500,0.9584,"10%, 15%, 15%, 20%, 15%, 15%, 10%","تم السداد 463,750.00","تم السداد 695,625.00","695,625.00",غير مستحقة,غير مستحقة,غير مستحقة,غير مستحقة,695625,1159375,بنك القاهرة,13/11/2025,0.9584,RA-2025-0433,26/11/2025
سامي مصطفى سمير مبارك,9990000000051,620,02-04-0175-0000000620,5867500,0.9881,"20%, 15%, 15%, 15%, 15%, 10%, 10%","تم السداد 1,173,500.00","880,125.00",غير مستحقة,غير مستحقة,غير مستحقة,غير مستحقة,غير مستحقة,880125,1173500,بنك القاهرة,20/01/2026,0.9881,RA-2026-0434,24/2/2026
فادي أحمد حمدي البدري,9990000000352,911,02-04-0175-0000000911,6272500,0.9628,"20%, 15%, 15%, 15%, 15%, 10%, 10%","تم السداد 1,254,500.00","940,875.00",غير مستحقة,غير مستحقة,غير مستحقة,غير مستحقة,غير مستحقة,940875,1254500,بنك مصر,24/06/2026,0.9628,RA-2026-0435,17/7/2026
زياد عبدالرحمن سمير الرفاعي,9990000000251,947,02-04-0175-0000000947,5087500,0.9257,"15%, 10%, 15%, 20%, 15%, 15%, 10%","تم السداد 763,125.00","تم السداد 508,750.00",غير مستحقة,غير مستحقة,غير مستحقة,غير مستحقة,غير مستحقة,0,1271875,بنك مصر,02/01/2026,0.9257,RA-2026-0436,20/1/2026
فادي صبري إبراهيم عبدالرازق,9990000000008,650,02-04-0175-0000000650,3547500,0.8447,"15%, 15%, 15%, 15%, 15%, 15%, 10%","تم السداد 532,125.00","تم السداد 532,125.00","تم السداد 532,125.00","تم السداد 532,125.00",غير مستحقة,غير مستحقة,غير مستحقة,0,2128500,إي جي بنك (EGBANK),24/04/2025,0.8447,RA-2025-0437,15/5/2025
خالد يوسف عبدالرحمن السيد,9990000000019,750,02-04-0175-0000000750,6450000,0.9758,"10%, 15%, 15%, 20%, 15%, 15%, 10%","تم السداد 645,000.00","تم السداد 967,500.00","تم السداد 967,500.00","تم السداد 1,290,000.00","تم السداد 967,500.00","تم السداد 967,500.00",غير مستحقة,0,5805000,إي جي بنك (EGBANK),17/01/2025,0.9758,RA-2025-0438,18/2/2025
كريم يوسف سعيد الشرقاوي,9990000000032,702,02-04-0175-0000000702,3512500,0.909,"20%, 15%, 15%, 15%, 15%, 10%, 10%","تم السداد 702,500.00","تم السداد 526,875.00","تم السداد 526,875.00","تم السداد 526,875.00","تم السداد 526,875.00","تم السداد 351,250.00",غير مستحقة,0,3161250,البنك التجاري الدولي (CIB),10/02/2025,0.909,RA-2025-0439,4/3/2025
حسن عبدالرحمن عبدالله القناوي,9990000000295,746,02-04-0175-0000000746,5775000,0.841,"15%, 15%, 15%, 15%, 15%, 15%, 10%","تم السداد 866,250.00","866,250.00",غير مستحقة,غير مستحقة,غير مستحقة,غير مستحقة,غير مستحقة,866250,866250,البنك التجاري الدولي (CIB),26/03/2026,0.841,RA-2026-0440,30/4/2026
جورج عادل يوسف القناوي,9990000000289,693,02-04-0175-0000000693,3175000,0.9205,"10%, 15%, 15%, 20%, 15%, 15%, 10%","تم السداد 317,500.00","تم السداد 476,250.00","تم السداد 476,250.00","تم السداد 635,000.00","تم السداد 476,250.00","تم السداد 476,250.00",غير مستحقة,0,2857500,بنك الإسكندرية,22/03/2025,0.9205,RA-2025-0441,14/4/2025
تامر محمد حسن فهمي,9990000000392,558,02-04-0175-0000000558,6625000,0.8927,"20%, 15%, 15%, 15%, 15%, 10%, 10%","تم السداد 1,325,000.00",غير مستحقة,غير مستحقة,غير مستحقة,غير مستحقة,غير مستحقة,غير مستحقة,0,1325000,بنك الإسكندرية,28/01/2026,0.8927,RA-2026-0442,25/2/2026
بسمة فاروق فتحي الكومي,9990000000005,508,02-04-0175-0000000508,6612500,0.9362,"15%, 15%, 15%, 15%, 15%, 15%, 10%","تم السداد 991,875.00","تم السداد 991,875.00","تم السداد 991,875.00",غير مستحقة,غير مستحقة,غير مستحقة,غير مستحقة,0,2975625,كاش,05/07/2025,0.9362,RA-2025-0443,4/8/2025
ملك حمدي رمضان عبدالحميد,9990000000231,753,02-04-0175-0000000753,3750000,0.9088,"15%, 10%, 15%, 20%, 15%, 15%, 10%","تم السداد 562,500.00","375,000.00",غير مستحقة,غير مستحقة,غير مستحقة,غير مستحقة,غير مستحقة,375000,562500,بنك مصر,06/05/2026,0.9088,RA-2026-0444,12/6/2026
علي صبري عبدالرحمن عبدالهادي,9990000000318,733,02-04-0175-0000000733,5850000,0.9341,"10%, 15%, 15%, 20%, 15%, 15%, 10%","تم السداد 585,000.00","تم السداد 877,500.00",غير مستحقة,غير مستحقة,غير مستحقة,غير مستحقة,غير مستحقة,0,1462500,كاش,30/11/2025,0.9341,RA-2025-0445,13/12/2025
مريم سليمان عادل الطنطاوي,9990000000194,739,02-04-0175-0000000739,6825000,0.9107,"15%, 10%, 15%, 20%, 15%, 15%, 10%","تم السداد 1,023,750.00","تم السداد 682,500.00",غير مستحقة,غير مستحقة,غير مستحقة,غير مستحقة,غير مستحقة,0,1706250,إي جي بنك (EGBANK),14/01/2026,0.9107,RA-2026-0446,23/1/2026
إسلام صبري سمير الرفاعي,9990000000445,923,02-04-0175-0000000923,5367500,0.861,"20%, 15%, 15%, 15%, 15%, 10%, 10%","تم السداد 1,073,500.00",غير مستحقة,غير مستحقة,غير مستحقة,غير مستحقة,غير مستحقة,غير مستحقة,0,1073500,بنك مصر,14/04/2026,0.861,RA-2026-0447,16/5/2026
باسم عبدالرحمن عبدالله النحاس,9990000000308,876,02-04-0175-0000000876,4132500,0.9148,"15%, 15%, 15%, 15%, 15%, 15%, 10%","تم السداد 619,875.00","تم السداد 619,875.00","تم السداد 619,875.00",غير مستحقة,غير مستحقة,غير مستحقة,غير مستحقة,0,1859625,بنك مصر,18/07/2025,0.9148,RA-2025-0448,20/8/2025
مراد سعيد أحمد النحاس,9990000000147,599,02-04-0175-0000000599,5982500,0.9492,"20%, 15%, 15%, 15%, 15%, 10%, 10%","تم السداد 1,196,500.00",غير مستحقة,غير مستحقة,غير مستحقة,غير مستحقة,غير مستحقة,غير مستحقة,0,1196500,بنك مصر,05/04/2026,0.9492,RA-2026-0449,3/5/2026
جورج أمين إسماعيل بدوي,9990000000242,528,02-04-0175-0000000528,5007500,0.9594,"20%, 15%, 15%, 15%, 15%, 10%, 10%","تم السداد 1,001,500.00","تم السداد 751,125.00","تم السداد 751,125.00",غير مستحقة,غير مستحقة,غير مستحقة,غير مستحقة,0,2503750,بنك مصر,18/09/2025,0.9594,RA-2025-0450,22/10/2025
بسمة ناجي عبدالرحمن شاكر,9990000000219,812,02-04-0175-0000000812,4017500,0.9572,"10%, 15%, 15%, 20%, 15%, 15%, 10%","تم السداد 401,750.00","تم السداد 602,625.00","تم السداد 602,625.00","تم السداد 803,500.00","تم السداد 602,625.00","602,625.00",غير مستحقة,602625,3013125,بنك مصر,23/02/2025,0.9572,RA-2025-0451,29/3/2025
سامح سليمان عبدالرحمن البدري,9990000000117,684,02-04-0175-0000000684,4622500,0.8481,"15%, 15%, 15%, 15%, 15%, 15%, 10%","تم السداد 693,375.00","تم السداد 693,375.00","تم السداد 693,375.00","تم السداد 693,375.00","تم السداد 693,375.00",غير مستحقة,غير مستحقة,0,3466875,بنك مصر,01/02/2025,0.8481,RA-2025-0452,14/2/2025
حسام حمدي فاروق النجار,9990000000281,608,02-04-0175-0000000608,6207500,0.855,"15%, 15%, 15%, 15%, 15%, 15%, 10%","تم السداد 931,125.00","تم السداد 931,125.00","تم السداد 931,125.00","تم السداد 931,125.00",غير مستحقة,غير مستحقة,غير مستحقة,0,3724500,البنك الأهلي المصري,04/06/2025,0.855,RA-2025-0453,12/7/2025
مايكل حسام طارق فهمي,9990000000001,690,02-04-0175-0000000690,3512500,0.8962,"15%, 10%, 15%, 20%, 15%, 15%, 10%","تم السداد 526,875.00","تم السداد 351,250.00","تم السداد 526,875.00",غير مستحقة,غير مستحقة,غير مستحقة,غير مستحقة,0,1405000,بنك مصر,18/11/2025,0.8962,RA-2025-0454,10/12/2025
إبراهيم فتحي حسن الطنطاوي,9990000000353,880,02-04-0175-0000000880,6850000,0.974,"20%, 15%, 15%, 15%, 15%, 10%, 10%","تم السداد 1,370,000.00",غير مستحقة,غير مستحقة,غير مستحقة,غير مستحقة,غير مستحقة,غير مستحقة,0,1370000,بنك مصر,29/05/2026,0.974,RA-2026-0455,22/6/2026
Summary Total,,,,,,,338363625,239176500,186470250,150821625,69269250,30130250,4106750,95405625,922932625,,,,,
Paid Installments,,,,,,,338363625,200536000,169134375,134691000,60848625,19359000,0,0,922932625,,,,,
Remaining Installments,,,,,,,0,38640500,17335875,16130625,8420625,10771250,4106750,95405625,0,,,,,