اسم العميل,رقم الهوية,رقم الوحدة,كود الوحدة,سعر الوحدة,نسبة الانجاز من الاستشاري الهندسي,جدول الدفعات,الدفعة 1,الدفعة 2,الدفعة3,الدفعة 4,الدفعة 5,الدفعة 6,الدفعة 7,مجموع الدفعات المستحقة,مجموع الدفعات المدفوعة,البنك,تاريخ عقد البيع,POC,رقم عقد البيع,Date
عادل مختار رشاد لطفي,6574829628,101,101-villa,3303000,1,"20%, 20%,20%, 15%,15%, 5%, 5%","تم السداد 660,600.00","تم السداد 660,600.00","تم السداد 660,600.00","تم السداد 495,450.00","تم السداد 495,450.00","تم السداد 165,150.00","165,150.00",165150,3137850,بنك مصر,31-Aug-21,1,DLM0001,29-Aug-21
أماني صلاح فاروق البدري,1255458700,102,102-villa,6082000,1,"20%, 20%,20%, 15%,15%, 5%, 5%","تم السداد 1,216,400.00","تم السداد 1,216,400.00","تم السداد 1,216,400.00","تم السداد 912,300.00","تم السداد 912,300.00","تم السداد 304,100.00","304,100.00",304100,5777900,بنك مصر,16-Sep-21,1,DLM0002,27-Aug-21
نهال صلاح فاروق عبدالمجيد,4449651849,103,103-villa,5056000,1,"20%, 20%,20%, 15%,15%, 5%, 5%","تم السداد 1,011,200.00","تم السداد 1,011,200.00","تم السداد 1,011,200.00","تم السداد 758,400.00","تم السداد 758,400.00","تم السداد 252,800.00","252,800.00",252800,4803200,بنك مصر,11-Aug-21,1,DLM0003,8-Sep-21
وائل علي فاروق فهمي,3405813410,104,104-villa,4790000,1,"20%, 20%,20%, 15%,15%, 5%, 5%","تم السداد 958,000.00","تم السداد 958,000.00","تم السداد 958,000.00","تم السداد 718,500.00","تم السداد 718,500.00","تم السداد 239,500.00","239,500.00",239500,4550500,بنك مصر,19-Aug-21,1,DLM0004,31-Aug-21
أشرف سعيد إبراهيم حسن,6105969484,105,105-villa,4773000,1,"20%, 20%,20%, 15%,15%, 5%, 5%","تم السداد 954,600.00","تم السداد 954,600.00","تم السداد 954,600.00","تم السداد 715,950.00","تم السداد 715,950.00","تم السداد 238,650.00","238,650.00",238650,4534350,البنك التجاري الدولي CIB,31-Aug-21,1,DLM0005,4-Aug-21
إبراهيم مصطفى فتحي شاكر,4081115499,106,106-villa,5806000,1,"20%, 20%,20%, 15%,15%, 5%, 5%","تم السداد 1,161,200.00","تم السداد 1,161,200.00","تم السداد 1,161,200.00","تم السداد 870,900.00","تم السداد 870,900.00","تم السداد 290,300.00","290,300.00",290300,5515700,البنك التجاري الدولي CIB,16-Sep-21,1,DLM0006,13-Sep-21
وليد يوسف إسماعيل فوزي,8995712398,107,107-villa,4953000,1,"20%, 20%,20%, 15%,15%, 5%, 5%","تم السداد 990,600.00","تم السداد 990,600.00","تم السداد 990,600.00","تم السداد 742,950.00","تم السداد 742,950.00","تم السداد 247,650.00","247,650.00",247650,4705350,البنك الأهلي المصري,18-Sep-21,1,DLM0007,29-Aug-21
زياد فتحي عبدالرحمن عبداللطيف,5527261968,108,108-villa,5439000,1,"20%, 20%,20%, 15%,15%, 5%, 5%","تم السداد 1,087,800.00","تم السداد 1,087,800.00","تم السداد 1,087,800.00","تم السداد 815,850.00","تم السداد 815,850.00","تم السداد 271,950.00","271,950.00",271950,5167050,البنك الأهلي المصري,12-Sep-21,1,DLM0008,23-Aug-21
كريم حمدي جابر إبراهيم,6813187143,109,109-villa,4901000,1,"20%, 20%,20%, 15%,15%, 5%, 5%","تم السداد 980,200.00","تم السداد 980,200.00","تم السداد 980,200.00","تم السداد 735,150.00","تم السداد 735,150.00","تم السداد 245,050.00","245,050.00",245050,4655950,بنك مصر,17-Sep-21,1,DLM0009,20-Aug-21
إبراهيم مختار عادل القاضي,4827735269,110,110-villa,4708000,1,"20%, 20%,20%, 15%,15%, 5%, 5%","تم السداد 941,600.00","تم السداد 941,600.00","تم السداد 941,600.00","تم السداد 706,200.00","تم السداد 706,200.00","تم السداد 235,400.00","235,400.00",235400,4472600,بنك مصر,5-Aug-21,1,DLM0010,11-Aug-21
هاني سليمان فاروق رمضان,1469631526,111,111-villa,4454000,1,"20%, 20%,20%, 15%,15%, 5%, 5%","تم السداد 890,800.00","تم السداد 890,800.00","تم السداد 890,800.00","تم السداد 668,100.00","تم السداد 668,100.00","تم السداد 222,700.00","222,700.00",222700,4231300,البنك التجاري الدولي CIB,10-Sep-21,1,DLM0011,10-Aug-21
بيشوي إسماعيل رشاد صادق,9740034174,112,112-villa,5357000,1,"20%, 20%,20%, 15%,15%, 5%, 5%","تم السداد 1,071,400.00","تم السداد 1,071,400.00","تم السداد 1,071,400.00","تم السداد 803,550.00","تم السداد 803,550.00","تم السداد 267,850.00","267,850.00",267850,5089150,البنك الأهلي المصري,8-Aug-21,1,DLM0012,10-Sep-21
كريم طارق نبيل الحداد,6022841190,113,113-villa,3678000,1,"20%, 20%,20%, 15%,15%, 5%, 5%","تم السداد 735,600.00","تم السداد 735,600.00","تم السداد 735,600.00","تم السداد 551,700.00","تم السداد 551,700.00","تم السداد 183,900.00","183,900.00",183900,3494100,البنك الأهلي المصري,4-Aug-21,1,DLM0013,14-Aug-21
شادي سيد رجب عبدالحليم,1807820044,114,114-villa,4525000,1,"20%, 20%,20%, 15%,15%, 5%, 5%","تم السداد 905,000.00","تم السداد 905,000.00","تم السداد 905,000.00","تم السداد 678,750.00","تم السداد 678,750.00","تم السداد 226,250.00","تم السداد 226,250.00",0,4525000,البنك الأهلي المصري,4-Aug-21,1,DLM0014,14-Sep-21
أشرف محمد صبحي الزيات,1602684259,115,115-villa,4973000,1,"20%, 20%,20%, 15%,15%, 5%, 5%","تم السداد 994,600.00","تم السداد 994,600.00","تم السداد 994,600.00","تم السداد 745,950.00","تم السداد 745,950.00","تم السداد 248,650.00","248,650.00",248650,4724350,البنك الأهلي المصري,19-Aug-21,1,DLM0015,14-Sep-21
عمر سيد صبري خليل,9378341133,116,116-villa,4789000,1,"20%, 20%,20%, 15%,15%, 5%, 5%","تم السداد 957,800.00","تم السداد 957,800.00","تم السداد 957,800.00","تم السداد 718,350.00","تم السداد 718,350.00","تم السداد 239,450.00","239,450.00",239450,4549550,البنك الأهلي المصري,16-Sep-21,1,DLM0016,6-Sep-21
يوسف حسن شوقي فهمي,1361014433,117,117-villa,6219000,1,"20%, 20%,20%, 15%,15%, 5%, 5%","تم السداد 1,243,800.00","تم السداد 1,243,800.00","تم السداد 1,243,800.00","تم السداد 932,850.00","تم السداد 932,850.00","تم السداد 310,950.00","310,950.00",310950,5908050,البنك الأهلي المصري,20-Aug-21,1,DLM0017,8-Aug-21
مصطفى رمضان سليمان السوهاجي,7361291311,118,118-villa,4471000,1,"20%, 20%,20%, 15%,15%, 5%, 5%","تم السداد 894,200.00","تم السداد 894,200.00","تم السداد 894,200.00","تم السداد 670,650.00","تم السداد 670,650.00","تم السداد 223,550.00","223,550.00",223550,4247450,البنك الأهلي المصري,25-Aug-21,1,DLM0018,23-Aug-21
أدهم فتحي جمال المرسي,1001198758,119,119-villa,4608000,1,"20%, 20%,20%, 15%,15%, 5%, 5%","تم السداد 921,600.00","تم السداد 921,600.00","تم السداد 921,600.00","تم السداد 691,200.00","تم السداد 691,200.00","تم السداد 230,400.00","230,400.00",230400,4377600,البنك الأهلي المصري,18-Sep-21,1,DLM0019,10-Aug-21
رشا شوقي سمير محمود,2979899100,120,120-villa,4892000,1,"20%, 20%,20%, 15%,15%, 5%, 5%","تم السداد 978,400.00","تم السداد 978,400.00","تم السداد 978,400.00","تم السداد 733,800.00","تم السداد 733,800.00","تم السداد 244,600.00","244,600.00",244600,4647400,البنك الأهلي المصري,14-Sep-21,1,DLM0020,6-Sep-21
فادي إبراهيم حمدي الطنطاوي,5782904163,121,121-villa,4848000,1,"20%, 20%,20%, 15%,15%, 5%, 5%","تم السداد 969,600.00","تم السداد 969,600.00","تم السداد 969,600.00","تم السداد 727,200.00","تم السداد 727,200.00","تم السداد 242,400.00","242,400.00",242400,4605600,البنك الأهلي المصري,23-Aug-21,1,DLM0021,31-Aug-21
وليد سيد سعيد الدسوقي,5526069606,122,122-villa,6089000,1,"20%, 20%,20%, 15%,15%, 5%, 5%","تم السداد 1,217,800.00","تم السداد 1,217,800.00","تم السداد 1,217,800.00","تم السداد 913,350.00","تم السداد 913,350.00","تم السداد 304,450.00","304,450.00",304450,5784550,البنك الأهلي المصري,1-Aug-21,1,DLM0022,16-Sep-21
أدهم عصام عبدالله شحاتة,7013974959,123,123-villa,5195000,1,"20%, 20%,20%, 15%,15%, 5%, 5%","تم السداد 1,039,000.00","تم السداد 1,039,000.00","تم السداد 1,039,000.00","تم السداد 779,250.00","تم السداد 779,250.00","تم السداد 259,750.00","259,750.00",259750,4935250,البنك الأهلي المصري,1-Sep-21,1,DLM0023,11-Aug-21
علي صلاح محمود منصور,2074685060,124,124-villa,4654000,1,"20%, 20%,20%, 15%,15%, 5%, 5%","تم السداد 930,800.00","تم السداد 930,800.00","تم السداد 930,800.00","تم السداد 698,100.00","تم السداد 698,100.00","تم السداد 232,700.00","232,700.00",232700,4421300,بنك مصر,11-Aug-21,1,DLM0024,26-Aug-21
هشام رمضان جابر الشرقاوي,6134802393,125,125-villa,6087000,1,"20%, 20%,20%, 15%,15%, 5%, 5%","تم السداد 1,217,400.00","تم السداد 1,217,400.00","تم السداد 1,217,400.00","تم السداد 913,050.00","تم السداد 913,050.00","تم السداد 304,350.00","304,350.00",304350,5782650,البنك الأهلي المصري,5-Aug-21,1,DLM0025,6-Aug-21
مجدي لطفي أحمد حسين,7018007607,126,126-villa,4784000,1,"20%, 20%,20%, 15%,15%, 5%, 5%","تم السداد 956,800.00","تم السداد 956,800.00","تم السداد 956,800.00","تم السداد 717,600.00","تم السداد 717,600.00","تم السداد 239,200.00","239,200.00",239200,4544800,البنك الأهلي المصري,6-Sep-21,1,DLM0026,3-Sep-21
إبراهيم رمضان شوقي عبدالحليم,9859214833,127,127-villa,6143000,1,"20%, 20%,20%, 15%,15%, 5%, 5%","تم السداد 1,228,600.00","تم السداد 1,228,600.00","تم السداد 1,228,600.00","تم السداد 921,450.00","تم السداد 921,450.00","تم السداد 307,150.00","307,150.00",307150,5835850,البنك الأهلي المصري,14-Aug-21,1,DLM0027,14-Aug-21
سامح فتحي حسن فوزي,3885605375,128,128-villa,4720000,1,"20%, 20%,20%, 15%,15%, 5%, 5%","تم السداد 944,000.00","تم السداد 944,000.00","تم السداد 944,000.00","تم السداد 708,000.00","تم السداد 708,000.00","تم السداد 236,000.00","236,000.00",236000,4484000,بنك مصر,31-Aug-21,1,DLM0028,18-Sep-21
جورج حسين جمال السوهاجي,8118368932,129,129-villa,4981000,1,"20%, 20%,20%, 15%,15%, 5%, 5%","تم السداد 996,200.00","تم السداد 996,200.00","تم السداد 996,200.00","تم السداد 747,150.00","تم السداد 747,150.00","تم السداد 249,050.00","249,050.00",249050,4731950,بنك مصر,8-Aug-21,1,DLM0029,13-Sep-21
حسن عبدالرحمن مصطفى عبدالعال,6202937237,130,130-villa,4443000,1,"20%, 20%,20%, 15%,15%, 5%, 5%","تم السداد 888,600.00","تم السداد 888,600.00","تم السداد 888,600.00","تم السداد 666,450.00","تم السداد 666,450.00","222,150.00","222,150.00",444300,3998700,بنك مصر,17-Sep-21,1,DLM0030,16-Aug-21
عادل عبدالله محمد عبداللطيف,8079355626,131,131-villa,5330000,1,"20%, 20%,20%, 15%,15%, 5%, 5%","تم السداد 1,066,000.00","تم السداد 1,066,000.00","تم السداد 1,066,000.00","تم السداد 799,500.00","تم السداد 799,500.00","تم السداد 266,500.00","266,500.00",266500,5063500,بنك مصر,18-Aug-21,1,DLM0031,10-Aug-21
ياسين سليمان محمد عبدالمقصود,2927973026,132,132-villa,5940000,1,"20%, 20%,20%, 15%,15%, 5%, 5%","تم السداد 1,188,000.00","تم السداد 1,188,000.00","تم السداد 1,188,000.00","تم السداد 891,000.00","891,000.00","297,000.00","297,000.00",1485000,4455000,البنك التجاري الدولي CIB,27-Aug-21,1,DLM0032,21-Aug-21
مجدي عادل جمال عبداللطيف,3993884849,133,133-villa,4850000,1,"20%, 20%,20%, 15%,15%, 5%, 5%","تم السداد 970,000.00","تم السداد 970,000.00","تم السداد 970,000.00","تم السداد 727,500.00","تم السداد 727,500.00","تم السداد 242,500.00","242,500.00",242500,4607500,بنك مصر,13-Sep-21,1,DLM0033,15-Sep-21
معتز شوقي محمد مراد,8599469618,134,134-villa,4703000,1,"20%, 20%,20%, 15%,15%, 5%, 5%","تم السداد 940,600.00","تم السداد 940,600.00","تم السداد 940,600.00","تم السداد 705,450.00","تم السداد 705,450.00","تم السداد 235,150.00","235,150.00",235150,4467850,بنك مصر,5-Aug-21,1,DLM0034,7-Aug-21
أحمد رجب جمال العشري,7338201231,135,135-villa,4813000,1,"20%, 20%,20%, 15%,15%, 5%, 5%","تم السداد 962,600.00","تم السداد 962,600.00","تم السداد 962,600.00","تم السداد 721,950.00","تم السداد 721,950.00","تم السداد 240,650.00","240,650.00",240650,4572350,EGBANK - البنك المصري الخليجي,26-Aug-21,1,DLM0035,10-Aug-21
يوسف محمود فتحي البدري,1281440533,136,136-villa,4584000,1,"20%, 20%,20%, 15%,15%, 5%, 5%","تم السداد 916,800.00","تم السداد 916,800.00","تم السداد 916,800.00","تم السداد 687,600.00","تم السداد 687,600.00","تم السداد 229,200.00","229,200.00",229200,4354800,بنك مصر,20-Sep-21,1,DLM0036,8-Sep-21
عبدالرحمن سعيد جمال النحاس,5084889324,137,137-villa,4859000,1,"20%, 20%,20%, 15%,15%, 5%, 5%","تم السداد 971,800.00","تم السداد 971,800.00","تم السداد 971,800.00","تم السداد 728,850.00","تم السداد 728,850.00","تم السداد 242,950.00","242,950.00",242950,4616050,بنك القاهرة,5-Sep-21,1,DLM0037,21-Aug-21
مصطفى سمير فؤاد عبدالحليم,2670450003,138,138-villa,4595000,1,"20%, 20%,20%, 15%,15%, 5%, 5%","تم السداد 919,000.00","تم السداد 919,000.00","تم السداد 919,000.00","تم السداد 689,250.00","تم السداد 689,250.00","تم السداد 229,750.00","229,750.00",229750,4365250,بنك القاهرة,11-Sep-21,1,DLM0038,4-Aug-21
إبراهيم صبري لطفي الدسوقي,9703936872,139,139-villa,4887000,1,"20%, 20%,20%, 15%,15%, 5%, 5%","تم السداد 977,400.00","تم السداد 977,400.00","تم السداد 977,400.00","تم السداد 733,050.00","تم السداد 733,050.00","تم السداد 244,350.00","244,350.00",244350,4642650,البنك الأهلي المصري,18-Aug-21,1,DLM0039,22-Aug-21
علي إسماعيل جمال السوهاجي,1862544904,140,140-villa,4398000,1,"20%, 20%,20%, 15%,15%, 5%, 5%","تم السداد 879,600.00","تم السداد 879,600.00","تم السداد 879,600.00","تم السداد 659,700.00","تم السداد 659,700.00","تم السداد 219,900.00","219,900.00",219900,4178100,البنك الأهلي المصري,19-Aug-21,1,DLM0040,13-Aug-21
مروان إسماعيل عاطف رزق,6382029862,141,141-villa,4874000,1,"20%, 20%,20%, 15%,15%, 5%, 5%","تم السداد 974,800.00","تم السداد 974,800.00","تم السداد 974,800.00","تم السداد 731,100.00","تم السداد 731,100.00","تم السداد 243,700.00","243,700.00",243700,4630300,بنك القاهرة,7-Aug-21,1,DLM0041,6-Sep-21
عمر حمدي إسماعيل إبراهيم,8962369380,142,142-villa,6159000,1,"20%, 20%,20%, 15%,15%, 5%, 5%","تم السداد 1,231,800.00","تم السداد 1,231,800.00","تم السداد 1,231,800.00","تم السداد 923,850.00","تم السداد 923,850.00","تم السداد 307,950.00","307,950.00",307950,5851050,البنك الأهلي المصري,22-Aug-21,1,DLM0042,9-Sep-21
وليد جمال علي حسن,7608641267,143,143-villa,4563000,1,"20%, 20%,20%, 15%,15%, 5%, 5%","تم السداد 912,600.00","تم السداد 912,600.00","تم السداد 912,600.00","تم السداد 684,450.00","تم السداد 684,450.00","تم السداد 228,150.00","228,150.00",228150,4334850,البنك التجاري الدولي CIB,13-Aug-21,1,DLM0043,31-Aug-21
ياسين سليمان عاطف عوض,2684836076,144,144-villa,3619000,1,"20%, 20%,20%, 15%,15%, 5%, 5%","تم السداد 723,800.00","تم السداد 723,800.00","تم السداد 723,800.00","تم السداد 542,850.00","تم السداد 542,850.00","تم السداد 180,950.00","180,950.00",180950,3438050,البنك التجاري الدولي CIB,15-Aug-21,1,DLM0044,18-Aug-21
مصطفى عبدالله رمضان حسين,6285752607,145,145-villa,5253000,1,"20%, 20%,20%, 15%,15%, 5%, 5%","تم السداد 1,050,600.00","تم السداد 1,050,600.00","تم السداد 1,050,600.00","تم السداد 787,950.00","تم السداد 787,950.00","تم السداد 262,650.00","262,650.00",262650,4990350,البنك التجاري الدولي CIB,13-Aug-21,1,DLM0045,10-Sep-21
إسلام جمال مصطفى السيد,6771886916,146,146-villa,4990000,1,"20%, 20%,20%, 15%,15%, 5%, 5%","تم السداد 998,000.00","تم السداد 998,000.00","تم السداد 998,000.00","تم السداد 748,500.00","تم السداد 748,500.00","تم السداد 249,500.00","249,500.00",249500,4740500,بنك القاهرة,2-Aug-21,1,DLM0046,19-Aug-21
شادي محمد عبدالله شحاتة,9531829197,147,147-villa,5112000,1,"20%, 20%,20%, 15%,15%, 5%, 5%","تم السداد 1,022,400.00","تم السداد 1,022,400.00","تم السداد 1,022,400.00","تم السداد 766,800.00","تم السداد 766,800.00","تم السداد 255,600.00","تم السداد 255,600.00",0,5112000,البنك العربي الأفريقي الدولي,28-Jul-21,1,DLM0047,16-Aug-21
نادر جابر فاروق الزيات,3307593685,148,148-villa,5711000,1,"20%, 20%,20%, 15%,15%, 5%, 5%","تم السداد 1,142,200.00","تم السداد 1,142,200.00","تم السداد 1,142,200.00","تم السداد 856,650.00","تم السداد 856,650.00","تم السداد 285,550.00","285,550.00",285550,5425450,البنك الأهلي المصري,23-Sep-21,1,DLM0048,6-Aug-21
محمد أحمد فاروق شاكر,4593218270,149,149-villa,4397000,1,"20%, 20%,20%, 15%,15%, 5%, 5%","تم السداد 879,400.00","تم السداد 879,400.00","تم السداد 879,400.00","تم السداد 659,550.00","تم السداد 659,550.00","تم السداد 219,850.00","219,850.00",219850,4177150,البنك الأهلي المصري,6-Aug-21,1,DLM0049,15-Sep-21
مصطفى طارق سليمان الطنطاوي,9866835399,150,150-villa,4866000,1,"20%, 20%,20%, 15%,15%, 5%, 5%","تم السداد 973,200.00","تم السداد 973,200.00","تم السداد 973,200.00","تم السداد 729,900.00","تم السداد 729,900.00","تم السداد 243,300.00","243,300.00",243300,4622700,البنك الأهلي المصري,6-Sep-21,1,DLM0050,10-Sep-21
عادل صبحي رمضان الزيات,1577802358,151,151-villa,5716000,1,"20%, 20%,20%, 15%,15%, 5%, 5%","تم السداد 1,143,200.00","تم السداد 1,143,200.00","تم السداد 1,143,200.00","تم السداد 857,400.00","تم السداد 857,400.00","تم السداد 285,800.00","285,800.00",285800,5430200,البنك الأهلي المصري,2-Aug-21,1,DLM0051,5-Aug-21
أيمن رشاد علي الطنطاوي,2230916662,152,152-villa,4659000,1,"20%, 20%,20%, 15%,15%, 5%, 5%","تم السداد 931,800.00","تم السداد 931,800.00","تم السداد 931,800.00","تم السداد 698,850.00","تم السداد 698,850.00","تم السداد 232,950.00","232,950.00",232950,4426050,بنك مصر,21-Aug-21,1,DLM0052,6-Sep-21
جورج صبحي أحمد النحاس,9105757193,153,153-villa,4733000,1,"20%, 20%,20%, 15%,15%, 5%, 5%","تم السداد 946,600.00","تم السداد 946,600.00","تم السداد 946,600.00","تم السداد 709,950.00","تم السداد 709,950.00","تم السداد 236,650.00","236,650.00",236650,4496350,البنك الأهلي المصري,13-Aug-21,1,DLM0053,5-Sep-21
مصطفى عادل فتحي سليمان,5052199171,154,154-villa,4865000,1,"20%, 20%,20%, 15%,15%, 5%, 5%","تم السداد 973,000.00","تم السداد 973,000.00","تم السداد 973,000.00","تم السداد 729,750.00","تم السداد 729,750.00","تم السداد 243,250.00","243,250.00",243250,4621750,بنك القاهرة,31-Jul-21,1,DLM0054,29-Jul-21
عبدالرحمن جابر علي الحداد,6461082157,155,155-villa,4711000,1,"20%, 20%,20%, 15%,15%, 5%, 5%","تم السداد 942,200.00","تم السداد 942,200.00","تم السداد 942,200.00","تم السداد 706,650.00","تم السداد 706,650.00","تم السداد 235,550.00","235,550.00",235550,4475450,البنك الأهلي المصري,29-Jul-21,1,DLM0055,8-Sep-21
عادل سليمان يوسف القاضي,3798285225,156,156-villa,4584000,1,"20%, 20%,20%, 15%,15%, 5%, 5%","تم السداد 916,800.00","تم السداد 916,800.00","تم السداد 916,800.00","تم السداد 687,600.00","تم السداد 687,600.00","تم السداد 229,200.00","229,200.00",229200,4354800,البنك الأهلي المصري,21-Aug-21,1,DLM0056,12-Aug-21
شريف مصطفى خالد لطفي,3761196288,157,157-villa,6296000,1,"20%, 20%,20%, 15%,15%, 5%, 5%","تم السداد 1,259,200.00","تم السداد 1,259,200.00","تم السداد 1,259,200.00","تم السداد 944,400.00","تم السداد 944,400.00","تم السداد 314,800.00","314,800.00",314800,5981200,البنك الأهلي المصري,9-Aug-21,1,DLM0057,8-Sep-21
نادر فاروق مجدي العطار,6128920015,158,158-villa,5845000,1,"20%, 20%,20%, 15%,15%, 5%, 5%","تم السداد 1,169,000.00","تم السداد 1,169,000.00","تم السداد 1,169,000.00","تم السداد 876,750.00","تم السداد 876,750.00","تم السداد 292,250.00","292,250.00",292250,5552750,البنك الأهلي المصري,5-Sep-21,1,DLM0058,10-Sep-21
طارق نبيل إسماعيل البحيري,3719099361,159,159-villa,5253000,1,"20%, 20%,20%, 15%,15%, 5%, 5%","تم السداد 1,050,600.00","تم السداد 1,050,600.00","تم السداد 1,050,600.00","تم السداد 787,950.00","تم السداد 787,950.00","تم السداد 262,650.00","262,650.00",262650,4990350,بنك مصر,3-Sep-21,1,DLM0059,10-Aug-21
حازم رشاد سليمان الشربيني,2067235920,160,160-villa,4997000,1,"20%, 20%,20%, 15%,15%, 5%, 5%","تم السداد 999,400.00","تم السداد 999,400.00","تم السداد 999,400.00","تم السداد 749,550.00","تم السداد 749,550.00","تم السداد 249,850.00","249,850.00",249850,4747150,البنك التجاري الدولي CIB,11-Sep-21,1,DLM0060,24-Aug-21
سامح أحمد مجدي النحاس,5086565605,161,161-villa,4910000,1,"20%, 20%,20%, 15%,15%, 5%, 5%","تم السداد 982,000.00","تم السداد 982,000.00","تم السداد 982,000.00","تم السداد 736,500.00","تم السداد 736,500.00","تم السداد 245,500.00","245,500.00",245500,4664500,البنك التجاري الدولي CIB,7-Sep-21,1,DLM0061,14-Sep-21
تامر طارق رشاد البحيري,5611089684,162,162-villa,5249000,1,"20%, 20%,20%, 15%,15%, 5%, 5%","تم السداد 1,049,800.00","تم السداد 1,049,800.00","تم السداد 1,049,800.00","تم السداد 787,350.00","تم السداد 787,350.00","تم السداد 262,450.00","262,450.00",262450,4986550,البنك التجاري الدولي CIB,25-Aug-21,1,DLM0062,9-Aug-21
شادي علي مجدي محمود,7559129406,163,163-villa,5251000,1,"20%, 20%,20%, 15%,15%, 5%, 5%","تم السداد 1,050,200.00","تم السداد 1,050,200.00","تم السداد 1,050,200.00","تم السداد 787,650.00","تم السداد 787,650.00","تم السداد 262,550.00","تم السداد 262,550.00",0,5251000,البنك العربي الأفريقي الدولي,20-Aug-21,1,DLM0063,17-Sep-21
بيشوي جمال عادل يونس,9952697501,164,164-villa,5900000,1,"20%, 20%,20%, 15%,15%, 5%, 5%","تم السداد 1,180,000.00","تم السداد 1,180,000.00","تم السداد 1,180,000.00","تم السداد 885,000.00","تم السداد 885,000.00","تم السداد 295,000.00","295,000.00",295000,5605000,البنك التجاري الدولي CIB,20-Sep-21,1,DLM0064,1-Sep-21
حسام إبراهيم أحمد بدوي,5769153343,165,165-villa,5399000,1,"20%, 20%,20%, 15%,15%, 5%, 5%","تم السداد 1,079,800.00","تم السداد 1,079,800.00","تم السداد 1,079,800.00","تم السداد 809,850.00","تم السداد 809,850.00","تم السداد 269,950.00","269,950.00",269950,5129050,البنك الأهلي المصري,26-Sep-21,1,DLM0065,4-Sep-21
محمد حسن خالد الدسوقي,7652010412,166,166-villa,5441000,1,"20%, 20%,20%, 15%,15%, 5%, 5%","تم السداد 1,088,200.00","تم السداد 1,088,200.00","تم السداد 1,088,200.00","تم السداد 816,150.00","تم السداد 816,150.00","تم السداد 272,050.00","272,050.00",272050,5168950,بنك مصر,6-Sep-21,1,DLM0066,23-Aug-21
مروان فؤاد كمال عبدالمقصود,3225103029,167,167-villa,5152000,1,"20%, 20%,20%, 15%,15%, 5%, 5%","تم السداد 1,030,400.00","تم السداد 1,030,400.00","تم السداد 1,030,400.00","تم السداد 772,800.00","تم السداد 772,800.00","تم السداد 257,600.00","257,600.00",257600,4894400,بنك مصر,12-Aug-21,1,DLM0067,8-Sep-21
عبدالله صبحي سيد شحاتة,9038511982,168,168-villa,3624000,1,"20%, 20%,20%, 15%,15%, 5%, 5%","تم السداد 724,800.00","تم السداد 724,800.00","تم السداد 724,800.00","تم السداد 543,600.00","تم السداد 543,600.00","تم السداد 181,200.00","181,200.00",181200,3442800,البنك الأهلي المصري,11-Aug-21,1,DLM0068,24-Aug-21
نور صلاح مصطفى جابر,9492860679,169,169-villa,4729000,1,"20%, 20%,20%, 15%,15%, 5%, 5%","تم السداد 945,800.00","تم السداد 945,800.00","تم السداد 945,800.00","تم السداد 709,350.00","تم السداد 709,350.00","تم السداد 236,450.00","236,450.00",236450,4492550,البنك التجاري الدولي CIB,21-Aug-21,1,DLM0069,16-Sep-21
حسين فاروق أحمد البدري,3438674551,170,170-villa,5953000,1,"20%, 20%,20%, 15%,15%, 5%, 5%","تم السداد 1,190,600.00","تم السداد 1,190,600.00","تم السداد 1,190,600.00","تم السداد 892,950.00","تم السداد 892,950.00","تم السداد 297,650.00","297,650.00",297650,5655350,البنك الأهلي المصري,3-Aug-21,1,DLM0070,13-Sep-21
رامز يوسف محمد خليل,4324662017,171,171-villa,4702000,1,"20%, 20%,20%, 15%,15%, 5%, 5%","تم السداد 940,400.00","تم السداد 940,400.00","تم السداد 940,400.00","تم السداد 705,300.00","تم السداد 705,300.00","تم السداد 235,100.00","235,100.00",235100,4466900,البنك الأهلي المصري,8-Aug-21,1,DLM0071,8-Sep-21
مصطفى سيد صبري المرسي,1051838038,172,172-villa,4947000,1,"20%, 20%,20%, 15%,15%, 5%, 5%","تم السداد 989,400.00","تم السداد 989,400.00","تم السداد 989,400.00","تم السداد 742,050.00","تم السداد 742,050.00","تم السداد 247,350.00","247,350.00",247350,4699650,البنك الأهلي المصري,10-Aug-21,1,DLM0072,11-Sep-21
حسن عبدالرحمن طارق علي,5286861847,173,173-villa,5972000,1,"20%, 20%,20%, 15%,15%, 5%, 5%","تم السداد 1,194,400.00","تم السداد 1,194,400.00","تم السداد 1,194,400.00","تم السداد 895,800.00","تم السداد 895,800.00","تم السداد 298,600.00","298,600.00",298600,5673400,البنك الأهلي المصري,11-Aug-21,1,DLM0073,17-Aug-21
ياسين صبحي إسماعيل صلاح,2822952666,174,174-villa,5117000,1,"20%, 20%,20%, 15%,15%, 5%, 5%","تم السداد 1,023,400.00","تم السداد 1,023,400.00","تم السداد 1,023,400.00","تم السداد 767,550.00","تم السداد 767,550.00","تم السداد 255,850.00","255,850.00",255850,4861150,البنك الأهلي المصري,13-Sep-21,1,DLM0074,4-Sep-21
حازم مختار صلاح حسن,7522107321,175,175-villa,4969000,1,"20%, 20%,20%, 15%,15%, 5%, 5%","تم السداد 993,800.00","تم السداد 993,800.00","تم السداد 993,800.00","تم السداد 745,350.00","تم السداد 745,350.00","تم السداد 248,450.00","248,450.00",248450,4720550,البنك الأهلي المصري,9-Sep-21,1,DLM0075,16-Aug-21
مينا إبراهيم حمدي شحاتة,9514966031,176,176-villa,3258000,1,"20%, 20%,20%, 15%,15%, 5%, 5%","تم السداد 651,600.00","تم السداد 651,600.00","تم السداد 651,600.00","تم السداد 488,700.00","تم السداد 488,700.00","تم السداد 162,900.00","162,900.00",162900,3095100,البنك الأهلي المصري,30-Sep-21,1,DLM0076,7-Sep-21
مينا سيد خالد صبري,5473788678,177,177-villa,3636000,1,"20%, 20%,20%, 15%,15%, 5%, 5%","تم السداد 727,200.00","تم السداد 727,200.00","تم السداد 727,200.00","تم السداد 545,400.00","تم السداد 545,400.00","تم السداد 181,800.00","181,800.00",181800,3454200,كريدي أجريكول مصر,25-Aug-21,1,DLM0077,7-Aug-21
حسن صبحي أحمد حسين,4423361779,178,178-villa,4733000,1,"20%, 20%,20%, 15%,15%, 5%, 5%","تم السداد 946,600.00","تم السداد 946,600.00","تم السداد 946,600.00","تم السداد 709,950.00","تم السداد 709,950.00","تم السداد 236,650.00","236,650.00",236650,4496350,بنك القاهرة,25-Aug-21,1,DLM0078,8-Aug-21
حسن فاروق حمدي المرسي,6049376860,179,179-villa,4869000,1,"20%, 20%,20%, 15%,15%, 5%, 5%","تم السداد 973,800.00","تم السداد 973,800.00","تم السداد 973,800.00","تم السداد 730,350.00","تم السداد 730,350.00","تم السداد 243,450.00","243,450.00",243450,4625550,بنك القاهرة,7-Aug-21,1,DLM0079,23-Aug-21
شريف سعيد صبحي الرفاعي,4478238617,180,180-villa,5211000,1,"20%, 20%,20%, 15%,15%, 5%, 5%","تم السداد 1,042,200.00","تم السداد 1,042,200.00","تم السداد 1,042,200.00","تم السداد 781,650.00","تم السداد 781,650.00","تم السداد 260,550.00","تم السداد 260,550.00",0,5211000,البنك العربي الأفريقي الدولي,15-Sep-21,1,DLM0080,30-Aug-21
علي يوسف مصطفى العطار,1469856835,181,181-villa,4647000,1,"20%, 20%,20%, 15%,15%, 5%, 5%","تم السداد 929,400.00","تم السداد 929,400.00","تم السداد 929,400.00","تم السداد 697,050.00","تم السداد 697,050.00","تم السداد 232,350.00","تم السداد 232,350.00",0,4647000,البنك العربي الأفريقي الدولي,9-Aug-21,1,DLM0081,21-Aug-21
عمرو مصطفى حسين سالم,4880290955,182,182-villa,4885000,1,"20%, 20%,20%, 15%,15%, 5%, 5%","تم السداد 977,000.00","تم السداد 977,000.00","تم السداد 977,000.00","تم السداد 732,750.00","تم السداد 732,750.00","تم السداد 244,250.00","244,250.00",244250,4640750,بنك مصر,19-Sep-21,1,DLM0082,28-Aug-21
ياسين صبحي خالد الشربيني,1217274350,183,183-villa,4778000,1,"20%, 20%,20%, 15%,15%, 5%, 5%","تم السداد 955,600.00","تم السداد 955,600.00","تم السداد 955,600.00","تم السداد 716,700.00","تم السداد 716,700.00","تم السداد 238,900.00","238,900.00",238900,4539100,البنك التجاري الدولي CIB,27-Sep-21,1,DLM0083,25-Aug-21
أشرف عادل جمال منصور,8205720595,184,184-villa,4751000,1,"20%, 20%,20%, 15%,15%, 5%, 5%","تم السداد 950,200.00","تم السداد 950,200.00","تم السداد 950,200.00","تم السداد 712,650.00","تم السداد 712,650.00","تم السداد 237,550.00","237,550.00",237550,4513450,البنك الأهلي المصري,6-Aug-21,1,DLM0084,19-Sep-21
وائل علي سليمان خليل,9533867580,185,185-villa,6053000,1,"20%, 20%,20%, 15%,15%, 5%, 5%","تم السداد 1,210,600.00","تم السداد 1,210,600.00","تم السداد 1,210,600.00","تم السداد 907,950.00","تم السداد 907,950.00","تم السداد 302,650.00","302,650.00",302650,5750350,البنك الأهلي المصري,16-Oct-21,1,DLM0085,21-Sep-21
هاني سمير جابر عبدالفتاح,4994666873,186,186-villa,5395000,1,"20%, 20%,20%, 15%,15%, 5%, 5%","تم السداد 1,079,000.00","تم السداد 1,079,000.00","تم السداد 1,079,000.00","تم السداد 809,250.00","تم السداد 809,250.00","تم السداد 269,750.00","تم السداد 269,750.00",0,5395000,البنك العربي الأفريقي الدولي,6-Nov-21,1,DLM0086,21-Oct-21
سامح رشاد فاروق حجازي,2335725234,187,187-villa,4684000,1,"20%, 20%,20%, 15%,15%, 5%, 5%","تم السداد 936,800.00","تم السداد 936,800.00","تم السداد 936,800.00","تم السداد 702,600.00","تم السداد 702,600.00","تم السداد 234,200.00","234,200.00",234200,4449800,البنك الأهلي المصري,8-Nov-21,1,DLM0087,30-Oct-21
محمد فؤاد فتحي عبدالرازق,6205110389,188,188-villa,5431000,1,"20%, 20%,20%, 15%,15%, 5%, 5%","تم السداد 1,086,200.00","تم السداد 1,086,200.00","تم السداد 1,086,200.00","تم السداد 814,650.00","تم السداد 814,650.00","تم السداد 271,550.00","271,550.00",271550,5159450,البنك التجاري الدولي CIB,20-Sep-21,1,DLM0088,13-Sep-21
عمرو جمال صبحي السيد,6931684178,189,189-villa,5145000,1,"20%, 20%,20%, 15%,15%, 5%, 5%","تم السداد 1,029,000.00","تم السداد 1,029,000.00","تم السداد 1,029,000.00","تم السداد 771,750.00","تم السداد 771,750.00","تم السداد 257,250.00","257,250.00",257250,4887750,البنك الأهلي المصري,19-Aug-21,1,DLM0089,30-Aug-21
باسم عصام مجدي يونس,6980919036,190,190-villa,5380000,1,"20%, 20%,20%, 15%,15%, 5%, 5%","تم السداد 1,076,000.00","تم السداد 1,076,000.00","تم السداد 1,076,000.00","تم السداد 807,000.00","تم السداد 807,000.00","تم السداد 269,000.00","269,000.00",269000,5111000,بنك مصر,8-Aug-21,1,DLM0090,18-Aug-21
كريم عبدالله محمد السيد,5242409822,191,191-villa,5083000,1,"20%, 20%,20%, 15%,15%, 5%, 5%","تم السداد 1,016,600.00","تم السداد 1,016,600.00","تم السداد 1,016,600.00","تم السداد 762,450.00","تم السداد 762,450.00","تم السداد 254,150.00","254,150.00",254150,4828850,بنك مصر,8-Aug-21,1,DLM0091,2-Sep-21
شريف فاروق عصام المنياوي,5403241181,192,192-villa,5385000,1,"20%, 20%,20%, 15%,15%, 5%, 5%","تم السداد 1,077,000.00","تم السداد 1,077,000.00","تم السداد 1,077,000.00","تم السداد 807,750.00","تم السداد 807,750.00","تم السداد 269,250.00","269,250.00",269250,5115750,بنك مصر,6-Sep-21,1,DLM0092,25-Aug-21
إسلام عاطف جمال الرفاعي,4270645294,193,193-villa,4660000,1,"20%, 20%,20%, 15%,15%, 5%, 5%","تم السداد 932,000.00","تم السداد 932,000.00","تم السداد 932,000.00","تم السداد 699,000.00","تم السداد 699,000.00","تم السداد 233,000.00","233,000.00",233000,4427000,بنك مصر,18-Aug-21,1,DLM0093,17-Aug-21
حازم عادل فؤاد الزيات,8157917723,194,194-villa,4875000,1,"20%, 20%,20%, 15%,15%, 5%, 5%","تم السداد 975,000.00","تم السداد 975,000.00","تم السداد 975,000.00","تم السداد 731,250.00","تم السداد 731,250.00","تم السداد 243,750.00","243,750.00",243750,4631250,بنك مصر,30-Sep-21,1,DLM0094,23-Sep-21
وائل عادل عاطف بدوي,6394791149,195,195-villa,5283000,1,"20%, 20%,20%, 15%,15%, 5%, 5%","تم السداد 1,056,600.00","تم السداد 1,056,600.00","تم السداد 1,056,600.00","تم السداد 792,450.00","تم السداد 792,450.00","تم السداد 264,150.00","264,150.00",264150,5018850,بنك مصر,15-Sep-21,1,DLM0095,25-Sep-21
إبراهيم رشاد عبدالرحمن حجازي,5690407074,196,196-villa,4785000,1,"20%, 20%,20%, 15%,15%, 5%, 5%","تم السداد 957,000.00","تم السداد 957,000.00","تم السداد 957,000.00","تم السداد 717,750.00","تم السداد 717,750.00","تم السداد 239,250.00","239,250.00",239250,4545750,بنك مصر,4-Oct-21,1,DLM0096,19-Sep-21
مروان صلاح يوسف عبدالسلام,5899619707,197,197-villa,4801000,1,"20%, 20%,20%, 15%,15%, 5%, 5%","تم السداد 960,200.00","تم السداد 960,200.00","تم السداد 960,200.00","تم السداد 720,150.00","تم السداد 720,150.00","تم السداد 240,050.00","240,050.00",240050,4560950,بنك مصر,3-Sep-21,1,DLM0097,6-Sep-21
ماجد عصام فؤاد عبداللطيف,3691191017,198,198-villa,4880000,1,"20%, 20%,20%, 15%,15%, 5%, 5%","تم السداد 976,000.00","تم السداد 976,000.00","تم السداد 976,000.00","تم السداد 732,000.00","تم السداد 732,000.00","تم السداد 244,000.00","244,000.00",244000,4636000,البنك الأهلي المصري,26-Sep-21,1,DLM0098,23-Aug-21
تامر فؤاد جابر شحاتة,1678236429,199,199-villa,3412000,1,"20%, 20%,20%, 15%,15%, 5%, 5%","تم السداد 682,400.00","تم السداد 682,400.00","تم السداد 682,400.00","تم السداد 511,800.00","تم السداد 511,800.00","تم السداد 170,600.00","170,600.00",170600,3241400,البنك الأهلي المصري,24-Aug-21,1,DLM0099,23-Sep-21
أدهم حسين حسن الرفاعي,8862332666,200,200-villa,6027000,1,"20%, 20%,20%, 15%,15%, 5%, 5%","تم السداد 1,205,400.00","تم السداد 1,205,400.00","تم السداد 1,205,400.00","تم السداد 904,050.00","تم السداد 904,050.00","تم السداد 301,350.00","301,350.00",301350,5725650,EGBANK - البنك المصري الخليجي,18-Aug-21,1,DLM0100,20-Aug-21
جورج إبراهيم مختار الشافعي,6576872184,201,201-villa,5009000,1,"20%, 20%,20%, 15%,15%, 5%, 5%","تم السداد 1,001,800.00","تم السداد 1,001,800.00","تم السداد 1,001,800.00","تم السداد 751,350.00","تم السداد 751,350.00","تم السداد 250,450.00","250,450.00",250450,4758550,البنك الأهلي المصري,23-Sep-21,1,DLM0101,28-Aug-21
شريف عبدالله مصطفى الجندي,4673966841,202,202-villa,5063000,1,"20%, 20%,20%, 15%,15%, 5%, 5%","تم السداد 1,012,600.00","تم السداد 1,012,600.00","تم السداد 1,012,600.00","تم السداد 759,450.00","تم السداد 759,450.00","تم السداد 253,150.00","253,150.00",253150,4809850,البنك الأهلي المصري,28-Oct-21,1,DLM0102,19-Oct-21
سامي أحمد حمدي حبيب,9177174315,203,203-villa,6014000,1,"20%, 20%,20%, 15%,15%, 5%, 5%","تم السداد 1,202,800.00","تم السداد 1,202,800.00","تم السداد 1,202,800.00","تم السداد 902,100.00","تم السداد 902,100.00","تم السداد 300,700.00","300,700.00",300700,5713300,البنك الأهلي المصري,16-Aug-21,1,DLM0103,27-Sep-21
عبدالله فاروق علي مبارك,8917240372,204,204-villa,5115000,1,"20%, 20%,20%, 15%,15%, 5%, 5%","تم السداد 1,023,000.00","تم السداد 1,023,000.00","تم السداد 1,023,000.00","تم السداد 767,250.00","تم السداد 767,250.00","تم السداد 255,750.00","255,750.00",255750,4859250,بنك مصر,3-Sep-21,1,DLM0104,1-Sep-21
حسن محمود طارق الزيات,3045943213,205,205-villa,4267000,1,"20%, 20%,20%, 15%,15%, 5%, 5%","تم السداد 853,400.00","تم السداد 853,400.00","تم السداد 853,400.00","تم السداد 640,050.00","تم السداد 640,050.00","تم السداد 213,350.00","213,350.00",213350,4053650,بنك مصر,25-Aug-21,1,DLM0105,27-Sep-21
أدهم صبحي حمدي الطنطاوي,8373143399,206,206-villa,4723000,1,"20%, 20%,20%, 15%,15%, 5%, 5%","تم السداد 944,600.00","تم السداد 944,600.00","تم السداد 944,600.00","تم السداد 708,450.00","تم السداد 708,450.00","تم السداد 236,150.00","236,150.00",236150,4486850,البنك الأهلي المصري,30-Aug-21,1,DLM0106,16-Sep-21
مجدي كمال صبري فوزي,9939442147,207,207-villa,4820000,1,"20%, 20%,20%, 15%,15%, 5%, 5%","تم السداد 964,000.00","تم السداد 964,000.00","تم السداد 964,000.00","تم السداد 723,000.00","تم السداد 723,000.00","تم السداد 241,000.00","241,000.00",241000,4579000,كريدي أجريكول مصر,10-Sep-21,1,DLM0107,1-Sep-21
عمرو أحمد لطفي عبدالمقصود,1365292864,208,208-villa,5047000,1,"20%, 20%,20%, 15%,15%, 5%, 5%","تم السداد 1,009,400.00","تم السداد 1,009,400.00","تم السداد 1,009,400.00","تم السداد 757,050.00","تم السداد 757,050.00","تم السداد 252,350.00","252,350.00",252350,4794650,بنك القاهرة,31-Jul-21,1,DLM0108,27-Jul-21
عمر إبراهيم سليمان يونس,8009446196,209,209-villa,4798000,1,"20%, 20%,20%, 15%,15%, 5%, 5%","تم السداد 959,600.00","تم السداد 959,600.00","تم السداد 959,600.00","تم السداد 719,700.00","تم السداد 719,700.00","تم السداد 239,900.00","تم السداد 239,900.00",0,4798000,البنك العربي الأفريقي الدولي,24-Aug-21,1,DLM0109,2-Sep-21
جورج مصطفى رجب محمود,7008857314,210,210-villa,6158000,1,"20%, 20%,20%, 15%,15%, 5%, 5%","تم السداد 1,231,600.00","تم السداد 1,231,600.00","تم السداد 1,231,600.00","تم السداد 923,700.00","تم السداد 923,700.00","تم السداد 307,900.00","تم السداد 307,900.00",0,6158000,البنك العربي الأفريقي الدولي,8-Oct-21,1,DLM0110,4-Sep-21
عبدالرحمن إبراهيم مصطفى حسن,8879278384,211,211-villa,4956000,1,"20%, 20%,20%, 15%,15%, 5%, 5%","تم السداد 991,200.00","تم السداد 991,200.00","تم السداد 991,200.00","تم السداد 743,400.00","تم السداد 743,400.00","تم السداد 247,800.00","247,800.00",247800,4708200,البنك التجاري الدولي CIB,27-Aug-21,1,DLM0111,15-Sep-21
رنا مصطفى محمد جابر,1877293903,212,212-villa,5180000,1,"20%, 20%,20%, 15%,15%, 5%, 5%","تم السداد 1,036,000.00","تم السداد 1,036,000.00","تم السداد 1,036,000.00","تم السداد 777,000.00","تم السداد 777,000.00","تم السداد 259,000.00","259,000.00",259000,4921000,البنك التجاري الدولي CIB,28-Aug-21,1,DLM0112,26-Sep-21
يوسف رجب صبحي فوزي,1926463585,213,213-villa,4693000,1,"20%, 20%,20%, 15%,15%, 5%, 5%","تم السداد 938,600.00","تم السداد 938,600.00","تم السداد 938,600.00","تم السداد 703,950.00","تم السداد 703,950.00","تم السداد 234,650.00","234,650.00",234650,4458350,البنك التجاري الدولي CIB,24-Sep-21,1,DLM0113,24-Aug-21
ياسين مصطفى صبحي الإسكندراني,7255851088,214,214-villa,4536000,1,"20%, 20%,20%, 15%,15%, 5%, 5%","تم السداد 907,200.00","تم السداد 907,200.00","تم السداد 907,200.00","تم السداد 680,400.00","تم السداد 680,400.00","تم السداد 226,800.00","226,800.00",226800,4309200,البنك التجاري الدولي CIB,1-Sep-21,1,DLM0114,3-Oct-21
حسن كمال نبيل منصور,1221230655,215,215-villa,5738000,1,"20%, 20%,20%, 15%,15%, 5%, 5%","تم السداد 1,147,600.00","تم السداد 1,147,600.00","تم السداد 1,147,600.00","تم السداد 860,700.00","تم السداد 860,700.00","تم السداد 286,900.00","286,900.00",286900,5451100,البنك التجاري الدولي CIB,10-Sep-21,1,DLM0115,3-Oct-21
محمود عبدالرحمن سمير السيد,4554238522,216,216-villa,4913000,1,"20%, 20%,20%, 15%,15%, 5%, 5%","تم السداد 982,600.00","تم السداد 982,600.00","تم السداد 982,600.00","تم السداد 736,950.00","تم السداد 736,950.00","تم السداد 245,650.00","245,650.00",245650,4667350,بنك مصر,10-Oct-21,1,DLM0116,24-Aug-21
سامي يوسف علي الزيني,2752832597,217,217-villa,4893000,1,"20%, 20%,20%, 15%,15%, 5%, 5%","تم السداد 978,600.00","تم السداد 978,600.00","تم السداد 978,600.00","تم السداد 733,950.00","تم السداد 733,950.00","تم السداد 244,650.00","244,650.00",244650,4648350,البنك الأهلي المصري,7-Oct-21,1,DLM0117,13-Sep-21
معتز عاطف مصطفى حجازي,2971708384,218,218-villa,4761000,1,"20%, 20%,20%, 15%,15%, 5%, 5%","تم السداد 952,200.00","تم السداد 952,200.00","تم السداد 952,200.00","تم السداد 714,150.00","تم السداد 714,150.00","تم السداد 238,050.00","238,050.00",238050,4522950,بنك الإسكندرية,31-Aug-21,1,DLM0118,28-Sep-21
حسن صلاح حسين مبارك,5289815590,219,219-villa,4557000,1,"20%, 20%,20%, 15%,15%, 5%, 5%","تم السداد 911,400.00","تم السداد 911,400.00","تم السداد 911,400.00","تم السداد 683,550.00","تم السداد 683,550.00","تم السداد 227,850.00","227,850.00",227850,4329150,بنك الإسكندرية,25-Aug-21,1,DLM0119,4-Sep-21
علاء سمير حسن شحاتة,7164605611,220,220-villa,5129000,1,"20%, 20%,20%, 15%,15%, 5%, 5%","تم السداد 1,025,800.00","تم السداد 1,025,800.00","تم السداد 1,025,800.00","تم السداد 769,350.00","تم السداد 769,350.00","تم السداد 256,450.00","256,450.00",256450,4872550,بنك الإسكندرية,10-Oct-21,1,DLM0120,24-Sep-21
مصطفى عبدالرحمن يوسف القاضي,9675723727,221,221-villa,4387000,1,"20%, 20%,20%, 15%,15%, 5%, 5%","تم السداد 877,400.00","تم السداد 877,400.00","تم السداد 877,400.00","تم السداد 658,050.00","تم السداد 658,050.00","تم السداد 219,350.00","219,350.00",219350,4167650,البنك التجاري الدولي CIB,8-Sep-21,1,DLM0121,13-Sep-21
فادي علي مختار الجندي,7442393755,222,222-villa,6177000,1,"20%, 20%,20%, 15%,15%, 5%, 5%","تم السداد 1,235,400.00","تم السداد 1,235,400.00","تم السداد 1,235,400.00","تم السداد 926,550.00","تم السداد 926,550.00","تم السداد 308,850.00","308,850.00",308850,5868150,البنك التجاري الدولي CIB,31-Aug-21,1,DLM0122,15-Sep-21
رامز جمال سليمان المصري,4755104947,223,223-villa,4749000,1,"20%, 20%,20%, 15%,15%, 5%, 5%","تم السداد 949,800.00","تم السداد 949,800.00","تم السداد 949,800.00","تم السداد 712,350.00","تم السداد 712,350.00","تم السداد 237,450.00","237,450.00",237450,4511550,EGBANK - البنك المصري الخليجي,31-Aug-21,1,DLM0123,9-Oct-21
محمد فتحي مجدي عبدالمجيد,7437718139,224,224-villa,5022000,1,"20%, 20%,20%, 15%,15%, 5%, 5%","تم السداد 1,004,400.00","تم السداد 1,004,400.00","تم السداد 1,004,400.00","تم السداد 753,300.00","تم السداد 753,300.00","تم السداد 251,100.00","251,100.00",251100,4770900,بنك مصر,29-Aug-21,1,DLM0124,6-Sep-21
وليد إبراهيم محمد المرسي,4101140466,225,225-villa,5670000,1,"20%, 20%,20%, 15%,15%, 5%, 5%","تم السداد 1,134,000.00","تم السداد 1,134,000.00","تم السداد 1,134,000.00","تم السداد 850,500.00","تم السداد 850,500.00","تم السداد 283,500.00","283,500.00",283500,5386500,بنك مصر,18-Sep-21,1,DLM0125,20-Sep-21
تامر يوسف حمدي سالم,3206989465,226,226-villa,5857000,1,"20%, 20%,20%, 15%,15%, 5%, 5%","تم السداد 1,171,400.00","تم السداد 1,171,400.00","تم السداد 1,171,400.00","تم السداد 878,550.00","تم السداد 878,550.00","تم السداد 292,850.00","292,850.00",292850,5564150,بنك مصر,8-Sep-21,1,DLM0126,4-Oct-21
أشرف عبدالرحمن عادل العشري,5577306960,227,227-villa,5115000,1,"20%, 20%,20%, 15%,15%, 5%, 5%","تم السداد 1,023,000.00","تم السداد 1,023,000.00","تم السداد 1,023,000.00","تم السداد 767,250.00","تم السداد 767,250.00","تم السداد 255,750.00","255,750.00",255750,4859250,بنك مصر,18-Sep-21,1,DLM0127,2-Oct-21
حسين يوسف حسين السعدني,1725723409,228,228-villa,5461000,1,"20%, 20%,20%, 15%,15%, 5%, 5%","تم السداد 1,092,200.00","تم السداد 1,092,200.00","تم السداد 1,092,200.00","تم السداد 819,150.00","تم السداد 819,150.00","تم السداد 273,050.00","273,050.00",273050,5187950,بنك مصر,8-Oct-21,1,DLM0128,2-Oct-21
بيشوي رمضان سليمان بدوي,6126867084,229,229-villa,4932000,1,"20%, 20%,20%, 15%,15%, 5%, 5%","تم السداد 986,400.00","تم السداد 986,400.00","تم السداد 986,400.00","تم السداد 739,800.00","تم السداد 739,800.00","تم السداد 246,600.00","246,600.00",246600,4685400,بنك مصر,22-Sep-21,1,DLM0129,17-Sep-21
محمود مجدي رمضان عبدالفتاح,3636856087,230,230-villa,5299000,1,"20%, 20%,20%, 15%,15%, 5%, 5%","تم السداد 1,059,800.00","تم السداد 1,059,800.00","تم السداد 1,059,800.00","تم السداد 794,850.00","تم السداد 794,850.00","تم السداد 264,950.00","264,950.00",264950,5034050,بنك مصر,4-Sep-21,1,DLM0130,9-Oct-21
باسم حسين فتحي صلاح,8019512764,231,231-villa,4750000,1,"20%, 20%,20%, 15%,15%, 5%, 5%","تم السداد 950,000.00","تم السداد 950,000.00","تم السداد 950,000.00","تم السداد 712,500.00","تم السداد 712,500.00","تم السداد 237,500.00","237,500.00",237500,4512500,بنك مصر,13-Oct-21,1,DLM0131,16-Sep-21
عمرو رمضان نبيل لطفي,2194216438,232,232-villa,5398000,1,"20%, 20%,20%, 15%,15%, 5%, 5%","تم السداد 1,079,600.00","تم السداد 1,079,600.00","تم السداد 1,079,600.00","تم السداد 809,700.00","تم السداد 809,700.00","تم السداد 269,900.00","269,900.00",269900,5128100,بنك مصر,27-Sep-21,1,DLM0132,9-Oct-21
ماهر فتحي أحمد الرفاعي,5120486288,233,233-villa,4887000,1,"20%, 20%,20%, 15%,15%, 5%, 5%","تم السداد 977,400.00","تم السداد 977,400.00","تم السداد 977,400.00","تم السداد 733,050.00","تم السداد 733,050.00","تم السداد 244,350.00","244,350.00",244350,4642650,بنك مصر,3-Oct-21,1,DLM0133,21-Sep-21
رؤوف خالد علي إبراهيم,2692045115,234,234-villa,4604000,1,"20%, 20%,20%, 15%,15%, 5%, 5%","تم السداد 920,800.00","تم السداد 920,800.00","تم السداد 920,800.00","تم السداد 690,600.00","تم السداد 690,600.00","تم السداد 230,200.00","230,200.00",230200,4373800,بنك مصر,10-Oct-21,1,DLM0134,26-Sep-21
أشرف فتحي صلاح إبراهيم,8030527938,235,235-villa,4970000,1,"20%, 20%,20%, 15%,15%, 5%, 5%","تم السداد 994,000.00","تم السداد 994,000.00","تم السداد 994,000.00","تم السداد 745,500.00","تم السداد 745,500.00","تم السداد 248,500.00","248,500.00",248500,4721500,بنك القاهرة,24-Sep-21,1,DLM0135,11-Sep-21
باسم صلاح مختار السعدني,3911425390,236,236-villa,4815000,1,"20%, 20%,20%, 15%,15%, 5%, 5%","تم السداد 963,000.00","تم السداد 963,000.00","تم السداد 963,000.00","تم السداد 722,250.00","تم السداد 722,250.00","تم السداد 240,750.00","240,750.00",240750,4574250,كريدي أجريكول مصر,8-Sep-21,1,DLM0136,29-Aug-21
ماجد إبراهيم سيد حسين,2590872033,237,237-villa,4481000,1,"20%, 20%,20%, 15%,15%, 5%, 5%","تم السداد 896,200.00","تم السداد 896,200.00","تم السداد 896,200.00","تم السداد 672,150.00","تم السداد 672,150.00","تم السداد 224,050.00","224,050.00",224050,4256950,بنك مصر,12-Oct-21,1,DLM0137,4-Sep-21
رامز فاروق محمد البدري,9341269864,238,238-villa,4719000,1,"20%, 20%,20%, 15%,15%, 5%, 5%","تم السداد 943,800.00","تم السداد 943,800.00","تم السداد 943,800.00","تم السداد 707,850.00","تم السداد 707,850.00","تم السداد 235,950.00","235,950.00",235950,4483050,بنك مصر,6-Oct-21,1,DLM0138,25-Sep-21
عادل يوسف محمد البدري,8401886133,239,239-villa,6287000,1,"20%, 20%,20%, 15%,15%, 5%, 5%","تم السداد 1,257,400.00","تم السداد 1,257,400.00","تم السداد 1,257,400.00","تم السداد 943,050.00","تم السداد 943,050.00","تم السداد 314,350.00","314,350.00",314350,5972650,EGBANK - البنك المصري الخليجي,7-Sep-21,1,DLM0139,18-Sep-21
علاء عادل لطفي شحاتة,6509067347,240,240-villa,3440000,1,"20%, 20%,20%, 15%,15%, 5%, 5%","تم السداد 688,000.00","تم السداد 688,000.00","تم السداد 688,000.00","تم السداد 516,000.00","تم السداد 516,000.00","تم السداد 172,000.00","172,000.00",172000,3268000,بنك مصر,12-Oct-21,1,DLM0140,23-Sep-21
عبدالله جمال يوسف الزيني,2367595105,241,241-villa,4418000,1,"20%, 20%,20%, 15%,15%, 5%, 5%","تم السداد 883,600.00","تم السداد 883,600.00","تم السداد 883,600.00","تم السداد 662,700.00","تم السداد 662,700.00","تم السداد 220,900.00","220,900.00",220900,4197100,بنك مصر,8-Oct-21,1,DLM0141,18-Sep-21
حازم يوسف حسين شاكر,3518556998,242,242-villa,4597000,1,"20%, 20%,20%, 15%,15%, 5%, 5%","تم السداد 919,400.00","تم السداد 919,400.00","تم السداد 919,400.00","تم السداد 689,550.00","تم السداد 689,550.00","تم السداد 229,850.00","229,850.00",229850,4367150,بنك مصر,13-Oct-21,1,DLM0142,8-Sep-21
عبدالله عادل حسين الزيني,5635636131,243,243-villa,3366000,1,"20%, 20%,20%, 15%,15%, 5%, 5%","تم السداد 673,200.00","تم السداد 673,200.00","تم السداد 673,200.00","تم السداد 504,900.00","تم السداد 504,900.00","تم السداد 168,300.00","168,300.00",168300,3197700,البنك التجاري الدولي CIB,15-Oct-21,1,DLM0143,18-Sep-21
بيشوي لطفي سيد مراد,8529320381,244,244-villa,3554000,1,"20%, 20%,20%, 15%,15%, 5%, 5%","تم السداد 710,800.00","تم السداد 710,800.00","تم السداد 710,800.00","تم السداد 533,100.00","تم السداد 533,100.00","تم السداد 177,700.00","177,700.00",177700,3376300,البنك الأهلي المصري,3-Sep-21,1,DLM0144,25-Sep-21
خالد كمال رجب الوكيل,6997560113,245,245-villa,5670000,1,"20%, 20%,20%, 15%,15%, 5%, 5%","تم السداد 1,134,000.00","تم السداد 1,134,000.00","تم السداد 1,134,000.00","تم السداد 850,500.00","تم السداد 850,500.00","تم السداد 283,500.00","283,500.00",283500,5386500,البنك الأهلي المصري,22-Sep-21,1,DLM0145,8-Sep-21
هشام رمضان محمد البنا,5816647440,246,246-villa,4511000,1,"20%, 20%,20%, 15%,15%, 5%, 5%","تم السداد 902,200.00","تم السداد 902,200.00","تم السداد 902,200.00","تم السداد 676,650.00","تم السداد 676,650.00","تم السداد 225,550.00","225,550.00",225550,4285450,بنك مصر,12-Sep-21,1,DLM0146,18-Sep-21
مروان علي سعيد الزيات,8244066626,247,247-villa,4981000,1,"20%, 20%,20%, 15%,15%, 5%, 5%","تم السداد 996,200.00","تم السداد 996,200.00","تم السداد 996,200.00","تم السداد 747,150.00","تم السداد 747,150.00","تم السداد 249,050.00","249,050.00",249050,4731950,بنك مصر,16-Sep-21,1,DLM0147,2-Oct-21
إسلام عادل سمير الطنطاوي,7069695459,248,248-villa,4866000,1,"20%, 20%,20%, 15%,15%, 5%, 5%","تم السداد 973,200.00","تم السداد 973,200.00","تم السداد 973,200.00","تم السداد 729,900.00","تم السداد 729,900.00","تم السداد 243,300.00","243,300.00",243300,4622700,بنك القاهرة,6-Sep-21,1,DLM0148,7-Sep-21
ماجد مصطفى رشاد صادق,8031093516,249,249-villa,4622000,1,"20%, 20%,20%, 15%,15%, 5%, 5%","تم السداد 924,400.00","تم السداد 924,400.00","تم السداد 924,400.00","تم السداد 693,300.00","تم السداد 693,300.00","تم السداد 231,100.00","231,100.00",231100,4390900,البنك الأهلي المصري,6-Sep-21,1,DLM0149,3-Oct-21
علي محمد علي النجار,3097796167,250,250-villa,5665000,1,"20%, 20%,20%, 15%,15%, 5%, 5%","تم السداد 1,133,000.00","تم السداد 1,133,000.00","تم السداد 1,133,000.00","تم السداد 849,750.00","تم السداد 849,750.00","283,250.00","283,250.00",566500,5098500,البنك الأهلي المصري,20-Sep-21,1,DLM0150,14-Oct-21
رؤوف مجدي إبراهيم الشربيني,4656676081,251,251-villa,5889000,1,"20%, 20%,20%, 15%,15%, 5%, 5%","تم السداد 1,177,800.00","تم السداد 1,177,800.00","تم السداد 1,177,800.00","تم السداد 883,350.00","تم السداد 883,350.00","تم السداد 294,450.00","294,450.00",294450,5594550,بنك مصر,4-Oct-21,1,DLM0151,18-Sep-21
علاء نبيل مختار البدري,1925732450,252,252-villa,5021000,1,"20%, 20%,20%, 15%,15%, 5%, 5%","تم السداد 1,004,200.00","تم السداد 1,004,200.00","تم السداد 1,004,200.00","تم السداد 753,150.00","تم السداد 753,150.00","تم السداد 251,050.00","251,050.00",251050,4769950,البنك التجاري الدولي CIB,5-Sep-21,1,DLM0152,3-Oct-21
وائل طارق خالد الزيات,4574624102,253,253-villa,6024000,1,"20%, 20%,20%, 15%,15%, 5%, 5%","تم السداد 1,204,800.00","تم السداد 1,204,800.00","تم السداد 1,204,800.00","تم السداد 903,600.00","تم السداد 903,600.00","تم السداد 301,200.00","301,200.00",301200,5722800,بنك مصر,21-Oct-21,1,DLM0153,15-Oct-21
مينا فاروق حسين السوهاجي,7162051682,254,254-villa,4749000,1,"20%, 20%,20%, 15%,15%, 5%, 5%","تم السداد 949,800.00","تم السداد 949,800.00","تم السداد 949,800.00","تم السداد 712,350.00","تم السداد 712,350.00","تم السداد 237,450.00","237,450.00",237450,4511550,بنك القاهرة,18-Sep-21,1,DLM0154,24-Sep-21
خالد مجدي حمدي حبيب,4097964783,255,255-villa,5008000,1,"20%, 20%,20%, 15%,15%, 5%, 5%","تم السداد 1,001,600.00","تم السداد 1,001,600.00","تم السداد 1,001,600.00","تم السداد 751,200.00","تم السداد 751,200.00","تم السداد 250,400.00","250,400.00",250400,4757600,بنك القاهرة,29-Sep-21,1,DLM0155,3-Oct-21
سامح كمال سمير الجندي,1699145595,256,256-villa,5000000,1,"20%, 20%,20%, 15%,15%, 5%, 5%","تم السداد 1,000,000.00","تم السداد 1,000,000.00","تم السداد 1,000,000.00","تم السداد 750,000.00","تم السداد 750,000.00","تم السداد 250,000.00","250,000.00",250000,4750000,البنك التجاري الدولي CIB,9-Oct-21,1,DLM0156,19-Oct-21
مجدي صبحي حمدي العشري,3748342670,257,257-villa,4635000,1,"20%, 20%,20%, 15%,15%, 5%, 5%","تم السداد 927,000.00","تم السداد 927,000.00","تم السداد 927,000.00","تم السداد 695,250.00","تم السداد 695,250.00","تم السداد 231,750.00","231,750.00",231750,4403250,بنك مصر,27-Oct-21,1,DLM0157,3-Oct-21
هاني سمير عبدالرحمن العطار,1115616698,258,258-villa,5687000,1,"20%, 20%,20%, 15%,15%, 5%, 5%","تم السداد 1,137,400.00","تم السداد 1,137,400.00","تم السداد 1,137,400.00","تم السداد 853,050.00","تم السداد 853,050.00","تم السداد 284,350.00","284,350.00",284350,5402650,بنك مصر,27-Oct-21,1,DLM0158,13-Oct-21
باسم سليمان علي الدسوقي,2064421999,259,259-villa,5409000,1,"20%, 20%,20%, 15%,15%, 5%, 5%","تم السداد 1,081,800.00","تم السداد 1,081,800.00","تم السداد 1,081,800.00","تم السداد 811,350.00","تم السداد 811,350.00","تم السداد 270,450.00","270,450.00",270450,5138550,البنك التجاري الدولي CIB,19-Oct-21,1,DLM0159,8-Oct-21
رامي كمال عبدالرحمن عبدالحليم,3171397271,260,260-villa,4865000,1,"20%, 20%,20%, 15%,15%, 5%, 5%","تم السداد 973,000.00","تم السداد 973,000.00","تم السداد 973,000.00","تم السداد 729,750.00","تم السداد 729,750.00","تم السداد 243,250.00","243,250.00",243250,4621750,بنك مصر,25-Oct-21,1,DLM0160,5-Oct-21
نيرمين خالد جابر بدوي,1523303471,261,261-villa,4966000,1,"20%, 20%,20%, 15%,15%, 5%, 5%","تم السداد 993,200.00","تم السداد 993,200.00","تم السداد 993,200.00","تم السداد 744,900.00","تم السداد 744,900.00","تم السداد 248,300.00","248,300.00",248300,4717700,بنك مصر,22-Oct-21,1,DLM0161,12-Sep-21
زياد صبري مختار السيد,1416998883,262,262-villa,4954000,1,"20%, 20%,20%, 15%,15%, 5%, 5%","تم السداد 990,800.00","تم السداد 990,800.00","تم السداد 990,800.00","تم السداد 743,100.00","تم السداد 743,100.00","تم السداد 247,700.00","247,700.00",247700,4706300,بنك القاهرة,20-Oct-21,1,DLM0162,24-Oct-21
أشرف سمير شوقي صلاح,5237981083,263,263-villa,4972000,1,"20%, 20%,20%, 15%,15%, 5%, 5%","تم السداد 994,400.00","تم السداد 994,400.00","تم السداد 994,400.00","تم السداد 745,800.00","تم السداد 745,800.00","تم السداد 248,600.00","248,600.00",248600,4723400,البنك التجاري الدولي CIB,20-Sep-21,1,DLM0163,23-Sep-21
إسلام فتحي خالد الجمل,6859202647,264,264-villa,3354000,1,"20%, 20%,20%, 15%,15%, 5%, 5%","تم السداد 670,800.00","تم السداد 670,800.00","تم السداد 670,800.00","تم السداد 503,100.00","تم السداد 503,100.00","تم السداد 167,700.00","167,700.00",167700,3186300,البنك الأهلي المصري,19-Oct-21,1,DLM0164,13-Sep-21
وائل عادل عاطف الزيات,1131978165,265,265-villa,4885000,1,"20%, 20%,20%, 15%,15%, 5%, 5%","تم السداد 977,000.00","تم السداد 977,000.00","تم السداد 977,000.00","تم السداد 732,750.00","تم السداد 732,750.00","تم السداد 244,250.00","244,250.00",244250,4640750,البنك التجاري الدولي CIB,5-Oct-21,1,DLM0165,29-Sep-21
مصطفى عاطف سمير الزيات,3472882384,266,266-villa,6083000,1,"20%, 20%,20%, 15%,15%, 5%, 5%","تم السداد 1,216,600.00","تم السداد 1,216,600.00","تم السداد 1,216,600.00","تم السداد 912,450.00","تم السداد 912,450.00","تم السداد 304,150.00","304,150.00",304150,5778850,البنك الأهلي المصري,23-Aug-21,1,DLM0166,30-Aug-21
يوسف فتحي أحمد النحاس,4147615882,267,267-villa,4873000,1,"20%, 20%,20%, 15%,15%, 5%, 5%","تم السداد 974,600.00","تم السداد 974,600.00","تم السداد 974,600.00","تم السداد 730,950.00","تم السداد 730,950.00","تم السداد 243,650.00","243,650.00",243650,4629350,بنك القاهرة,21-Oct-21,1,DLM0167,5-Oct-21
أحمد عادل سمير مبارك,4977102770,268,268-villa,4835000,1,"20%, 20%,20%, 15%,15%, 5%, 5%","تم السداد 967,000.00","تم السداد 967,000.00","تم السداد 967,000.00","تم السداد 725,250.00","تم السداد 725,250.00","تم السداد 241,750.00","241,750.00",241750,4593250,بنك القاهرة,18-Oct-21,1,DLM0168,18-Oct-21
هشام جمال عبدالله عبدالمجيد,2196262042,269,269-villa,4772000,1,"20%, 20%,20%, 15%,15%, 5%, 5%","تم السداد 954,400.00","تم السداد 954,400.00","تم السداد 954,400.00","تم السداد 715,800.00","تم السداد 715,800.00","تم السداد 238,600.00","238,600.00",238600,4533400,بنك مصر,29-Sep-21,1,DLM0169,24-Oct-21
باسم عصام إسماعيل القناوي,2212603942,270,270-villa,4892000,1,"20%, 20%,20%, 15%,15%, 5%, 5%","تم السداد 978,400.00","تم السداد 978,400.00","تم السداد 978,400.00","تم السداد 733,800.00","تم السداد 733,800.00","244,600.00","244,600.00",489200,4402800,البنك الأهلي المصري,1-Oct-21,1,DLM0170,10-Oct-21
مصطفى جابر مجدي إبراهيم,3036405184,271,271-villa,4868000,1,"20%, 20%,20%, 15%,15%, 5%, 5%","تم السداد 973,600.00","تم السداد 973,600.00","تم السداد 973,600.00","تم السداد 730,200.00","تم السداد 730,200.00","تم السداد 243,400.00","243,400.00",243400,4624600,بنك القاهرة,9-Oct-21,1,DLM0171,7-Oct-21
مينا لطفي مصطفى الدمرداش,2686875734,272,272-villa,4401000,1,"20%, 20%,20%, 15%,15%, 5%, 5%","تم السداد 880,200.00","تم السداد 880,200.00","تم السداد 880,200.00","تم السداد 660,150.00","تم السداد 660,150.00","تم السداد 220,050.00","220,050.00",220050,4180950,بنك الإسكندرية,24-Sep-21,1,DLM0172,29-Sep-21
أدهم فاروق سعيد السوهاجي,6953361671,273,273-villa,5052000,1,"20%, 20%,20%, 15%,15%, 5%, 5%","تم السداد 1,010,400.00","تم السداد 1,010,400.00","تم السداد 1,010,400.00","تم السداد 757,800.00","تم السداد 757,800.00","تم السداد 252,600.00","252,600.00",252600,4799400,بنك القاهرة,26-Oct-21,1,DLM0173,12-Nov-21
سامي فتحي عصام الجندي,7790074551,274,274-villa,5427000,1,"20%, 20%,20%, 15%,15%, 5%, 5%","تم السداد 1,085,400.00","تم السداد 1,085,400.00","تم السداد 1,085,400.00","تم السداد 814,050.00","تم السداد 814,050.00","تم السداد 271,350.00","271,350.00",271350,5155650,بنك الإسكندرية,24-Oct-21,1,DLM0174,7-Nov-21
هاني سليمان خالد حبيب,3323828044,275,275-villa,4593000,1,"20%, 20%,20%, 15%,15%, 5%, 5%","تم السداد 918,600.00","تم السداد 918,600.00","تم السداد 918,600.00","تم السداد 688,950.00","تم السداد 688,950.00","تم السداد 229,650.00","229,650.00",229650,4363350,بنك مصر,28-Sep-21,1,DLM0175,2-Oct-21
كريم إسماعيل مصطفى إبراهيم,3823551820,276,276-villa,5375000,1,"20%, 20%,20%, 15%,15%, 5%, 5%","تم السداد 1,075,000.00","تم السداد 1,075,000.00","تم السداد 1,075,000.00","تم السداد 806,250.00","تم السداد 806,250.00","تم السداد 268,750.00","268,750.00",268750,5106250,البنك التجاري الدولي CIB,2-Nov-21,1,DLM0176,4-Nov-21
عادل صبحي حسين محمود,2708348990,277,277-villa,4579000,1,"20%, 20%,20%, 15%,15%, 5%, 5%","تم السداد 915,800.00","تم السداد 915,800.00","تم السداد 915,800.00","تم السداد 686,850.00","تم السداد 686,850.00","تم السداد 228,950.00","228,950.00",228950,4350050,البنك التجاري الدولي CIB,29-Oct-21,1,DLM0177,3-Nov-21
نادر حمدي رشاد المنياوي,8907526167,278,278-villa,4749000,1,"20%, 20%,20%, 15%,15%, 5%, 5%","تم السداد 949,800.00","تم السداد 949,800.00","تم السداد 949,800.00","تم السداد 712,350.00","تم السداد 712,350.00","تم السداد 237,450.00","237,450.00",237450,4511550,بنك مصر,18-Nov-21,1,DLM0178,29-Oct-21
نادر طارق مجدي مصطفى,8163189816,279,279-villa,4747000,1,"20%, 20%,20%, 15%,15%, 5%, 5%","تم السداد 949,400.00","تم السداد 949,400.00","تم السداد 949,400.00","تم السداد 712,050.00","تم السداد 712,050.00","تم السداد 237,350.00","237,350.00",237350,4509650,بنك مصر,6-Dec-21,1,DLM0179,25-Nov-21
كريم عادل سعيد البحيري,8129351554,280,280-villa,5126000,1,"20%, 20%,20%, 15%,15%, 5%, 5%","تم السداد 1,025,200.00","تم السداد 1,025,200.00","تم السداد 1,025,200.00","تم السداد 768,900.00","تم السداد 768,900.00","تم السداد 256,300.00","256,300.00",256300,4869700,كريدي أجريكول مصر,7-Dec-21,1,DLM0180,5-Nov-21
كريم علي حسن الزيات,5254408438,281,281-villa,4702000,1,"20%, 20%,20%, 15%,15%, 5%, 5%","تم السداد 940,400.00","تم السداد 940,400.00","تم السداد 940,400.00","تم السداد 705,300.00","تم السداد 705,300.00","تم السداد 235,100.00","235,100.00",235100,4466900,بنك مصر,25-Nov-21,1,DLM0181,16-Dec-21
ماهر حسين سعيد بدوي,3597872244,282,282-villa,4982000,1,"20%, 20%,20%, 15%,15%, 5%, 5%","تم السداد 996,400.00","تم السداد 996,400.00","تم السداد 996,400.00","تم السداد 747,300.00","تم السداد 747,300.00","تم السداد 249,100.00","249,100.00",249100,4732900,البنك الأهلي المصري,18-Sep-21,1,DLM0182,3-Oct-21
علي صلاح حمدي عبدالحليم,9541053748,283,283-villa,4225000,1,"20%, 20%,20%, 15%,15%, 5%, 5%","تم السداد 845,000.00","تم السداد 845,000.00","تم السداد 845,000.00","تم السداد 633,750.00","تم السداد 633,750.00","تم السداد 211,250.00","211,250.00",211250,4013750,البنك الأهلي المصري,18-Sep-21,1,DLM0183,14-Oct-21
حسن عبدالله فاروق السعدني,5791847626,284,284-villa,5157000,1,"20%, 20%,20%, 15%,15%, 5%, 5%","تم السداد 1,031,400.00","تم السداد 1,031,400.00","تم السداد 1,031,400.00","تم السداد 773,550.00","تم السداد 773,550.00","تم السداد 257,850.00","257,850.00",257850,4899150,بنك مصر,26-Oct-21,1,DLM0184,28-Sep-21
رؤوف سيد عادل سالم,2097025022,285,285-villa,4866000,1,"20%, 20%,20%, 15%,15%, 5%, 5%","تم السداد 973,200.00","تم السداد 973,200.00","تم السداد 973,200.00","تم السداد 729,900.00","تم السداد 729,900.00","تم السداد 243,300.00","243,300.00",243300,4622700,بنك القاهرة,15-Sep-21,1,DLM0185,7-Oct-21
رامي عبدالله حسين فهمي,6399289580,286,286-villa,4809000,1,"20%, 20%,20%, 15%,15%, 5%, 5%","تم السداد 961,800.00","تم السداد 961,800.00","تم السداد 961,800.00","تم السداد 721,350.00","تم السداد 721,350.00","تم السداد 240,450.00","240,450.00",240450,4568550,بنك مصر,11-Oct-21,1,DLM0186,25-Sep-21
نادر شوقي عادل النحاس,5841086932,287,287-villa,5122000,1,"20%, 20%,20%, 15%,15%, 5%, 5%","تم السداد 1,024,400.00","تم السداد 1,024,400.00","تم السداد 1,024,400.00","تم السداد 768,300.00","تم السداد 768,300.00","تم السداد 256,100.00","256,100.00",256100,4865900,بنك مصر,19-Sep-21,1,DLM0187,23-Oct-21
حازم سمير أحمد الوكيل,8434905617,288,288-villa,5001000,1,"20%, 20%,20%, 15%,15%, 5%, 5%","تم السداد 1,000,200.00","تم السداد 1,000,200.00","تم السداد 1,000,200.00","تم السداد 750,150.00","تم السداد 750,150.00","تم السداد 250,050.00","250,050.00",250050,4750950,بنك مصر,10-Oct-21,1,DLM0188,25-Sep-21
فاطمة صبحي عاطف المنشاوي,2266975413,289,289-villa,4731000,1,"20%, 20%,20%, 15%,15%, 5%, 5%","تم السداد 946,200.00","تم السداد 946,200.00","تم السداد 946,200.00","تم السداد 709,650.00","تم السداد 709,650.00","تم السداد 236,550.00","236,550.00",236550,4494450,بنك مصر,16-Oct-21,1,DLM0189,26-Oct-21
عمرو فاروق محمد حسين,6121637245,290,290-villa,4696000,1,"20%, 20%,20%, 15%,15%, 5%, 5%","تم السداد 939,200.00","تم السداد 939,200.00","تم السداد 939,200.00","تم السداد 704,400.00","تم السداد 704,400.00","تم السداد 234,800.00","234,800.00",234800,4461200,بنك مصر,8-Oct-21,1,DLM0190,18-Oct-21
رؤوف رمضان مختار بدوي,2000740347,291,291-villa,4703000,1,"20%, 20%,20%, 15%,15%, 5%, 5%","تم السداد 940,600.00","تم السداد 940,600.00","تم السداد 940,600.00","تم السداد 705,450.00","تم السداد 705,450.00","تم السداد 235,150.00","235,150.00",235150,4467850,البنك الأهلي المصري,15-Oct-21,1,DLM0191,22-Oct-21
منة سيد إبراهيم عبدالرازق,8050889760,292,292-villa,4870000,1,"20%, 20%,20%, 15%,15%, 5%, 5%","تم السداد 974,000.00","تم السداد 974,000.00","تم السداد 974,000.00","تم السداد 730,500.00","تم السداد 730,500.00","تم السداد 243,500.00","243,500.00",243500,4626500,البنك الأهلي المصري,28-Sep-21,1,DLM0192,2-Oct-21
عادل أحمد سليمان الشافعي,3651598772,293,293-villa,4505000,1,"20%, 20%,20%, 15%,15%, 5%, 5%","تم السداد 901,000.00","تم السداد 901,000.00","تم السداد 901,000.00","تم السداد 675,750.00","تم السداد 675,750.00","تم السداد 225,250.00","225,250.00",225250,4279750,البنك التجاري الدولي CIB,1-Oct-21,1,DLM0193,27-Sep-21
شادي يوسف كمال بدوي,9775807837,294,294-villa,6384000,1,"20%, 20%,20%, 15%,15%, 5%, 5%","تم السداد 1,276,800.00","تم السداد 1,276,800.00","تم السداد 1,276,800.00","تم السداد 957,600.00","تم السداد 957,600.00","تم السداد 319,200.00","319,200.00",319200,6064800,البنك الأهلي المصري,6-Oct-21,1,DLM0194,7-Oct-21
ماجد علي جابر الشرقاوي,2932096858,295,295-villa,4911000,1,"20%, 20%,20%, 15%,15%, 5%, 5%","تم السداد 982,200.00","تم السداد 982,200.00","تم السداد 982,200.00","تم السداد 736,650.00","تم السداد 736,650.00","تم السداد 245,550.00","245,550.00",245550,4665450,EGBANK - البنك المصري الخليجي,26-Oct-21,1,DLM0195,9-Oct-21
مصطفى مجدي صلاح الزيات,7146764532,296,296-villa,4566000,1,"20%, 20%,20%, 15%,15%, 5%, 5%","تم السداد 913,200.00","تم السداد 913,200.00","تم السداد 913,200.00","تم السداد 684,900.00","تم السداد 684,900.00","تم السداد 228,300.00","228,300.00",228300,4337700,بنك مصر,20-Oct-21,1,DLM0196,30-Oct-21
أيمن مجدي صبري رزق,5763052033,297,297-villa,4977000,1,"20%, 20%,20%, 15%,15%, 5%, 5%","تم السداد 995,400.00","تم السداد 995,400.00","تم السداد 995,400.00","تم السداد 746,550.00","تم السداد 746,550.00","تم السداد 248,850.00","248,850.00",248850,4728150,بنك مصر,14-Nov-21,1,DLM0197,6-Nov-21
مجدي أحمد حمدي المصري,6975822966,298,298-villa,6135000,1,"20%, 20%,20%, 15%,15%, 5%, 5%","تم السداد 1,227,000.00","تم السداد 1,227,000.00","تم السداد 1,227,000.00","تم السداد 920,250.00","تم السداد 920,250.00","تم السداد 306,750.00","306,750.00",306750,5828250,البنك الأهلي المصري,23-Oct-21,1,DLM0198,26-Oct-21
جورج سيد فتحي المرسي,7081576956,299,299-villa,4944000,1,"20%, 20%,20%, 15%,15%, 5%, 5%","تم السداد 988,800.00","تم السداد 988,800.00","تم السداد 988,800.00","تم السداد 741,600.00","تم السداد 741,600.00","تم السداد 247,200.00","247,200.00",247200,4696800,البنك الأهلي المصري,25-Sep-21,1,DLM0199,5-Nov-21
حسن عادل سليمان الرفاعي,9654693337,300,300-villa,4593000,1,"20%, 20%,20%, 15%,15%, 5%, 5%","تم السداد 918,600.00","تم السداد 918,600.00","تم السداد 918,600.00","تم السداد 688,950.00","تم السداد 688,950.00","تم السداد 229,650.00","229,650.00",229650,4363350,البنك الأهلي المصري,27-Sep-21,1,DLM0200,2-Nov-21
علاء صلاح عبدالله النجار,8512244069,301,301-villa,6518000,1,"20%, 20%,20%, 15%,15%, 5%, 5%","تم السداد 1,303,600.00","تم السداد 1,303,600.00","تم السداد 1,303,600.00","تم السداد 977,700.00","تم السداد 977,700.00","تم السداد 325,900.00","325,900.00",325900,6192100,بنك الإسكندرية,11-Oct-21,1,DLM0201,19-Oct-21
حسن عادل مختار علي,4775873348,302,302-villa,4341000,1,"20%, 20%,20%, 15%,15%, 5%, 5%","تم السداد 868,200.00","تم السداد 868,200.00","تم السداد 868,200.00","تم السداد 651,150.00","تم السداد 651,150.00","تم السداد 217,050.00","217,050.00",217050,4123950,البنك التجاري الدولي CIB,4-Oct-21,1,DLM0202,10-Oct-21
أدهم سمير عادل سليمان,7549119716,303,303-villa,4710000,1,"20%, 20%,20%, 15%,15%, 5%, 5%","تم السداد 942,000.00","تم السداد 942,000.00","تم السداد 942,000.00","تم السداد 706,500.00","تم السداد 706,500.00","تم السداد 235,500.00","235,500.00",235500,4474500,بنك مصر,19-Oct-21,1,DLM0203,1-Nov-21
طارق خالد فتحي صلاح,8098555938,304,304-villa,4866000,1,"20%, 20%,20%, 15%,15%, 5%, 5%","تم السداد 973,200.00","تم السداد 973,200.00","تم السداد 973,200.00","تم السداد 729,900.00","تم السداد 729,900.00","تم السداد 243,300.00","243,300.00",243300,4622700,البنك الأهلي المصري,7-Nov-21,1,DLM0204,28-Oct-21
هشام سعيد عصام حجازي,4375339571,305,305-villa,4637000,1,"20%, 20%,20%, 15%,15%, 5%, 5%","تم السداد 927,400.00","تم السداد 927,400.00","تم السداد 927,400.00","تم السداد 695,550.00","تم السداد 695,550.00","تم السداد 231,850.00","231,850.00",231850,4405150,كريدي أجريكول مصر,19-Sep-21,1,DLM0205,12-Oct-21
عبدالله محمود عادل علي,2354090617,306,306-villa,5223000,1,"20%, 20%,20%, 15%,15%, 5%, 5%","تم السداد 1,044,600.00","تم السداد 1,044,600.00","تم السداد 1,044,600.00","تم السداد 783,450.00","تم السداد 783,450.00","تم السداد 261,150.00","261,150.00",261150,4961850,كريدي أجريكول مصر,11-Oct-21,1,DLM0206,21-Oct-21
باسم فؤاد سمير السمان,5235997176,307,307-villa,4292000,1,"20%, 20%,20%, 15%,15%, 5%, 5%","تم السداد 858,400.00","تم السداد 858,400.00","تم السداد 858,400.00","تم السداد 643,800.00","تم السداد 643,800.00","تم السداد 214,600.00","214,600.00",214600,4077400,بنك مصر,31-Oct-21,1,DLM0207,30-Oct-21
طارق محمود سمير عبدالعال,8962128820,308,308-villa,4721000,1,"20%, 20%,20%, 15%,15%, 5%, 5%","تم السداد 944,200.00","تم السداد 944,200.00","تم السداد 944,200.00","تم السداد 708,150.00","تم السداد 708,150.00","تم السداد 236,050.00","236,050.00",236050,4484950,بنك مصر,3-Nov-21,1,DLM0208,19-Oct-21
أيمن خالد مجدي إبراهيم,7730305848,309,309-villa,4636000,1,"20%, 20%,20%, 15%,15%, 5%, 5%","تم السداد 927,200.00","تم السداد 927,200.00","تم السداد 927,200.00","تم السداد 695,400.00","تم السداد 695,400.00","تم السداد 231,800.00","231,800.00",231800,4404200,بنك مصر,19-Oct-21,1,DLM0209,16-Oct-21
شادي كمال محمد عبدالفتاح,6153146638,310,310-villa,4579000,1,"20%, 20%,20%, 15%,15%, 5%, 5%","تم السداد 915,800.00","تم السداد 915,800.00","تم السداد 915,800.00","تم السداد 686,850.00","تم السداد 686,850.00","تم السداد 228,950.00","228,950.00",228950,4350050,بنك مصر,11-Nov-21,1,DLM0210,13-Nov-21
خالد عبدالرحمن علي السوهاجي,1789702957,311,311-villa,4715000,1,"20%, 20%,20%, 15%,15%, 5%, 5%","تم السداد 943,000.00","تم السداد 943,000.00","تم السداد 943,000.00","تم السداد 707,250.00","تم السداد 707,250.00","تم السداد 235,750.00","235,750.00",235750,4479250,البنك الأهلي المصري,3-Nov-21,1,DLM0211,10-Nov-21
نادر حسن محمد شحاتة,5463830267,312,312-villa,4566000,1,"20%, 20%,20%, 15%,15%, 5%, 5%","تم السداد 913,200.00","تم السداد 913,200.00","تم السداد 913,200.00","تم السداد 684,900.00","تم السداد 684,900.00","تم السداد 228,300.00","228,300.00",228300,4337700,البنك الأهلي المصري,17-Oct-21,1,DLM0212,14-Nov-21
عمر لطفي رشاد مبارك,3342744297,313,313-villa,4627000,1,"20%, 20%,20%, 15%,15%, 5%, 5%","تم السداد 925,400.00","تم السداد 925,400.00","تم السداد 925,400.00","تم السداد 694,050.00","تم السداد 694,050.00","تم السداد 231,350.00","231,350.00",231350,4395650,كريدي أجريكول مصر,13-Sep-21,1,DLM0213,23-Sep-21
ياسين عبدالله سليمان البحيري,3419998341,314,314-villa,5127000,1,"20%, 20%,20%, 15%,15%, 5%, 5%","تم السداد 1,025,400.00","تم السداد 1,025,400.00","تم السداد 1,025,400.00","تم السداد 769,050.00","تم السداد 769,050.00","تم السداد 256,350.00","256,350.00",256350,4870650,بنك مصر,15-Oct-21,1,DLM0214,4-Nov-21
أيمن فتحي إسماعيل الشربيني,5651855041,315,315-villa,5112000,1,"20%, 20%,20%, 15%,15%, 5%, 5%","تم السداد 1,022,400.00","تم السداد 1,022,400.00","تم السداد 1,022,400.00","تم السداد 766,800.00","تم السداد 766,800.00","تم السداد 255,600.00","255,600.00",255600,4856400,بنك مصر,14-Nov-21,1,DLM0215,4-Oct-21
علي خالد مصطفى بدوي,9001240299,316,316-villa,4743000,1,"20%, 20%,20%, 15%,15%, 5%, 5%","تم السداد 948,600.00","تم السداد 948,600.00","تم السداد 948,600.00","تم السداد 711,450.00","تم السداد 711,450.00","تم السداد 237,150.00","237,150.00",237150,4505850,البنك الأهلي المصري,5-Aug-21,1,DLM0216,26-Aug-21
تامر سمير كمال منصور,4333515213,317,317-villa,5152000,1,"20%, 20%,20%, 15%,15%, 5%, 5%","تم السداد 1,030,400.00","تم السداد 1,030,400.00","تم السداد 1,030,400.00","تم السداد 772,800.00","تم السداد 772,800.00","تم السداد 257,600.00","257,600.00",257600,4894400,بنك مصر,26-Oct-21,1,DLM0217,17-Oct-21
إبراهيم فتحي رشاد حجازي,2000302799,318,318-villa,5012000,1,"20%, 20%,20%, 15%,15%, 5%, 5%","تم السداد 1,002,400.00","تم السداد 1,002,400.00","تم السداد 1,002,400.00","تم السداد 751,800.00","تم السداد 751,800.00","تم السداد 250,600.00","250,600.00",250600,4761400,بنك مصر,9-Oct-21,1,DLM0218,23-Oct-21
إبراهيم علي عبدالرحمن فهمي,9672441031,319,319-villa,4466000,1,"20%, 20%,20%, 15%,15%, 5%, 5%","تم السداد 893,200.00","تم السداد 893,200.00","تم السداد 893,200.00","تم السداد 669,900.00","تم السداد 669,900.00","تم السداد 223,300.00","223,300.00",223300,4242700,بنك مصر,29-Oct-21,1,DLM0219,7-Oct-21
ماهر عبدالله يوسف عبدالمقصود,3219633142,320,320-villa,4964000,1,"20%, 20%,20%, 15%,15%, 5%, 5%","تم السداد 992,800.00","تم السداد 992,800.00","تم السداد 992,800.00","تم السداد 744,600.00","تم السداد 744,600.00","تم السداد 248,200.00","248,200.00",248200,4715800,بنك القاهرة,14-Nov-21,1,DLM0220,5-Nov-21
إسلام محمود علي النجار,3224939891,321,321-villa,4629000,1,"20%, 20%,20%, 15%,15%, 5%, 5%","تم السداد 925,800.00","تم السداد 925,800.00","تم السداد 925,800.00","تم السداد 694,350.00","تم السداد 694,350.00","تم السداد 231,450.00","231,450.00",231450,4397550,بنك القاهرة,10-Oct-21,1,DLM0221,29-Oct-21
حسام مصطفى صبري السيد,6672013963,322,322-villa,5930000,1,"20%, 20%,20%, 15%,15%, 5%, 5%","تم السداد 1,186,000.00","تم السداد 1,186,000.00","تم السداد 1,186,000.00","تم السداد 889,500.00","تم السداد 889,500.00","تم السداد 296,500.00","296,500.00",296500,5633500,بنك مصر,28-Oct-21,1,DLM0222,13-Nov-21
سامح حسن لطفي عبدالفتاح,1362226022,323,323-villa,4977000,1,"20%, 20%,20%, 15%,15%, 5%, 5%","تم السداد 995,400.00","تم السداد 995,400.00","تم السداد 995,400.00","تم السداد 746,550.00","تم السداد 746,550.00","تم السداد 248,850.00","248,850.00",248850,4728150,البنك الأهلي المصري,23-Nov-21,1,DLM0223,18-Oct-21
دعاء نبيل محمود عبدالفتاح,9802418105,324,324-villa,5109000,1,"20%, 20%,20%, 15%,15%, 5%, 5%","تم السداد 1,021,800.00","تم السداد 1,021,800.00","تم السداد 1,021,800.00","تم السداد 766,350.00","تم السداد 766,350.00","تم السداد 255,450.00","255,450.00",255450,4853550,بنك مصر,7-Oct-21,1,DLM0224,6-Oct-21
بيشوي لطفي علي الشربيني,5532769892,325,325-villa,4929000,1,"20%, 20%,20%, 15%,15%, 5%, 5%","تم السداد 985,800.00","تم السداد 985,800.00","تم السداد 985,800.00","تم السداد 739,350.00","تم السداد 739,350.00","تم السداد 246,450.00","246,450.00",246450,4682550,بنك مصر,1-Oct-21,1,DLM0225,15-Nov-21
سامي عاطف رجب لطفي,8365586747,326,326-villa,5266000,1,"20%, 20%,20%, 15%,15%, 5%, 5%","تم السداد 1,053,200.00","تم السداد 1,053,200.00","تم السداد 1,053,200.00","تم السداد 789,900.00","تم السداد 789,900.00","تم السداد 263,300.00","263,300.00",263300,5002700,بنك مصر,10-Oct-21,1,DLM0226,28-Oct-21
هاني رمضان عاطف منصور,6198077127,327,327-villa,5350000,1,"20%, 20%,20%, 15%,15%, 5%, 5%","تم السداد 1,070,000.00","تم السداد 1,070,000.00","تم السداد 1,070,000.00","تم السداد 802,500.00","تم السداد 802,500.00","تم السداد 267,500.00","267,500.00",267500,5082500,بنك القاهرة,14-Nov-21,1,DLM0227,2-Nov-21
بيشوي إبراهيم سمير الزيات,9999686789,328,328-villa,4716000,1,"20%, 20%,20%, 15%,15%, 5%, 5%","تم السداد 943,200.00","تم السداد 943,200.00","تم السداد 943,200.00","تم السداد 707,400.00","تم السداد 707,400.00","تم السداد 235,800.00","235,800.00",235800,4480200,البنك التجاري الدولي CIB,17-Oct-21,1,DLM0228,8-Nov-21
سامي مختار مجدي فوزي,5898022924,329,329-villa,5244000,1,"20%, 20%,20%, 15%,15%, 5%, 5%","تم السداد 1,048,800.00","تم السداد 1,048,800.00","تم السداد 1,048,800.00","تم السداد 786,600.00","تم السداد 786,600.00","262,200.00","262,200.00",524400,4719600,البنك الأهلي المصري,3-Nov-21,1,DLM0229,15-Oct-21
أدهم سيد سليمان حجازي,6773901464,330,330-villa,4920000,1,"20%, 20%,20%, 15%,15%, 5%, 5%","تم السداد 984,000.00","تم السداد 984,000.00","تم السداد 984,000.00","تم السداد 738,000.00","تم السداد 738,000.00","تم السداد 246,000.00","246,000.00",246000,4674000,كريدي أجريكول مصر,8-Nov-21,1,DLM0230,12-Oct-21
عبدالله فتحي سعيد النحاس,5966986272,331,331-villa,5905000,1,"20%, 20%,20%, 15%,15%, 5%, 5%","تم السداد 1,181,000.00","تم السداد 1,181,000.00","تم السداد 1,181,000.00","885,750.00","885,750.00","295,250.00","295,250.00",2362000,3543000,بنك القاهرة,17-Nov-21,1,DLM0231,23-Oct-21
مصطفى سعيد يوسف الجمل,6125508693,332,332-villa,4914000,1,"20%, 20%,20%, 15%,15%, 5%, 5%","تم السداد 982,800.00","تم السداد 982,800.00","تم السداد 982,800.00","تم السداد 737,100.00","تم السداد 737,100.00","تم السداد 245,700.00","245,700.00",245700,4668300,البنك الأهلي المصري,15-Oct-21,1,DLM0232,8-Nov-21
مروان مجدي يوسف الشربيني,9642801012,333,333-villa,4979000,1,"20%, 20%,20%, 15%,15%, 5%, 5%","تم السداد 995,800.00","تم السداد 995,800.00","تم السداد 995,800.00","تم السداد 746,850.00","تم السداد 746,850.00","تم السداد 248,950.00","248,950.00",248950,4730050,بنك القاهرة,16-Nov-21,1,DLM0233,7-Nov-21
خالد عبدالرحمن نبيل سالم,7401074887,334,334-villa,4919000,1,"20%, 20%,20%, 15%,15%, 5%, 5%","تم السداد 983,800.00","تم السداد 983,800.00","تم السداد 983,800.00","تم السداد 737,850.00","تم السداد 737,850.00","تم السداد 245,950.00","245,950.00",245950,4673050,البنك الأهلي المصري,10-Jan-22,1,DLM0234,30-Jan-22
هاني صبري عصام الإسكندراني,3121237937,335,335-villa,4671000,1,"20%, 20%,20%, 15%,15%, 5%, 5%","تم السداد 934,200.00","تم السداد 934,200.00","تم السداد 934,200.00","تم السداد 700,650.00","تم السداد 700,650.00","تم السداد 233,550.00","233,550.00",233550,4437450,بنك مصر,9-Nov-21,1,DLM0235,14-Nov-21
رامي عاطف عادل فهمي,4623535560,336,336-villa,4972000,1,"20%, 20%,20%, 15%,15%, 5%, 5%","تم السداد 994,400.00","تم السداد 994,400.00","تم السداد 994,400.00","تم السداد 745,800.00","تم السداد 745,800.00","248,600.00","248,600.00",497200,4474800,بنك مصر,17-Oct-21,1,DLM0236,30-Oct-21
رامز حسين فتحي عبدالفتاح,5272016151,337,337-villa,4739000,1,"20%, 20%,20%, 15%,15%, 5%, 5%","تم السداد 947,800.00","تم السداد 947,800.00","تم السداد 947,800.00","تم السداد 710,850.00","تم السداد 710,850.00","تم السداد 236,950.00","236,950.00",236950,4502050,البنك الأهلي المصري,16-Oct-21,1,DLM0237,28-Oct-21
تامر أحمد فاروق صادق,1709201289,338,338-villa,4746000,1,"20%, 20%,20%, 15%,15%, 5%, 5%","تم السداد 949,200.00","تم السداد 949,200.00","تم السداد 949,200.00","تم السداد 711,900.00","تم السداد 711,900.00","تم السداد 237,300.00","237,300.00",237300,4508700,البنك الأهلي المصري,20-Oct-21,1,DLM0238,15-Oct-21
ماجد سمير إبراهيم مراد,6548914674,339,339-villa,4624000,1,"20%, 20%,20%, 15%,15%, 5%, 5%","تم السداد 924,800.00","تم السداد 924,800.00","تم السداد 924,800.00","تم السداد 693,600.00","تم السداد 693,600.00","تم السداد 231,200.00","231,200.00",231200,4392800,بنك القاهرة,22-Nov-21,1,DLM0239,6-Nov-21
معتز حسين صبحي المنشاوي,1863570911,340,340-villa,4453000,1,"20%, 20%,20%, 15%,15%, 5%, 5%","تم السداد 890,600.00","تم السداد 890,600.00","تم السداد 890,600.00","تم السداد 667,950.00","تم السداد 667,950.00","تم السداد 222,650.00","222,650.00",222650,4230350,بنك مصر,8-Nov-21,1,DLM0240,31-Oct-21
مصطفى جمال عاطف الشرقاوي,9332426477,341,341-villa,6209000,1,"20%, 20%,20%, 15%,15%, 5%, 5%","تم السداد 1,241,800.00","تم السداد 1,241,800.00","تم السداد 1,241,800.00","تم السداد 931,350.00","تم السداد 931,350.00","تم السداد 310,450.00","310,450.00",310450,5898550,البنك الأهلي المصري,24-Nov-21,1,DLM0241,22-Oct-21
رامز صبحي إبراهيم خليل,7498809412,342,342-villa,5028000,1,"20%, 20%,20%, 15%,15%, 5%, 5%","تم السداد 1,005,600.00","تم السداد 1,005,600.00","تم السداد 1,005,600.00","تم السداد 754,200.00","تم السداد 754,200.00","تم السداد 251,400.00","251,400.00",251400,4776600,QNB مصر,4-Nov-21,1,DLM0242,17-Nov-21
محمد عبدالله فتحي الحداد,8030900805,343,343-villa,5008000,1,"20%, 20%,20%, 15%,15%, 5%, 5%","تم السداد 1,001,600.00","تم السداد 1,001,600.00","تم السداد 1,001,600.00","تم السداد 751,200.00","تم السداد 751,200.00","تم السداد 250,400.00","250,400.00",250400,4757600,بنك مصر,4-Oct-21,1,DLM0243,25-Sep-21
رامي إسماعيل فاروق صبري,6419128305,344,344-villa,5605000,1,"20%, 20%,20%, 15%,15%, 5%, 5%","تم السداد 1,121,000.00","تم السداد 1,121,000.00","تم السداد 1,121,000.00","تم السداد 840,750.00","تم السداد 840,750.00","تم السداد 280,250.00","280,250.00",280250,5324750,البنك الأهلي المصري,20-Sep-21,1,DLM0244,2-Oct-21
هاني عصام فاروق الإسكندراني,2838872035,345,345-villa,3603000,1,"20%, 20%,20%, 15%,15%, 5%, 5%","تم السداد 720,600.00","تم السداد 720,600.00","تم السداد 720,600.00","تم السداد 540,450.00","تم السداد 540,450.00","تم السداد 180,150.00","180,150.00",180150,3422850,كريدي أجريكول مصر,5-Sep-21,1,DLM0245,1-Oct-21
حازم عادل طارق الزيات,6771801229,346,346-villa,4807000,1,"20%, 20%,20%, 15%,15%, 5%, 5%","تم السداد 961,400.00","تم السداد 961,400.00","تم السداد 961,400.00","تم السداد 721,050.00","تم السداد 721,050.00","تم السداد 240,350.00","240,350.00",240350,4566650,كريدي أجريكول مصر,1-Nov-21,1,DLM0246,2-Nov-21
ماجد رمضان جمال السوهاجي,8128397465,347,347-villa,5350000,1,"20%, 20%,20%, 15%,15%, 5%, 5%","تم السداد 1,070,000.00","تم السداد 1,070,000.00","تم السداد 1,070,000.00","تم السداد 802,500.00","تم السداد 802,500.00","تم السداد 267,500.00","267,500.00",267500,5082500,بنك مصر,16-Sep-21,1,DLM0247,26-Sep-21
مجدي فتحي شوقي الحداد,9077341236,348,348-villa,5322000,1,"20%, 20%,20%, 15%,15%, 5%, 5%","تم السداد 1,064,400.00","تم السداد 1,064,400.00","تم السداد 1,064,400.00","تم السداد 798,300.00","تم السداد 798,300.00","تم السداد 266,100.00","266,100.00",266100,5055900,بنك القاهرة,22-Nov-21,1,DLM0248,14-Nov-21
مجدي مصطفى محمد العطار,5889588786,349,349-villa,4718000,1,"20%, 20%,20%, 15%,15%, 5%, 5%","تم السداد 943,600.00","تم السداد 943,600.00","تم السداد 943,600.00","تم السداد 707,700.00","تم السداد 707,700.00","تم السداد 235,900.00","235,900.00",235900,4482100,بنك مصر,24-Nov-21,1,DLM0249,27-Nov-21
حسين صبحي خالد مبارك,5616058514,350,350-villa,5117000,1,"20%, 20%,20%, 15%,15%, 5%, 5%","تم السداد 1,023,400.00","تم السداد 1,023,400.00","تم السداد 1,023,400.00","تم السداد 767,550.00","تم السداد 767,550.00","تم السداد 255,850.00","255,850.00",255850,4861150,البنك الأهلي المصري,22-Oct-21,1,DLM0250,3-Dec-21
رامز حسين صلاح السيد,7119031361,351,351-villa,4962000,1,"20%, 20%,20%, 15%,15%, 5%, 5%","تم السداد 992,400.00","تم السداد 992,400.00","تم السداد 992,400.00","تم السداد 744,300.00","تم السداد 744,300.00","تم السداد 248,100.00","248,100.00",248100,4713900,البنك التجاري الدولي CIB,9-Nov-21,1,DLM0251,23-Nov-21
وليد فتحي محمد فهمي,4711285124,352,352-villa,4742000,1,"20%, 20%,20%, 15%,15%, 5%, 5%","تم السداد 948,400.00","تم السداد 948,400.00","تم السداد 948,400.00","تم السداد 711,300.00","تم السداد 711,300.00","تم السداد 237,100.00","237,100.00",237100,4504900,البنك الأهلي المصري,26-Nov-21,1,DLM0252,30-Oct-21
سامح رشاد سيد حسين,1321743674,353,353-villa,5318000,1,"20%, 20%,20%, 15%,15%, 5%, 5%","تم السداد 1,063,600.00","تم السداد 1,063,600.00","تم السداد 1,063,600.00","تم السداد 797,700.00","تم السداد 797,700.00","تم السداد 265,900.00","265,900.00",265900,5052100,بنك مصر,4-Dec-21,1,DLM0253,19-Nov-21
رامي شوقي لطفي إبراهيم,9876684459,354,354-villa,5713000,1,"20%, 20%,20%, 15%,15%, 5%, 5%","تم السداد 1,142,600.00","تم السداد 1,142,600.00","تم السداد 1,142,600.00","تم السداد 856,950.00","تم السداد 856,950.00","تم السداد 285,650.00","285,650.00",285650,5427350,البنك الأهلي المصري,31-Oct-21,1,DLM0254,1-Dec-21
عمر جابر طارق عبداللطيف,1316392020,355,355-villa,5124000,1,"20%, 20%,20%, 15%,15%, 5%, 5%","تم السداد 1,024,800.00","تم السداد 1,024,800.00","تم السداد 1,024,800.00","تم السداد 768,600.00","تم السداد 768,600.00","تم السداد 256,200.00","256,200.00",256200,4867800,بنك مصر,9-Dec-21,1,DLM0255,17-Dec-21
جيهان فاروق كمال العشري,5919094393,356,356-villa,4883000,1,"20%, 20%,20%, 15%,15%, 5%, 5%","تم السداد 976,600.00","تم السداد 976,600.00","تم السداد 976,600.00","تم السداد 732,450.00","تم السداد 732,450.00","تم السداد 244,150.00","244,150.00",244150,4638850,بنك مصر,15-Jan-22,1,DLM0256,18-Dec-21
جيهان أحمد محمود المرسي,8708255391,357,357-villa,4879000,1,"20%, 20%,20%, 15%,15%, 5%, 5%","تم السداد 975,800.00","تم السداد 975,800.00","تم السداد 975,800.00","تم السداد 731,850.00","تم السداد 731,850.00","تم السداد 243,950.00","243,950.00",243950,4635050,البنك الأهلي المصري,7-May-22,1,DLM0257,3-May-22
شريف فاروق رجب صادق,2344336194,358,358-villa,4736000,1,"20%, 20%,20%, 15%,15%, 5%, 5%","تم السداد 947,200.00","تم السداد 947,200.00","تم السداد 947,200.00","تم السداد 710,400.00","تم السداد 710,400.00","تم السداد 236,800.00","236,800.00",236800,4499200,بنك مصر,1-Aug-21,1,DLM0258,5-Sep-21
مينا عادل محمد البحيري,9852193091,359,359-villa,4601000,1,"20%, 20%,20%, 15%,15%, 5%, 5%","تم السداد 920,200.00","تم السداد 920,200.00","تم السداد 920,200.00","تم السداد 690,150.00","تم السداد 690,150.00","تم السداد 230,050.00","230,050.00",230050,4370950,بنك مصر,8-Sep-21,1,DLM0259,31-Aug-21
رامز عاطف حمدي السوهاجي,2838695031,360,360-villa,4601000,1,"20%, 20%,20%, 15%,15%, 5%, 5%","تم السداد 920,200.00","تم السداد 920,200.00","تم السداد 920,200.00","تم السداد 690,150.00","تم السداد 690,150.00","تم السداد 230,050.00","230,050.00",230050,4370950,بنك مصر,5-Aug-21,1,DLM0260,23-Aug-21
علي صلاح فؤاد عبدالحليم,5275749608,361,361-villa,4870000,1,"20%, 20%,20%, 15%,15%, 5%, 5%","تم السداد 974,000.00","تم السداد 974,000.00","تم السداد 974,000.00","تم السداد 730,500.00","تم السداد 730,500.00","تم السداد 243,500.00","243,500.00",243500,4626500,بنك مصر,1-Sep-21,1,DLM0261,21-Aug-21
علاء سيد فاروق سليمان,9535832522,362,362-villa,4385000,1,"20%, 20%,20%, 15%,15%, 5%, 5%","تم السداد 877,000.00","تم السداد 877,000.00","تم السداد 877,000.00","تم السداد 657,750.00","تم السداد 657,750.00","تم السداد 219,250.00","219,250.00",219250,4165750,بنك مصر,4-Sep-21,1,DLM0262,24-Aug-21
مروان عاطف لطفي المنياوي,5525649808,363,363-villa,5721000,1,"20%, 20%,20%, 15%,15%, 5%, 5%","تم السداد 1,144,200.00","تم السداد 1,144,200.00","تم السداد 1,144,200.00","تم السداد 858,150.00","تم السداد 858,150.00","تم السداد 286,050.00","286,050.00",286050,5434950,بنك مصر,10-Aug-21,1,DLM0263,5-Aug-21
أحمد حمدي عاطف عبدالرازق,2427444062,364,364-villa,4953000,1,"20%, 20%,20%, 15%,15%, 5%, 5%","تم السداد 990,600.00","تم السداد 990,600.00","تم السداد 990,600.00","تم السداد 742,950.00","تم السداد 742,950.00","تم السداد 247,650.00","247,650.00",247650,4705350,بنك مصر,9-Aug-21,1,DLM0264,6-Sep-21
تامر محمود إسماعيل الطنطاوي,9048626597,365,365-villa,3528000,1,"20%, 20%,20%, 15%,15%, 5%, 5%","تم السداد 705,600.00","تم السداد 705,600.00","تم السداد 705,600.00","تم السداد 529,200.00","تم السداد 529,200.00","تم السداد 176,400.00","176,400.00",176400,3351600,بنك مصر,11-Aug-21,1,DLM0265,23-Aug-21
عمرو عادل مصطفى الوكيل,8664688926,366,366-villa,4571000,1,"20%, 20%,20%, 15%,15%, 5%, 5%","تم السداد 914,200.00","تم السداد 914,200.00","تم السداد 914,200.00","تم السداد 685,650.00","تم السداد 685,650.00","تم السداد 228,550.00","228,550.00",228550,4342450,بنك مصر,5-Aug-21,1,DLM0266,5-Sep-21
عبدالله شوقي أحمد داود,5436978352,367,367-villa,5339000,1,"20%, 20%,20%, 15%,15%, 5%, 5%","تم السداد 1,067,800.00","تم السداد 1,067,800.00","تم السداد 1,067,800.00","تم السداد 800,850.00","تم السداد 800,850.00","تم السداد 266,950.00","266,950.00",266950,5072050,بنك مصر,31-Jul-21,1,DLM0267,27-Aug-21
عبدالله إسماعيل لطفي شاكر,6090046650,368,368-villa,4957000,1,"20%, 20%,20%, 15%,15%, 5%, 5%","تم السداد 991,400.00","تم السداد 991,400.00","تم السداد 991,400.00","تم السداد 743,550.00","تم السداد 743,550.00","تم السداد 247,850.00","247,850.00",247850,4709150,بنك مصر,17-Aug-21,1,DLM0268,13-Sep-21
زياد عبدالله محمد المنشاوي,1758680911,369,369-villa,5384000,1,"20%, 20%,20%, 15%,15%, 5%, 5%","تم السداد 1,076,800.00","تم السداد 1,076,800.00","تم السداد 1,076,800.00","تم السداد 807,600.00","تم السداد 807,600.00","تم السداد 269,200.00","269,200.00",269200,5114800,بنك مصر,1-Aug-21,1,DLM0269,2-Sep-21
سامح صلاح صبري الدمرداش,2309612690,370,370-villa,5275000,1,"20%, 20%,20%, 15%,15%, 5%, 5%","تم السداد 1,055,000.00","تم السداد 1,055,000.00","تم السداد 1,055,000.00","تم السداد 791,250.00","تم السداد 791,250.00","تم السداد 263,750.00","263,750.00",263750,5011250,بنك مصر,4-Aug-21,1,DLM0270,25-Aug-21
عمر رشاد جمال مبارك,3106889597,371,371-villa,3587000,1,"20%, 20%,20%, 15%,15%, 5%, 5%","تم السداد 717,400.00","تم السداد 717,400.00","تم السداد 717,400.00","تم السداد 538,050.00","تم السداد 538,050.00","تم السداد 179,350.00","179,350.00",179350,3407650,بنك مصر,2-Sep-21,1,DLM0271,29-Aug-21
أيمن سليمان أحمد عبدالحليم,4252708693,372,372-villa,6143000,1,"20%, 20%,20%, 15%,15%, 5%, 5%","تم السداد 1,228,600.00","تم السداد 1,228,600.00","تم السداد 1,228,600.00","تم السداد 921,450.00","تم السداد 921,450.00","تم السداد 307,150.00","307,150.00",307150,5835850,بنك مصر,29-Jul-21,1,DLM0272,10-Aug-21
وليد رمضان عاطف الشرقاوي,2454996012,373,373-villa,6016000,1,"20%, 20%,20%, 15%,15%, 5%, 5%","تم السداد 1,203,200.00","تم السداد 1,203,200.00","تم السداد 1,203,200.00","تم السداد 902,400.00","تم السداد 902,400.00","تم السداد 300,800.00","300,800.00",300800,5715200,بنك مصر,9-Aug-21,1,DLM0273,24-Aug-21
حسين عبدالرحمن صلاح حجازي,3206047125,374,374-villa,4650000,1,"20%, 20%,20%, 15%,15%, 5%, 5%","تم السداد 930,000.00","تم السداد 930,000.00","تم السداد 930,000.00","تم السداد 697,500.00","تم السداد 697,500.00","تم السداد 232,500.00","232,500.00",232500,4417500,بنك مصر,5-Aug-21,1,DLM0274,1-Aug-21
مجدي صلاح لطفي السوهاجي,4657725247,375,375-villa,3542000,1,"20%, 20%,20%, 15%,15%, 5%, 5%","تم السداد 708,400.00","تم السداد 708,400.00","تم السداد 708,400.00","تم السداد 531,300.00","تم السداد 531,300.00","تم السداد 177,100.00","177,100.00",177100,3364900,البنك الأهلي المصري,20-Aug-21,1,DLM0275,9-Sep-21
نادر طارق حسين حجازي,5673477014,376,376-villa,5056000,1,"20%, 20%,20%, 15%,15%, 5%, 5%","تم السداد 1,011,200.00","تم السداد 1,011,200.00","تم السداد 1,011,200.00","تم السداد 758,400.00","تم السداد 758,400.00","تم السداد 252,800.00","252,800.00",252800,4803200,البنك الأهلي المصري,27-Jul-21,1,DLM0276,15-Aug-21
شريف حسن صلاح رمضان,7855067888,377,377-villa,4751000,1,"20%, 20%,20%, 15%,15%, 5%, 5%","تم السداد 950,200.00","تم السداد 950,200.00","تم السداد 950,200.00","تم السداد 712,650.00","تم السداد 712,650.00","تم السداد 237,550.00","237,550.00",237550,4513450,البنك الأهلي المصري,11-Aug-21,1,DLM0277,11-Aug-21
نادر حمدي فؤاد شاكر,5409929812,378,378-villa,5784000,1,"20%, 20%,20%, 15%,15%, 5%, 5%","تم السداد 1,156,800.00","تم السداد 1,156,800.00","تم السداد 1,156,800.00","تم السداد 867,600.00","تم السداد 867,600.00","تم السداد 289,200.00","289,200.00",289200,5494800,QNB مصر,27-Sep-21,1,DLM0278,8-Sep-21
علي فاروق يوسف عبدالحميد,4523758371,379,379-villa,4430000,1,"20%, 20%,20%, 15%,15%, 5%, 5%","تم السداد 886,000.00","تم السداد 886,000.00","تم السداد 886,000.00","تم السداد 664,500.00","تم السداد 664,500.00","تم السداد 221,500.00","221,500.00",221500,4208500,البنك الأهلي المصري,25-Aug-21,1,DLM0279,13-Sep-21
رامي كمال فتحي صادق,3761804448,380,380-villa,5925000,1,"20%, 20%,20%, 15%,15%, 5%, 5%","تم السداد 1,185,000.00","تم السداد 1,185,000.00","تم السداد 1,185,000.00","تم السداد 888,750.00","تم السداد 888,750.00","تم السداد 296,250.00","296,250.00",296250,5628750,بنك مصر,17-Aug-21,1,DLM0280,3-Sep-21
وائل عادل فؤاد القاضي,6354984646,381,381-villa,5945000,1,"20%, 20%,20%, 15%,15%, 5%, 5%","تم السداد 1,189,000.00","تم السداد 1,189,000.00","تم السداد 1,189,000.00","تم السداد 891,750.00","تم السداد 891,750.00","تم السداد 297,250.00","297,250.00",297250,5647750,بنك مصر,22-Sep-21,1,DLM0281,14-Sep-21
طارق عاطف رجب الشربيني,9343858464,382,382-villa,4891000,1,"20%, 20%,20%, 15%,15%, 5%, 5%","تم السداد 978,200.00","تم السداد 978,200.00","تم السداد 978,200.00","تم السداد 733,650.00","تم السداد 733,650.00","تم السداد 244,550.00","244,550.00",244550,4646450,البنك الأهلي المصري,13-Sep-21,1,DLM0282,18-Aug-21
كريم لطفي صلاح صبري,2594215478,383,383-villa,4445000,1,"20%, 20%,20%, 15%,15%, 5%, 5%","تم السداد 889,000.00","تم السداد 889,000.00","تم السداد 889,000.00","تم السداد 666,750.00","تم السداد 666,750.00","تم السداد 222,250.00","222,250.00",222250,4222750,البنك الأهلي المصري,3-Aug-21,1,DLM0283,29-Aug-21
ماهر رشاد عبدالرحمن الطنطاوي,7609621538,384,384-villa,5505000,1,"20%, 20%,20%, 15%,15%, 5%, 5%","تم السداد 1,101,000.00","تم السداد 1,101,000.00","تم السداد 1,101,000.00","تم السداد 825,750.00","تم السداد 825,750.00","تم السداد 275,250.00","275,250.00",275250,5229750,بنك مصر,27-Aug-21,1,DLM0284,13-Sep-21
وائل شوقي مجدي عوض,6092412482,385,385-villa,4534000,1,"20%, 20%,20%, 15%,15%, 5%, 5%","تم السداد 906,800.00","تم السداد 906,800.00","تم السداد 906,800.00","تم السداد 680,100.00","تم السداد 680,100.00","تم السداد 226,700.00","226,700.00",226700,4307300,بنك مصر,15-Aug-21,1,DLM0285,24-Aug-21
تامر فؤاد إبراهيم منصور,4479926455,386,386-villa,6195000,1,"20%, 20%,20%, 15%,15%, 5%, 5%","تم السداد 1,239,000.00","تم السداد 1,239,000.00","تم السداد 1,239,000.00","تم السداد 929,250.00","تم السداد 929,250.00","تم السداد 309,750.00","309,750.00",309750,5885250,بنك مصر,28-Jul-21,1,DLM0286,4-Aug-21
مينا نبيل عبدالرحمن حجازي,8075376442,387,387-villa,3575000,1,"20%, 20%,20%, 15%,15%, 5%, 5%","تم السداد 715,000.00","تم السداد 715,000.00","تم السداد 715,000.00","تم السداد 536,250.00","تم السداد 536,250.00","تم السداد 178,750.00","178,750.00",178750,3396250,البنك الأهلي المصري,27-Aug-21,1,DLM0287,7-Sep-21
وليد مجدي عاطف مراد,4798306387,388,388-villa,3363000,1,"20%, 20%,20%, 15%,15%, 5%, 5%","تم السداد 672,600.00","تم السداد 672,600.00","تم السداد 672,600.00","تم السداد 504,450.00","تم السداد 504,450.00","تم السداد 168,150.00","168,150.00",168150,3194850,البنك الأهلي المصري,15-Aug-21,1,DLM0288,25-Aug-21
شادي يوسف جمال الزيات,9678325800,389,389-villa,4381000,1,"20%, 20%,20%, 15%,15%, 5%, 5%","تم السداد 876,200.00","تم السداد 876,200.00","تم السداد 876,200.00","تم السداد 657,150.00","تم السداد 657,150.00","تم السداد 219,050.00","219,050.00",219050,4161950,البنك الأهلي المصري,4-Aug-21,1,DLM0289,7-Sep-21
أيمن حمدي عادل الطنطاوي,4370753363,390,390-villa,4834000,1,"20%, 20%,20%, 15%,15%, 5%, 5%","تم السداد 966,800.00","تم السداد 966,800.00","تم السداد 966,800.00","تم السداد 725,100.00","تم السداد 725,100.00","تم السداد 241,700.00","241,700.00",241700,4592300,البنك الأهلي المصري,15-Sep-21,1,DLM0290,18-Aug-21
نادر لطفي علي الرفاعي,1278823626,391,391-villa,4761000,1,"20%, 20%,20%, 15%,15%, 5%, 5%","تم السداد 952,200.00","تم السداد 952,200.00","تم السداد 952,200.00","تم السداد 714,150.00","تم السداد 714,150.00","تم السداد 238,050.00","238,050.00",238050,4522950,بنك مصر,5-Aug-21,1,DLM0291,9-Aug-21
عادل شوقي فاروق الشرقاوي,9693545461,392,392-villa,4485000,1,"20%, 20%,20%, 15%,15%, 5%, 5%","تم السداد 897,000.00","تم السداد 897,000.00","تم السداد 897,000.00","تم السداد 672,750.00","تم السداد 672,750.00","تم السداد 224,250.00","224,250.00",224250,4260750,بنك مصر,29-Aug-21,1,DLM0292,15-Sep-21
حازم يوسف مختار عبداللطيف,7534165702,393,393-villa,5604000,1,"20%, 20%,20%, 15%,15%, 5%, 5%","تم السداد 1,120,800.00","تم السداد 1,120,800.00","تم السداد 1,120,800.00","تم السداد 840,600.00","تم السداد 840,600.00","280,200.00","280,200.00",560400,5043600,بنك مصر,14-Sep-21,1,DLM0293,15-Sep-21
شريف عادل سمير صادق,8996384135,394,394-villa,4968000,1,"20%, 20%,20%, 15%,15%, 5%, 5%","تم السداد 993,600.00","تم السداد 993,600.00","تم السداد 993,600.00","تم السداد 745,200.00","تم السداد 745,200.00","تم السداد 248,400.00","248,400.00",248400,4719600,البنك الأهلي المصري,2-Sep-21,1,DLM0294,5-Aug-21
فادي حسن مصطفى العشري,6675173952,395,395-villa,5355000,1,"20%, 20%,20%, 15%,15%, 5%, 5%","تم السداد 1,071,000.00","تم السداد 1,071,000.00","تم السداد 1,071,000.00","تم السداد 803,250.00","تم السداد 803,250.00","تم السداد 267,750.00","267,750.00",267750,5087250,البنك الأهلي المصري,31-Jul-21,1,DLM0295,28-Aug-21
مينا سعيد إبراهيم محمود,3559221767,396,396-villa,5142000,1,"20%, 20%,20%, 15%,15%, 5%, 5%","تم السداد 1,028,400.00","تم السداد 1,028,400.00","تم السداد 1,028,400.00","تم السداد 771,300.00","تم السداد 771,300.00","تم السداد 257,100.00","257,100.00",257100,4884900,البنك الأهلي المصري,2-Aug-21,1,DLM0296,6-Aug-21
جورج فؤاد صلاح شحاتة,1945759686,397,397-villa,5109000,1,"20%, 20%,20%, 15%,15%, 5%, 5%","تم السداد 1,021,800.00","تم السداد 1,021,800.00","تم السداد 1,021,800.00","تم السداد 766,350.00","تم السداد 766,350.00","تم السداد 255,450.00","255,450.00",255450,4853550,البنك الأهلي المصري,9-Aug-21,1,DLM0297,1-Sep-21
نادر فتحي كمال حسين,4065979533,398,398-villa,4796000,1,"20%, 20%,20%, 15%,15%, 5%, 5%","تم السداد 959,200.00","تم السداد 959,200.00","تم السداد 959,200.00","تم السداد 719,400.00","تم السداد 719,400.00","تم السداد 239,800.00","239,800.00",239800,4556200,البنك الأهلي المصري,30-Jul-21,1,DLM0298,20-Aug-21
رامي مصطفى جمال حسين,8240987985,399,399-villa,4629000,1,"20%, 20%,20%, 15%,15%, 5%, 5%","تم السداد 925,800.00","تم السداد 925,800.00","تم السداد 925,800.00","تم السداد 694,350.00","تم السداد 694,350.00","تم السداد 231,450.00","231,450.00",231450,4397550,البنك الأهلي المصري,29-Jul-21,1,DLM0299,5-Sep-21
سارة مصطفى حسين الإسكندراني,1830977120,400,400-villa,4534000,1,"20%, 20%,20%, 15%,15%, 5%, 5%","تم السداد 906,800.00","تم السداد 906,800.00","تم السداد 906,800.00","تم السداد 680,100.00","تم السداد 680,100.00","تم السداد 226,700.00","226,700.00",226700,4307300,البنك الأهلي المصري,7-Aug-21,1,DLM0300,16-Aug-21
يوسف مجدي صبري رمضان,4638901634,401,401-villa,5948000,1,"20%, 20%,20%, 15%,15%, 5%, 5%","تم السداد 1,189,600.00","تم السداد 1,189,600.00","تم السداد 1,189,600.00","تم السداد 892,200.00","تم السداد 892,200.00","تم السداد 297,400.00","297,400.00",297400,5650600,البنك الأهلي المصري,27-Aug-21,1,DLM0301,10-Sep-21
حسين عبدالرحمن إبراهيم الإسكندراني,6238012370,402,402-villa,5106000,1,"20%, 20%,20%, 15%,15%, 5%, 5%","تم السداد 1,021,200.00","تم السداد 1,021,200.00","تم السداد 1,021,200.00","تم السداد 765,900.00","تم السداد 765,900.00","تم السداد 255,300.00","255,300.00",255300,4850700,بنك مصر,8-Sep-21,1,DLM0302,16-Aug-21
حسين فؤاد حمدي السيد,2565744837,403,403-villa,4322000,1,"20%, 20%,20%, 15%,15%, 5%, 5%","تم السداد 864,400.00","تم السداد 864,400.00","تم السداد 864,400.00","تم السداد 648,300.00","تم السداد 648,300.00","تم السداد 216,100.00","216,100.00",216100,4105900,البنك الأهلي المصري,1-Sep-21,1,DLM0303,7-Sep-21
معتز كمال جمال النجار,2785745709,404,404-villa,4452000,1,"20%, 20%,20%, 15%,15%, 5%, 5%","تم السداد 890,400.00","تم السداد 890,400.00","تم السداد 890,400.00","تم السداد 667,800.00","تم السداد 667,800.00","تم السداد 222,600.00","222,600.00",222600,4229400,البنك الأهلي المصري,5-Aug-21,1,DLM0304,2-Sep-21
بيشوي خالد حمدي مراد,9567912632,405,405-villa,6429000,1,"20%, 20%,20%, 15%,15%, 5%, 5%","تم السداد 1,285,800.00","تم السداد 1,285,800.00","تم السداد 1,285,800.00","تم السداد 964,350.00","تم السداد 964,350.00","تم السداد 321,450.00","321,450.00",321450,6107550,بنك مصر,21-Aug-21,1,DLM0305,6-Sep-21
علي يوسف فاروق مصطفى,2038589055,406,406-villa,5784000,1,"20%, 20%,20%, 15%,15%, 5%, 5%","تم السداد 1,156,800.00","تم السداد 1,156,800.00","تم السداد 1,156,800.00","تم السداد 867,600.00","تم السداد 867,600.00","تم السداد 289,200.00","289,200.00",289200,5494800,بنك مصر,2-Aug-21,1,DLM0306,31-Aug-21
أيمن إبراهيم رجب علي,3509823417,407,407-villa,6517000,1,"20%, 20%,20%, 15%,15%, 5%, 5%","تم السداد 1,303,400.00","تم السداد 1,303,400.00","تم السداد 1,303,400.00","تم السداد 977,550.00","تم السداد 977,550.00","تم السداد 325,850.00","325,850.00",325850,6191150,البنك الأهلي المصري,8-Sep-21,1,DLM0307,8-Sep-21
كريم محمد فتحي الجمل,9862276847,408,408-villa,4710000,1,"20%, 20%,20%, 15%,15%, 5%, 5%","تم السداد 942,000.00","تم السداد 942,000.00","تم السداد 942,000.00","تم السداد 706,500.00","تم السداد 706,500.00","تم السداد 235,500.00","235,500.00",235500,4474500,بنك مصر,11-Sep-21,1,DLM0308,17-Sep-21
سامح جمال سمير عبدالحميد,7813905081,409,409-villa,3294000,1,"20%, 20%,20%, 15%,15%, 5%, 5%","تم السداد 658,800.00","تم السداد 658,800.00","تم السداد 658,800.00","تم السداد 494,100.00","تم السداد 494,100.00","تم السداد 164,700.00","164,700.00",164700,3129300,بنك مصر,31-Jul-21,1,DLM0309,27-Aug-21
بيشوي كمال صلاح المرسي,2312707168,410,410-villa,3669000,1,"20%, 20%,20%, 15%,15%, 5%, 5%","تم السداد 733,800.00","تم السداد 733,800.00","تم السداد 733,800.00","تم السداد 550,350.00","تم السداد 550,350.00","تم السداد 183,450.00","183,450.00",183450,3485550,بنك مصر,20-Sep-21,1,DLM0310,5-Aug-21
شريف مصطفى سعيد عبدالرازق,6194826128,411,411-villa,4796000,1,"20%, 20%,20%, 15%,15%, 5%, 5%","تم السداد 959,200.00","تم السداد 959,200.00","تم السداد 959,200.00","تم السداد 719,400.00","تم السداد 719,400.00","تم السداد 239,800.00","239,800.00",239800,4556200,بنك مصر,11-Sep-21,1,DLM0311,7-Aug-21
محمد كمال حمدي حسين,8458628765,412,412-villa,5864000,1,"20%, 20%,20%, 15%,15%, 5%, 5%","تم السداد 1,172,800.00","تم السداد 1,172,800.00","تم السداد 1,172,800.00","تم السداد 879,600.00","تم السداد 879,600.00","تم السداد 293,200.00","293,200.00",293200,5570800,EGBANK - البنك المصري الخليجي,26-Aug-21,1,DLM0312,11-Aug-21
حسام عادل سيد إبراهيم,4356391108,413,413-villa,4541000,1,"20%, 20%,20%, 15%,15%, 5%, 5%","تم السداد 908,200.00","تم السداد 908,200.00","تم السداد 908,200.00","تم السداد 681,150.00","تم السداد 681,150.00","تم السداد 227,050.00","227,050.00",227050,4313950,بنك مصر,26-Aug-21,1,DLM0313,20-Aug-21
سامي حمدي طارق الزيني,5201111141,414,414-villa,3412000,1,"20%, 20%,20%, 15%,15%, 5%, 5%","تم السداد 682,400.00","تم السداد 682,400.00","تم السداد 682,400.00","تم السداد 511,800.00","تم السداد 511,800.00","تم السداد 170,600.00","170,600.00",170600,3241400,EGBANK - البنك المصري الخليجي,27-Aug-21,1,DLM0314,16-Aug-21
عبدالرحمن علي فتحي السمان,6328370099,415,415-villa,4731000,1,"20%, 20%,20%, 15%,15%, 5%, 5%","تم السداد 946,200.00","تم السداد 946,200.00","تم السداد 946,200.00","تم السداد 709,650.00","تم السداد 709,650.00","تم السداد 236,550.00","236,550.00",236550,4494450,EGBANK - البنك المصري الخليجي,27-Sep-21,1,DLM0315,15-Aug-21
عبدالرحمن إسماعيل مجدي القناوي,2316281535,416,416-villa,4777000,1,"20%, 20%,20%, 15%,15%, 5%, 5%","تم السداد 955,400.00","تم السداد 955,400.00","تم السداد 955,400.00","تم السداد 716,550.00","تم السداد 716,550.00","تم السداد 238,850.00","238,850.00",238850,4538150,بنك مصر,16-Sep-21,1,DLM0316,24-Aug-21
عمرو علي صبحي الحداد,9564829047,417,417-villa,5080000,1,"20%, 20%,20%, 15%,15%, 5%, 5%","تم السداد 1,016,000.00","تم السداد 1,016,000.00","تم السداد 1,016,000.00","تم السداد 762,000.00","تم السداد 762,000.00","تم السداد 254,000.00","254,000.00",254000,4826000,EGBANK - البنك المصري الخليجي,20-Sep-21,1,DLM0317,7-Aug-21
حسام فتحي أحمد عبداللطيف,8724467738,418,418-villa,4923000,1,"20%, 20%,20%, 15%,15%, 5%, 5%","تم السداد 984,600.00","تم السداد 984,600.00","تم السداد 984,600.00","تم السداد 738,450.00","تم السداد 738,450.00","تم السداد 246,150.00","246,150.00",246150,4676850,بنك القاهرة,21-Aug-21,1,DLM0318,4-Sep-21
أدهم فتحي فاروق عبدالمجيد,2606226592,419,419-villa,5389000,1,"20%, 20%,20%, 15%,15%, 5%, 5%","تم السداد 1,077,800.00","تم السداد 1,077,800.00","تم السداد 1,077,800.00","تم السداد 808,350.00","تم السداد 808,350.00","تم السداد 269,450.00","269,450.00",269450,5119550,بنك مصر,5-Sep-21,1,DLM0319,21-Aug-21
باسم رمضان صبحي العشري,8977552519,420,420-villa,4585000,1,"20%, 20%,20%, 15%,15%, 5%, 5%","تم السداد 917,000.00","تم السداد 917,000.00","تم السداد 917,000.00","تم السداد 687,750.00","تم السداد 687,750.00","تم السداد 229,250.00","229,250.00",229250,4355750,كريدي أجريكول مصر,31-Aug-21,1,DLM0320,26-Sep-21
وليد صلاح شوقي الحداد,2399078422,421,421-villa,4924000,1,"20%, 20%,20%, 15%,15%, 5%, 5%","تم السداد 984,800.00","تم السداد 984,800.00","تم السداد 984,800.00","تم السداد 738,600.00","تم السداد 738,600.00","تم السداد 246,200.00","246,200.00",246200,4677800,البنك التجاري الدولي CIB,16-Aug-21,1,DLM0321,12-Aug-21
علاء علي مصطفى علي,9972023951,422,422-villa,4698000,1,"20%, 20%,20%, 15%,15%, 5%, 5%","تم السداد 939,600.00","تم السداد 939,600.00","تم السداد 939,600.00","تم السداد 704,700.00","تم السداد 704,700.00","تم السداد 234,900.00","234,900.00",234900,4463100,بنك مصر,5-Sep-21,1,DLM0322,10-Sep-21
وليد رجب إبراهيم سليمان,4917271015,423,423-villa,4811000,1,"20%, 20%,20%, 15%,15%, 5%, 5%","تم السداد 962,200.00","تم السداد 962,200.00","تم السداد 962,200.00","تم السداد 721,650.00","تم السداد 721,650.00","تم السداد 240,550.00","240,550.00",240550,4570450,البنك التجاري الدولي CIB,7-Sep-21,1,DLM0323,17-Aug-21
سامح فتحي رشاد الجمل,2433023368,424,424-villa,5277000,1,"20%, 20%,20%, 15%,15%, 5%, 5%","تم السداد 1,055,400.00","تم السداد 1,055,400.00","تم السداد 1,055,400.00","تم السداد 791,550.00","تم السداد 791,550.00","تم السداد 263,850.00","263,850.00",263850,5013150,البنك الأهلي المصري,18-Sep-21,1,DLM0324,24-Aug-21
عبدالرحمن عاطف جمال الرفاعي,2408616618,425,425-villa,4995000,1,"20%, 20%,20%, 15%,15%, 5%, 5%","تم السداد 999,000.00","تم السداد 999,000.00","تم السداد 999,000.00","تم السداد 749,250.00","تم السداد 749,250.00","تم السداد 249,750.00","249,750.00",249750,4745250,بنك مصر,31-Jul-21,1,DLM0325,3-Sep-21
رامي سعيد علي الشرقاوي,2031304229,426,426-villa,3638000,1,"20%, 20%,20%, 15%,15%, 5%, 5%","تم السداد 727,600.00","تم السداد 727,600.00","تم السداد 727,600.00","تم السداد 545,700.00","تم السداد 545,700.00","تم السداد 181,900.00","181,900.00",181900,3456100,البنك التجاري الدولي CIB,10-Sep-21,1,DLM0326,11-Sep-21
علاء فؤاد رجب شاكر,4829688038,427,427-villa,3537000,1,"20%, 20%,20%, 15%,15%, 5%, 5%","تم السداد 707,400.00","تم السداد 707,400.00","تم السداد 707,400.00","تم السداد 530,550.00","تم السداد 530,550.00","تم السداد 176,850.00","176,850.00",176850,3360150,بنك مصر,4-Oct-21,1,DLM0327,10-Sep-21
ماجد جمال كمال السعدني,8216142253,428,428-villa,4626000,1,"20%, 20%,20%, 15%,15%, 5%, 5%","تم السداد 925,200.00","تم السداد 925,200.00","تم السداد 925,200.00","تم السداد 693,900.00","تم السداد 693,900.00","تم السداد 231,300.00","231,300.00",231300,4394700,EGBANK - البنك المصري الخليجي,4-Aug-21,1,DLM0328,15-Aug-21
مجدي صبحي فتحي الإسكندراني,7959712146,429,429-villa,3746000,1,"20%, 20%,20%, 15%,15%, 5%, 5%","تم السداد 749,200.00","تم السداد 749,200.00","تم السداد 749,200.00","تم السداد 561,900.00","تم السداد 561,900.00","تم السداد 187,300.00","187,300.00",187300,3558700,البنك الأهلي المصري,9-Aug-21,1,DLM0329,16-Sep-21
حسام شوقي عادل عبدالفتاح,1375078254,430,430-villa,4867000,1,"20%, 20%,20%, 15%,15%, 5%, 5%","تم السداد 973,400.00","تم السداد 973,400.00","تم السداد 973,400.00","تم السداد 730,050.00","تم السداد 730,050.00","تم السداد 243,350.00","243,350.00",243350,4623650,البنك التجاري الدولي CIB,5-Sep-21,1,DLM0330,17-Aug-21
ياسين أحمد سليمان الحداد,4783719961,431,431-villa,4934000,1,"20%, 20%,20%, 15%,15%, 5%, 5%","تم السداد 986,800.00","تم السداد 986,800.00","تم السداد 986,800.00","تم السداد 740,100.00","تم السداد 740,100.00","تم السداد 246,700.00","246,700.00",246700,4687300,EGBANK - البنك المصري الخليجي,20-Sep-21,1,DLM0331,7-Sep-21
كريم حمدي علي خليل,6057947109,432,432-villa,5089000,1,"20%, 20%,20%, 15%,15%, 5%, 5%","تم السداد 1,017,800.00","تم السداد 1,017,800.00","تم السداد 1,017,800.00","تم السداد 763,350.00","تم السداد 763,350.00","تم السداد 254,450.00","254,450.00",254450,4834550,البنك الأهلي المصري,8-Oct-21,1,DLM0332,19-Oct-21
محمد سيد يوسف صلاح,1254457184,433,433-villa,4845000,1,"20%, 20%,20%, 15%,15%, 5%, 5%","تم السداد 969,000.00","تم السداد 969,000.00","تم السداد 969,000.00","تم السداد 726,750.00","تم السداد 726,750.00","تم السداد 242,250.00","242,250.00",242250,4602750,EGBANK - البنك المصري الخليجي,23-Sep-21,1,DLM0333,8-Aug-21
حسن محمد فؤاد صادق,8379645722,434,434-villa,6400000,1,"20%, 20%,20%, 15%,15%, 5%, 5%","تم السداد 1,280,000.00","تم السداد 1,280,000.00","تم السداد 1,280,000.00","تم السداد 960,000.00","تم السداد 960,000.00","تم السداد 320,000.00","تم السداد 320,000.00",0,6400000,كاش,12-Sep-21,1,DLM0334,19-Aug-21
أشرف سمير رمضان النجار,3089747154,435,435-villa,5092000,1,"20%, 20%,20%, 15%,15%, 5%, 5%","تم السداد 1,018,400.00","تم السداد 1,018,400.00","تم السداد 1,018,400.00","تم السداد 763,800.00","تم السداد 763,800.00","تم السداد 254,600.00","254,600.00",254600,4837400,البنك التجاري الدولي CIB,1-Aug-21,1,DLM0335,16-Aug-21
كريم عبدالرحمن حسين داود,2074885548,436,436-villa,4485000,1,"20%, 20%,20%, 15%,15%, 5%, 5%","تم السداد 897,000.00","تم السداد 897,000.00","تم السداد 897,000.00","تم السداد 672,750.00","تم السداد 672,750.00","تم السداد 224,250.00","224,250.00",224250,4260750,بنك القاهرة,17-Aug-21,1,DLM0336,25-Aug-21
باسم عبدالرحمن سعيد عبدالعال,9341673266,437,437-villa,3396000,1,"20%, 20%,20%, 15%,15%, 5%, 5%","تم السداد 679,200.00","تم السداد 679,200.00","تم السداد 679,200.00","تم السداد 509,400.00","تم السداد 509,400.00","تم السداد 169,800.00","169,800.00",169800,3226200,بنك القاهرة,9-Aug-21,1,DLM0337,2-Sep-21
عمرو رشاد صبري عبدالمجيد,2076333194,438,438-villa,6016000,1,"20%, 20%,20%, 15%,15%, 5%, 5%","تم السداد 1,203,200.00","تم السداد 1,203,200.00","تم السداد 1,203,200.00","تم السداد 902,400.00","تم السداد 902,400.00","تم السداد 300,800.00","300,800.00",300800,5715200,بنك مصر,7-Jan-22,1,DLM0338,26-Dec-21
كريم عصام إبراهيم الوكيل,3892796367,439,439-villa,4886000,1,"20%, 20%,20%, 15%,15%, 5%, 5%","تم السداد 977,200.00","تم السداد 977,200.00","تم السداد 977,200.00","تم السداد 732,900.00","تم السداد 732,900.00","تم السداد 244,300.00","244,300.00",244300,4641700,البنك الأهلي المصري,31-Aug-21,1,DLM0339,12-Sep-21
هشام خالد كمال حسن,7056241083,440,440-villa,5132000,1,"20%, 20%,20%, 15%,15%, 5%, 5%","تم السداد 1,026,400.00","تم السداد 1,026,400.00","تم السداد 1,026,400.00","تم السداد 769,800.00","تم السداد 769,800.00","تم السداد 256,600.00","256,600.00",256600,4875400,البنك الأهلي المصري,9-Aug-21,1,DLM0340,28-Aug-21
رامز محمود سعيد القاضي,5134519959,441,441-villa,3507000,1,"20%, 20%,20%, 15%,15%, 5%, 5%","تم السداد 701,400.00","تم السداد 701,400.00","تم السداد 701,400.00","تم السداد 526,050.00","تم السداد 526,050.00","175,350.00","175,350.00",350700,3156300,البنك الأهلي المصري,5-Aug-21,1,DLM0341,23-Aug-21
ماهر مجدي كمال القاضي,3151667103,442,442-villa,4744000,1,"20%, 20%,20%, 15%,15%, 5%, 5%","تم السداد 948,800.00","تم السداد 948,800.00","تم السداد 948,800.00","تم السداد 711,600.00","تم السداد 711,600.00","تم السداد 237,200.00","237,200.00",237200,4506800,البنك الأهلي المصري,26-Aug-21,1,DLM0342,23-Aug-21
حازم نبيل يوسف عوض,8007119983,443,443-villa,4977000,1,"20%, 20%,20%, 15%,15%, 5%, 5%","تم السداد 995,400.00","تم السداد 995,400.00","تم السداد 995,400.00","تم السداد 746,550.00","تم السداد 746,550.00","تم السداد 248,850.00","248,850.00",248850,4728150,البنك الأهلي المصري,14-Sep-21,1,DLM0343,10-Aug-21
إبراهيم مجدي لطفي الجمل,4183583439,444,444-villa,4617000,1,"20%, 20%,20%, 15%,15%, 5%, 5%","تم السداد 923,400.00","تم السداد 923,400.00","تم السداد 923,400.00","تم السداد 692,550.00","تم السداد 692,550.00","تم السداد 230,850.00","230,850.00",230850,4386150,البنك الأهلي المصري,28-Jul-21,1,DLM0344,11-Aug-21
مروان مصطفى أحمد بدوي,9701575916,445,445-villa,5744000,1,"20%, 20%,20%, 15%,15%, 5%, 5%","تم السداد 1,148,800.00","تم السداد 1,148,800.00","تم السداد 1,148,800.00","تم السداد 861,600.00","تم السداد 861,600.00","تم السداد 287,200.00","تم السداد 287,200.00",0,5744000,البنك العربي الأفريقي الدولي,14-Aug-21,1,DLM0345,2-Sep-21
عمرو رشاد مصطفى أمين,7621904010,446,446-villa,4573000,1,"20%, 20%,20%, 15%,15%, 5%, 5%","تم السداد 914,600.00","تم السداد 914,600.00","تم السداد 914,600.00","تم السداد 685,950.00","تم السداد 685,950.00","تم السداد 228,650.00","تم السداد 228,650.00",0,4573000,البنك العربي الأفريقي الدولي,31-Jul-21,1,DLM0346,29-Aug-21
كريم أحمد حسن الجندي,1156300158,447,447-villa,4490000,1,"20%, 20%,20%, 15%,15%, 5%, 5%","تم السداد 898,000.00","تم السداد 898,000.00","تم السداد 898,000.00","تم السداد 673,500.00","تم السداد 673,500.00","تم السداد 224,500.00","224,500.00",224500,4265500,البنك الأهلي المصري,10-Aug-21,1,DLM0347,9-Aug-21
فادي سيد حسين منصور,1621829685,448,448-villa,5052000,1,"20%, 20%,20%, 15%,15%, 5%, 5%","تم السداد 1,010,400.00","تم السداد 1,010,400.00","تم السداد 1,010,400.00","تم السداد 757,800.00","تم السداد 757,800.00","تم السداد 252,600.00","252,600.00",252600,4799400,البنك الأهلي المصري,14-Sep-21,1,DLM0348,13-Sep-21
مروان فتحي نبيل العشري,2747409746,449,449-villa,5039000,1,"20%, 20%,20%, 15%,15%, 5%, 5%","تم السداد 1,007,800.00","تم السداد 1,007,800.00","تم السداد 1,007,800.00","تم السداد 755,850.00","تم السداد 755,850.00","تم السداد 251,950.00","251,950.00",251950,4787050,البنك الأهلي المصري,13-Aug-21,1,DLM0349,27-Aug-21
هاني جابر رشاد عبدالحميد,2645769069,450,450-villa,4768000,1,"20%, 20%,20%, 15%,15%, 5%, 5%","تم السداد 953,600.00","تم السداد 953,600.00","تم السداد 953,600.00","تم السداد 715,200.00","تم السداد 715,200.00","تم السداد 238,400.00","238,400.00",238400,4529600,البنك الأهلي المصري,27-Aug-21,1,DLM0350,10-Aug-21
أيمن إبراهيم حسن الإسكندراني,9132654553,451,451-villa,5284000,1,"20%, 20%,20%, 15%,15%, 5%, 5%","تم السداد 1,056,800.00","تم السداد 1,056,800.00","تم السداد 1,056,800.00","تم السداد 792,600.00","تم السداد 792,600.00","تم السداد 264,200.00","264,200.00",264200,5019800,البنك الأهلي المصري,2-Aug-21,1,DLM0351,9-Aug-21
ماهر رجب شوقي النجار,7838057416,452,452-villa,4975000,1,"20%, 20%,20%, 15%,15%, 5%, 5%","تم السداد 995,000.00","تم السداد 995,000.00","تم السداد 995,000.00","تم السداد 746,250.00","تم السداد 746,250.00","تم السداد 248,750.00","248,750.00",248750,4726250,البنك التجاري الدولي CIB,27-Aug-21,1,DLM0352,26-Aug-21
كريم عبدالله حمدي السوهاجي,9251287085,453,453-villa,4465000,1,"20%, 20%,20%, 15%,15%, 5%, 5%","تم السداد 893,000.00","تم السداد 893,000.00","تم السداد 893,000.00","تم السداد 669,750.00","تم السداد 669,750.00","تم السداد 223,250.00","223,250.00",223250,4241750,البنك التجاري الدولي CIB,2-Oct-21,1,DLM0353,24-Aug-21
مروان فاروق صلاح البدري,7641269013,454,454-villa,4896000,1,"20%, 20%,20%, 15%,15%, 5%, 5%","تم السداد 979,200.00","تم السداد 979,200.00","تم السداد 979,200.00","تم السداد 734,400.00","تم السداد 734,400.00","تم السداد 244,800.00","244,800.00",244800,4651200,البنك التجاري الدولي CIB,5-Sep-21,1,DLM0354,22-Aug-21
وائل مصطفى صبحي الجمل,1755951391,455,455-villa,4535000,1,"20%, 20%,20%, 15%,15%, 5%, 5%","تم السداد 907,000.00","تم السداد 907,000.00","تم السداد 907,000.00","تم السداد 680,250.00","تم السداد 680,250.00","تم السداد 226,750.00","226,750.00",226750,4308250,البنك الأهلي المصري,2-Sep-21,1,DLM0355,12-Aug-21
شريف جابر فتحي عبدالمجيد,5147070429,456,456-villa,5737000,1,"20%, 20%,20%, 15%,15%, 5%, 5%","تم السداد 1,147,400.00","تم السداد 1,147,400.00","تم السداد 1,147,400.00","تم السداد 860,550.00","تم السداد 860,550.00","تم السداد 286,850.00","286,850.00",286850,5450150,البنك التجاري الدولي CIB,24-Sep-21,1,DLM0356,9-Sep-21
ماهر حسن عبدالله السيد,7089154196,457,457-villa,4697000,1,"20%, 20%,20%, 15%,15%, 5%, 5%","تم السداد 939,400.00","تم السداد 939,400.00","تم السداد 939,400.00","تم السداد 704,550.00","تم السداد 704,550.00","تم السداد 234,850.00","234,850.00",234850,4462150,بنك مصر,24-Aug-21,1,DLM0357,4-Sep-21
خالد رشاد عصام عبدالحليم,7829114557,458,458-villa,6058000,1,"20%, 20%,20%, 15%,15%, 5%, 5%","تم السداد 1,211,600.00","تم السداد 1,211,600.00","تم السداد 1,211,600.00","تم السداد 908,700.00","تم السداد 908,700.00","تم السداد 302,900.00","302,900.00",302900,5755100,بنك مصر,15-Sep-21,1,DLM0358,13-Sep-21
ياسين جابر سعيد المنياوي,2350182523,459,459-villa,5083000,1,"20%, 20%,20%, 15%,15%, 5%, 5%","تم السداد 1,016,600.00","تم السداد 1,016,600.00","تم السداد 1,016,600.00","تم السداد 762,450.00","تم السداد 762,450.00","تم السداد 254,150.00","254,150.00",254150,4828850,بنك مصر,2-Aug-21,1,DLM0359,16-Sep-21
إسلام شوقي صبري عبدالفتاح,6647008152,460,460-villa,5088000,1,"20%, 20%,20%, 15%,15%, 5%, 5%","تم السداد 1,017,600.00","تم السداد 1,017,600.00","تم السداد 1,017,600.00","تم السداد 763,200.00","تم السداد 763,200.00","تم السداد 254,400.00","254,400.00",254400,4833600,بنك مصر,25-Aug-21,1,DLM0360,7-Sep-21
عمرو رشاد عبدالرحمن عبدالحليم,3763510828,461,461-villa,4782000,1,"20%, 20%,20%, 15%,15%, 5%, 5%","تم السداد 956,400.00","تم السداد 956,400.00","تم السداد 956,400.00","تم السداد 717,300.00","تم السداد 717,300.00","تم السداد 239,100.00","239,100.00",239100,4542900,البنك التجاري الدولي CIB,18-Aug-21,1,DLM0361,5-Sep-21
عمرو رمضان مصطفى العطار,8762696879,462,462-villa,5060000,1,"20%, 20%,20%, 15%,15%, 5%, 5%","تم السداد 1,012,000.00","تم السداد 1,012,000.00","تم السداد 1,012,000.00","تم السداد 759,000.00","تم السداد 759,000.00","تم السداد 253,000.00","253,000.00",253000,4807000,البنك التجاري الدولي CIB,30-Aug-21,1,DLM0362,15-Aug-21
حسام إبراهيم عبدالرحمن النجار,4631731932,463,463-villa,5422000,1,"20%, 20%,20%, 15%,15%, 5%, 5%","تم السداد 1,084,400.00","تم السداد 1,084,400.00","تم السداد 1,084,400.00","تم السداد 813,300.00","تم السداد 813,300.00","تم السداد 271,100.00","271,100.00",271100,5150900,البنك التجاري الدولي CIB,21-Aug-21,1,DLM0363,10-Sep-21
حسن سليمان طارق المصري,2276279131,464,464-villa,5167000,1,"20%, 20%,20%, 15%,15%, 5%, 5%","تم السداد 1,033,400.00","تم السداد 1,033,400.00","تم السداد 1,033,400.00","تم السداد 775,050.00","تم السداد 775,050.00","تم السداد 258,350.00","258,350.00",258350,4908650,البنك التجاري الدولي CIB,1-Aug-21,1,DLM0364,22-Aug-21
إبراهيم مختار كمال جابر,8086139827,465,465-villa,5072000,1,"20%, 20%,20%, 15%,15%, 5%, 5%","تم السداد 1,014,400.00","تم السداد 1,014,400.00","تم السداد 1,014,400.00","تم السداد 760,800.00","تم السداد 760,800.00","تم السداد 253,600.00","253,600.00",253600,4818400,البنك التجاري الدولي CIB,28-Aug-21,1,DLM0365,5-Sep-21
ياسين مجدي رجب الشرقاوي,5387759487,466,466-villa,5211000,1,"20%, 20%,20%, 15%,15%, 5%, 5%","تم السداد 1,042,200.00","تم السداد 1,042,200.00","تم السداد 1,042,200.00","تم السداد 781,650.00","تم السداد 781,650.00","تم السداد 260,550.00","260,550.00",260550,4950450,بنك مصر,24-Aug-21,1,DLM0366,17-Aug-21
إبراهيم رجب صبري المنشاوي,2970202673,467,467-villa,4842000,1,"20%, 20%,20%, 15%,15%, 5%, 5%","تم السداد 968,400.00","تم السداد 968,400.00","تم السداد 968,400.00","تم السداد 726,300.00","تم السداد 726,300.00","تم السداد 242,100.00","242,100.00",242100,4599900,البنك التجاري الدولي CIB,11-Aug-21,1,DLM0367,10-Sep-21
حسن عادل محمد حسن,4098696899,468,468-villa,4596000,1,"20%, 20%,20%, 15%,15%, 5%, 5%","تم السداد 919,200.00","تم السداد 919,200.00","تم السداد 919,200.00","تم السداد 689,400.00","تم السداد 689,400.00","تم السداد 229,800.00","229,800.00",229800,4366200,البنك التجاري الدولي CIB,19-Sep-21,1,DLM0368,22-Aug-21
باسم فتحي محمد السمان,9467701627,469,469-villa,5161000,1,"20%, 20%,20%, 15%,15%, 5%, 5%","تم السداد 1,032,200.00","تم السداد 1,032,200.00","تم السداد 1,032,200.00","تم السداد 774,150.00","تم السداد 774,150.00","تم السداد 258,050.00","258,050.00",258050,4902950,البنك التجاري الدولي CIB,24-Sep-21,1,DLM0369,11-Sep-21
طارق محمد عاطف أمين,8569815054,470,470-villa,4659000,1,"20%, 20%,20%, 15%,15%, 5%, 5%","تم السداد 931,800.00","تم السداد 931,800.00","تم السداد 931,800.00","تم السداد 698,850.00","تم السداد 698,850.00","تم السداد 232,950.00","232,950.00",232950,4426050,البنك التجاري الدولي CIB,17-Sep-21,1,DLM0370,14-Aug-21
شادي إسماعيل سليمان يونس,7304261682,471,471-villa,4676000,1,"20%, 20%,20%, 15%,15%, 5%, 5%","تم السداد 935,200.00","تم السداد 935,200.00","تم السداد 935,200.00","تم السداد 701,400.00","تم السداد 701,400.00","تم السداد 233,800.00","233,800.00",233800,4442200,البنك التجاري الدولي CIB,14-Sep-21,1,DLM0371,19-Aug-21
أدهم فتحي شوقي عبدالحميد,5152204021,472,472-villa,5689000,1,"20%, 20%,20%, 15%,15%, 5%, 5%","تم السداد 1,137,800.00","تم السداد 1,137,800.00","تم السداد 1,137,800.00","تم السداد 853,350.00","تم السداد 853,350.00","تم السداد 284,450.00","284,450.00",284450,5404550,بنك مصر,3-Aug-21,1,DLM0372,8-Sep-21
نادر محمود فتحي حجازي,6133154790,473,473-villa,3716000,1,"20%, 20%,20%, 15%,15%, 5%, 5%","تم السداد 743,200.00","تم السداد 743,200.00","تم السداد 743,200.00","تم السداد 557,400.00","تم السداد 557,400.00","تم السداد 185,800.00","185,800.00",185800,3530200,بنك مصر,20-Sep-21,1,DLM0373,9-Sep-21
حسين رجب شوقي صادق,7591593594,474,474-villa,5271000,1,"20%, 20%,20%, 15%,15%, 5%, 5%","تم السداد 1,054,200.00","تم السداد 1,054,200.00","تم السداد 1,054,200.00","تم السداد 790,650.00","تم السداد 790,650.00","تم السداد 263,550.00","263,550.00",263550,5007450,بنك مصر,30-Aug-21,1,DLM0374,6-Sep-21
نادر فؤاد عاطف مصطفى,2687801535,475,475-villa,4251000,1,"20%, 20%,20%, 15%,15%, 5%, 5%","تم السداد 850,200.00","تم السداد 850,200.00","تم السداد 850,200.00","تم السداد 637,650.00","تم السداد 637,650.00","تم السداد 212,550.00","212,550.00",212550,4038450,EGBANK - البنك المصري الخليجي,2-Aug-21,1,DLM0375,7-Sep-21
ماهر فتحي خالد العشري,4894162513,476,476-villa,4623000,1,"20%, 20%,20%, 15%,15%, 5%, 5%","تم السداد 924,600.00","تم السداد 924,600.00","تم السداد 924,600.00","تم السداد 693,450.00","تم السداد 693,450.00","تم السداد 231,150.00","231,150.00",231150,4391850,البنك الأهلي المصري,24-Aug-21,1,DLM0376,20-Sep-21
هاني جمال فؤاد الشربيني,2758464793,477,477-villa,6261000,1,"20%, 20%,20%, 15%,15%, 5%, 5%","تم السداد 1,252,200.00","تم السداد 1,252,200.00","تم السداد 1,252,200.00","تم السداد 939,150.00","تم السداد 939,150.00","تم السداد 313,050.00","313,050.00",313050,5947950,البنك الأهلي المصري,10-Sep-21,1,DLM0377,29-Aug-21
أدهم سعيد كمال السمان,7278433485,478,478-villa,5983000,1,"20%, 20%,20%, 15%,15%, 5%, 5%","تم السداد 1,196,600.00","تم السداد 1,196,600.00","تم السداد 1,196,600.00","تم السداد 897,450.00","تم السداد 897,450.00","تم السداد 299,150.00","299,150.00",299150,5683850,البنك الأهلي المصري,13-Sep-21,1,DLM0378,15-Sep-21
مينا إسماعيل رمضان مصطفى,4907477664,479,479-villa,3750000,1,"20%, 20%,20%, 15%,15%, 5%, 5%","تم السداد 750,000.00","تم السداد 750,000.00","تم السداد 750,000.00","تم السداد 562,500.00","تم السداد 562,500.00","تم السداد 187,500.00","187,500.00",187500,3562500,البنك الأهلي المصري,5-Aug-21,1,DLM0379,17-Sep-21
عبدالله رمضان سعيد حبيب,6835224731,480,480-villa,3406000,1,"20%, 20%,20%, 15%,15%, 5%, 5%","تم السداد 681,200.00","تم السداد 681,200.00","تم السداد 681,200.00","تم السداد 510,900.00","تم السداد 510,900.00","تم السداد 170,300.00","170,300.00",170300,3235700,كريدي أجريكول مصر,21-Aug-21,1,DLM0380,12-Aug-21
ماجد إبراهيم أحمد مبارك,7924588408,481,481-villa,4566000,1,"20%, 20%,20%, 15%,15%, 5%, 5%","تم السداد 913,200.00","تم السداد 913,200.00","تم السداد 913,200.00","تم السداد 684,900.00","تم السداد 684,900.00","تم السداد 228,300.00","228,300.00",228300,4337700,كريدي أجريكول مصر,4-Aug-21,1,DLM0381,8-Aug-21
نادر سليمان خالد حسين,1040009743,482,482-villa,4529000,1,"20%, 20%,20%, 15%,15%, 5%, 5%","تم السداد 905,800.00","تم السداد 905,800.00","تم السداد 905,800.00","تم السداد 679,350.00","تم السداد 679,350.00","تم السداد 226,450.00","226,450.00",226450,4302550,بنك القاهرة,13-Sep-21,1,DLM0382,4-Aug-21
كريم عاطف سليمان عبدالحميد,9754586866,483,483-villa,4415000,1,"20%, 20%,20%, 15%,15%, 5%, 5%","تم السداد 883,000.00","تم السداد 883,000.00","تم السداد 883,000.00","تم السداد 662,250.00","تم السداد 662,250.00","تم السداد 220,750.00","220,750.00",220750,4194250,بنك مصر,24-Aug-21,1,DLM0383,11-Sep-21
معتز رشاد عادل القناوي,3858499176,484,484-villa,5377000,1,"20%, 20%,20%, 15%,15%, 5%, 5%","تم السداد 1,075,400.00","تم السداد 1,075,400.00","تم السداد 1,075,400.00","تم السداد 806,550.00","تم السداد 806,550.00","تم السداد 268,850.00","268,850.00",268850,5108150,بنك مصر,15-Sep-21,1,DLM0384,16-Sep-21
عمر كمال نبيل السيد,4010280087,485,485-villa,4780000,1,"20%, 20%,20%, 15%,15%, 5%, 5%","تم السداد 956,000.00","تم السداد 956,000.00","تم السداد 956,000.00","تم السداد 717,000.00","تم السداد 717,000.00","تم السداد 239,000.00","239,000.00",239000,4541000,كريدي أجريكول مصر,7-Sep-21,1,DLM0385,6-Sep-21
معتز مختار إبراهيم منصور,7250085883,486,486-villa,4823000,1,"20%, 20%,20%, 15%,15%, 5%, 5%","تم السداد 964,600.00","تم السداد 964,600.00","تم السداد 964,600.00","تم السداد 723,450.00","تم السداد 723,450.00","تم السداد 241,150.00","241,150.00",241150,4581850,بنك مصر,19-Oct-21,1,DLM0386,12-Nov-21
نادر شوقي رشاد عبدالسلام,2988593334,487,487-villa,4861000,1,"20%, 20%,20%, 15%,15%, 5%, 5%","تم السداد 972,200.00","تم السداد 972,200.00","تم السداد 972,200.00","تم السداد 729,150.00","تم السداد 729,150.00","تم السداد 243,050.00","243,050.00",243050,4617950,البنك التجاري الدولي CIB,31-Aug-21,1,DLM0387,18-Sep-21
آية فتحي علي عبدالحميد,6604831597,488,488-villa,5146000,1,"20%, 20%,20%, 15%,15%, 5%, 5%","تم السداد 1,029,200.00","تم السداد 1,029,200.00","تم السداد 1,029,200.00","تم السداد 771,900.00","تم السداد 771,900.00","تم السداد 257,300.00","257,300.00",257300,4888700,البنك التجاري الدولي CIB,2-Oct-21,1,DLM0388,26-Aug-21
عبدالله رمضان إبراهيم الدمرداش,7488205432,489,489-villa,5044000,1,"20%, 20%,20%, 15%,15%, 5%, 5%","تم السداد 1,008,800.00","تم السداد 1,008,800.00","تم السداد 1,008,800.00","تم السداد 756,600.00","تم السداد 756,600.00","تم السداد 252,200.00","252,200.00",252200,4791800,بنك مصر,20-Aug-21,1,DLM0389,7-Sep-21
أيمن فؤاد جمال السيد,3624040151,490,490-villa,6312000,1,"20%, 20%,20%, 15%,15%, 5%, 5%","تم السداد 1,262,400.00","تم السداد 1,262,400.00","تم السداد 1,262,400.00","تم السداد 946,800.00","تم السداد 946,800.00","تم السداد 315,600.00","315,600.00",315600,5996400,بنك مصر,18-Sep-21,1,DLM0390,12-Sep-21
عبدالرحمن حسين أحمد خليل,2038408662,491,491-villa,4473000,1,"20%, 20%,20%, 15%,15%, 5%, 5%","تم السداد 894,600.00","تم السداد 894,600.00","تم السداد 894,600.00","تم السداد 670,950.00","تم السداد 670,950.00","تم السداد 223,650.00","223,650.00",223650,4249350,البنك التجاري الدولي CIB,8-Aug-21,1,DLM0391,1-Sep-21
ياسين حمدي عاطف مبارك,9972552010,492,492-villa,5366000,1,"20%, 20%,20%, 15%,15%, 5%, 5%","تم السداد 1,073,200.00","تم السداد 1,073,200.00","تم السداد 1,073,200.00","تم السداد 804,900.00","تم السداد 804,900.00","تم السداد 268,300.00","268,300.00",268300,5097700,بنك مصر,10-Aug-21,1,DLM0392,20-Aug-21
إسلام رجب فتحي حبيب,4677164522,493,493-villa,4633000,1,"20%, 20%,20%, 15%,15%, 5%, 5%","تم السداد 926,600.00","تم السداد 926,600.00","تم السداد 926,600.00","تم السداد 694,950.00","تم السداد 694,950.00","تم السداد 231,650.00","231,650.00",231650,4401350,بنك مصر,27-Sep-21,1,DLM0393,28-Aug-21
معتز محمد عبدالرحمن النحاس,4553206154,494,494-villa,4561000,1,"20%, 20%,20%, 15%,15%, 5%, 5%","تم السداد 912,200.00","تم السداد 912,200.00","تم السداد 912,200.00","تم السداد 684,150.00","تم السداد 684,150.00","تم السداد 228,050.00","228,050.00",228050,4332950,البنك الأهلي المصري,28-Oct-21,1,DLM0394,4-Nov-21
نادر كمال مجدي البنا,2567098011,495,495-villa,4561000,1,"20%, 20%,20%, 15%,15%, 5%, 5%","تم السداد 912,200.00","تم السداد 912,200.00","تم السداد 912,200.00","تم السداد 684,150.00","تم السداد 684,150.00","تم السداد 228,050.00","228,050.00",228050,4332950,البنك الأهلي المصري,3-Sep-21,1,DLM0395,15-Sep-21
زياد علي صبري شحاتة,2434586893,496,496-villa,4546000,1,"20%, 20%,20%, 15%,15%, 5%, 5%","تم السداد 909,200.00","تم السداد 909,200.00","تم السداد 909,200.00","تم السداد 681,900.00","تم السداد 681,900.00","تم السداد 227,300.00","227,300.00",227300,4318700,البنك الأهلي المصري,15-Sep-21,1,DLM0396,19-Aug-21
أحمد خالد سمير عبداللطيف,6591310876,497,497-villa,3498000,1,"20%, 20%,20%, 15%,15%, 5%, 5%","تم السداد 699,600.00","تم السداد 699,600.00","تم السداد 699,600.00","تم السداد 524,700.00","تم السداد 524,700.00","تم السداد 174,900.00","174,900.00",174900,3323100,البنك الأهلي المصري,27-Aug-21,1,DLM0397,24-Aug-21
عادل جابر صلاح فوزي,1202514694,498,498-villa,5066000,1,"20%, 20%,20%, 15%,15%, 5%, 5%","تم السداد 1,013,200.00","تم السداد 1,013,200.00","تم السداد 1,013,200.00","تم السداد 759,900.00","تم السداد 759,900.00","تم السداد 253,300.00","253,300.00",253300,4812700,البنك الأهلي المصري,19-Aug-21,1,DLM0398,7-Sep-21
رامز طارق مصطفى البحيري,6962251215,499,499-villa,5350000,1,"20%, 20%,20%, 15%,15%, 5%, 5%","تم السداد 1,070,000.00","تم السداد 1,070,000.00","تم السداد 1,070,000.00","تم السداد 802,500.00","تم السداد 802,500.00","تم السداد 267,500.00","267,500.00",267500,5082500,EGBANK - البنك المصري الخليجي,5-Sep-21,1,DLM0399,18-Sep-21
وائل سمير رشاد السمان,4790526635,500,500-villa,4791000,1,"20%, 20%,20%, 15%,15%, 5%, 5%","تم السداد 958,200.00","تم السداد 958,200.00","تم السداد 958,200.00","تم السداد 718,650.00","تم السداد 718,650.00","تم السداد 239,550.00","239,550.00",239550,4551450,البنك التجاري الدولي CIB,16-Sep-21,1,DLM0400,26-Sep-21
إيمان سليمان صبحي الدمرداش,7663808095,501,501-villa,3499000,1,"20%, 20%,20%, 15%,15%, 5%, 5%","تم السداد 699,800.00","تم السداد 699,800.00","تم السداد 699,800.00","تم السداد 524,850.00","تم السداد 524,850.00","تم السداد 174,950.00","174,950.00",174950,3324050,البنك الأهلي المصري,11-Aug-21,1,DLM0401,8-Sep-21
عبدالرحمن إبراهيم عبدالرحمن المصري,2107689631,502,502-villa,4662000,1,"20%, 20%,20%, 15%,15%, 5%, 5%","تم السداد 932,400.00","تم السداد 932,400.00","تم السداد 932,400.00","تم السداد 699,300.00","تم السداد 699,300.00","تم السداد 233,100.00","233,100.00",233100,4428900,البنك الأهلي المصري,19-Aug-21,1,DLM0402,10-Sep-21
أشرف فاروق صبري رزق,3923634227,503,503-villa,4613000,1,"20%, 20%,20%, 15%,15%, 5%, 5%","تم السداد 922,600.00","تم السداد 922,600.00","تم السداد 922,600.00","تم السداد 691,950.00","تم السداد 691,950.00","تم السداد 230,650.00","230,650.00",230650,4382350,البنك الأهلي المصري,30-Oct-21,1,DLM0403,2-Dec-21
علي محمود فتحي فهمي,6135103802,504,504-villa,4858000,1,"20%, 20%,20%, 15%,15%, 5%, 5%","تم السداد 971,600.00","تم السداد 971,600.00","تم السداد 971,600.00","تم السداد 728,700.00","تم السداد 728,700.00","تم السداد 242,900.00","242,900.00",242900,4615100,البنك الأهلي المصري,11-Aug-21,1,DLM0404,28-Aug-21
شادي صبحي رجب منصور,1062182924,505,505-villa,4531000,1,"20%, 20%,20%, 15%,15%, 5%, 5%","تم السداد 906,200.00","تم السداد 906,200.00","تم السداد 906,200.00","تم السداد 679,650.00","تم السداد 679,650.00","تم السداد 226,550.00","226,550.00",226550,4304450,بنك مصر,13-Aug-21,1,DLM0405,19-Aug-21
أدهم عصام فاروق القاضي,9510580556,506,506-villa,4617000,1,"20%, 20%,20%, 15%,15%, 5%, 5%","تم السداد 923,400.00","تم السداد 923,400.00","تم السداد 923,400.00","تم السداد 692,550.00","تم السداد 692,550.00","تم السداد 230,850.00","230,850.00",230850,4386150,البنك التجاري الدولي CIB,17-Aug-21,1,DLM0406,9-Sep-21
حسام جمال سليمان الشربيني,6294903470,507,507-villa,4808000,1,"20%, 20%,20%, 15%,15%, 5%, 5%","تم السداد 961,600.00","تم السداد 961,600.00","تم السداد 961,600.00","تم السداد 721,200.00","تم السداد 721,200.00","تم السداد 240,400.00","240,400.00",240400,4567600,EGBANK - البنك المصري الخليجي,12-Sep-21,1,DLM0407,15-Sep-21
حسين محمود عادل جابر,6687368560,508,508-villa,4566000,1,"20%, 20%,20%, 15%,15%, 5%, 5%","تم السداد 913,200.00","تم السداد 913,200.00","تم السداد 913,200.00","تم السداد 684,900.00","تم السداد 684,900.00","تم السداد 228,300.00","228,300.00",228300,4337700,كريدي أجريكول مصر,19-Sep-21,1,DLM0408,25-Aug-21
إسلام سيد سعيد حسن,9794748343,509,509-villa,5508000,1,"20%, 20%,20%, 15%,15%, 5%, 5%","تم السداد 1,101,600.00","تم السداد 1,101,600.00","تم السداد 1,101,600.00","تم السداد 826,200.00","تم السداد 826,200.00","تم السداد 275,400.00","275,400.00",275400,5232600,كريدي أجريكول مصر,15-Sep-21,1,DLM0409,21-Sep-21
أيمن جابر صلاح الجندي,4372102263,510,510-villa,6230000,1,"20%, 20%,20%, 15%,15%, 5%, 5%","تم السداد 1,246,000.00","تم السداد 1,246,000.00","تم السداد 1,246,000.00","تم السداد 934,500.00","تم السداد 934,500.00","تم السداد 311,500.00","311,500.00",311500,5918500,البنك التجاري الدولي CIB,17-Aug-21,1,DLM0410,18-Sep-21
عبدالله إبراهيم فاروق علي,9660071246,511,511-villa,4901000,1,"20%, 20%,20%, 15%,15%, 5%, 5%","تم السداد 980,200.00","تم السداد 980,200.00","تم السداد 980,200.00","تم السداد 735,150.00","تم السداد 735,150.00","تم السداد 245,050.00","245,050.00",245050,4655950,كريدي أجريكول مصر,1-Sep-21,1,DLM0411,2-Aug-21
مصطفى شوقي جابر صلاح,3622966222,512,512-villa,3762000,1,"20%, 20%,20%, 15%,15%, 5%, 5%","تم السداد 752,400.00","تم السداد 752,400.00","تم السداد 752,400.00","تم السداد 564,300.00","تم السداد 564,300.00","تم السداد 188,100.00","188,100.00",188100,3573900,البنك الأهلي المصري,5-Oct-21,1,DLM0412,3-Oct-21
هشام محمود مصطفى منصور,2072548358,513,513-villa,5349000,1,"20%, 20%,20%, 15%,15%, 5%, 5%","تم السداد 1,069,800.00","تم السداد 1,069,800.00","تم السداد 1,069,800.00","تم السداد 802,350.00","تم السداد 802,350.00","تم السداد 267,450.00","267,450.00",267450,5081550,البنك الأهلي المصري,2-Sep-21,1,DLM0413,7-Sep-21
عمر شوقي رمضان البدري,8828029207,514,514-villa,3389000,1,"20%, 20%,20%, 15%,15%, 5%, 5%","تم السداد 677,800.00","تم السداد 677,800.00","تم السداد 677,800.00","تم السداد 508,350.00","تم السداد 508,350.00","تم السداد 169,450.00","169,450.00",169450,3219550,البنك الأهلي المصري,18-Sep-21,1,DLM0414,27-Sep-21
حسام يوسف خالد السمان,8460983065,515,515-villa,4367000,1,"20%, 20%,20%, 15%,15%, 5%, 5%","تم السداد 873,400.00","تم السداد 873,400.00","تم السداد 873,400.00","تم السداد 655,050.00","تم السداد 655,050.00","تم السداد 218,350.00","218,350.00",218350,4148650,البنك الأهلي المصري,29-Sep-21,1,DLM0415,24-Sep-21
عمر إبراهيم فتحي خليل,4943724468,516,516-villa,6129000,1,"20%, 20%,20%, 15%,15%, 5%, 5%","تم السداد 1,225,800.00","تم السداد 1,225,800.00","تم السداد 1,225,800.00","تم السداد 919,350.00","تم السداد 919,350.00","تم السداد 306,450.00","306,450.00",306450,5822550,EGBANK - البنك المصري الخليجي,23-Sep-21,1,DLM0416,26-Sep-21
باسم محمود فاروق جابر,8213277944,517,517-villa,3773000,1,"20%, 20%,20%, 15%,15%, 5%, 5%","تم السداد 754,600.00","تم السداد 754,600.00","تم السداد 754,600.00","تم السداد 565,950.00","تم السداد 565,950.00","تم السداد 188,650.00","188,650.00",188650,3584350,البنك الأهلي المصري,19-Sep-21,1,DLM0417,17-Sep-21
عادل كمال شوقي البدري,8845834543,518,518-villa,4411000,1,"20%, 20%,20%, 15%,15%, 5%, 5%","تم السداد 882,200.00","تم السداد 882,200.00","تم السداد 882,200.00","تم السداد 661,650.00","تم السداد 661,650.00","تم السداد 220,550.00","220,550.00",220550,4190450,البنك الأهلي المصري,27-Aug-21,1,DLM0418,22-Sep-21
فادي مصطفى جمال عبدالمجيد,2513155073,519,519-villa,5673000,1,"20%, 20%,20%, 15%,15%, 5%, 5%","تم السداد 1,134,600.00","تم السداد 1,134,600.00","تم السداد 1,134,600.00","تم السداد 850,950.00","تم السداد 850,950.00","تم السداد 283,650.00","283,650.00",283650,5389350,كريدي أجريكول مصر,23-Sep-21,1,DLM0419,27-Sep-21
حسام علي سيد حبيب,9420269625,520,520-villa,4801000,1,"20%, 20%,20%, 15%,15%, 5%, 5%","تم السداد 960,200.00","تم السداد 960,200.00","تم السداد 960,200.00","تم السداد 720,150.00","تم السداد 720,150.00","تم السداد 240,050.00","240,050.00",240050,4560950,البنك التجاري الدولي CIB,2-Sep-21,1,DLM0420,13-Sep-21
جورج صلاح إبراهيم الرفاعي,2314966486,521,521-villa,3379000,1,"20%, 20%,20%, 15%,15%, 5%, 5%","تم السداد 675,800.00","تم السداد 675,800.00","تم السداد 675,800.00","تم السداد 506,850.00","تم السداد 506,850.00","تم السداد 168,950.00","168,950.00",168950,3210050,البنك التجاري الدولي CIB,5-Sep-21,1,DLM0421,28-Sep-21
حسين سليمان عاطف علي,7409871988,522,522-villa,3433000,1,"20%, 20%,20%, 15%,15%, 5%, 5%","تم السداد 686,600.00","تم السداد 686,600.00","تم السداد 686,600.00","تم السداد 514,950.00","تم السداد 514,950.00","تم السداد 171,650.00","171,650.00",171650,3261350,بنك الإسكندرية,10-Sep-21,1,DLM0422,30-Aug-21
سامي فاروق سمير حسين,7872929250,523,523-villa,5211000,1,"20%, 20%,20%, 15%,15%, 5%, 5%","تم السداد 1,042,200.00","تم السداد 1,042,200.00","تم السداد 1,042,200.00","تم السداد 781,650.00","تم السداد 781,650.00","تم السداد 260,550.00","260,550.00",260550,4950450,البنك التجاري الدولي CIB,9-Oct-21,1,DLM0423,23-Sep-21
رامز أحمد مختار النحاس,1332426996,524,524-villa,4734000,1,"20%, 20%,20%, 15%,15%, 5%, 5%","تم السداد 946,800.00","تم السداد 946,800.00","تم السداد 946,800.00","تم السداد 710,100.00","تم السداد 710,100.00","تم السداد 236,700.00","236,700.00",236700,4497300,البنك التجاري الدولي CIB,18-Sep-21,1,DLM0424,27-Sep-21
ماهر رشاد أحمد المنياوي,3014628059,525,525-villa,5086000,1,"20%, 20%,20%, 15%,15%, 5%, 5%","تم السداد 1,017,200.00","تم السداد 1,017,200.00","تم السداد 1,017,200.00","تم السداد 762,900.00","تم السداد 762,900.00","تم السداد 254,300.00","254,300.00",254300,4831700,البنك الأهلي المصري,1-Oct-21,1,DLM0425,5-Sep-21
أحمد نبيل فؤاد الشرقاوي,1591842424,526,526-villa,5582000,1,"20%, 20%,20%, 15%,15%, 5%, 5%","تم السداد 1,116,400.00","تم السداد 1,116,400.00","تم السداد 1,116,400.00","تم السداد 837,300.00","تم السداد 837,300.00","تم السداد 279,100.00","279,100.00",279100,5302900,البنك التجاري الدولي CIB,21-Sep-21,1,DLM0426,24-Aug-21
فادي محمد فؤاد مراد,4571138264,527,527-villa,3558000,1,"20%, 20%,20%, 15%,15%, 5%, 5%","تم السداد 711,600.00","تم السداد 711,600.00","تم السداد 711,600.00","تم السداد 533,700.00","تم السداد 533,700.00","تم السداد 177,900.00","177,900.00",177900,3380100,البنك التجاري الدولي CIB,19-Sep-21,1,DLM0427,29-Sep-21
حسين فتحي عبدالرحمن فهمي,2973342458,528,528-villa,5079000,1,"20%, 20%,20%, 15%,15%, 5%, 5%","تم السداد 1,015,800.00","تم السداد 1,015,800.00","تم السداد 1,015,800.00","تم السداد 761,850.00","تم السداد 761,850.00","تم السداد 253,950.00","253,950.00",253950,4825050,البنك التجاري الدولي CIB,16-Sep-21,1,DLM0428,27-Aug-21
زياد عادل لطفي بدوي,1126852452,529,529-villa,3544000,1,"20%, 20%,20%, 15%,15%, 5%, 5%","تم السداد 708,800.00","تم السداد 708,800.00","تم السداد 708,800.00","تم السداد 531,600.00","تم السداد 531,600.00","تم السداد 177,200.00","177,200.00",177200,3366800,البنك الأهلي المصري,12-Oct-21,1,DLM0429,3-Sep-21
طارق إبراهيم عبدالله القاضي,6882072260,530,530-villa,5102000,1,"20%, 20%,20%, 15%,15%, 5%, 5%","تم السداد 1,020,400.00","تم السداد 1,020,400.00","تم السداد 1,020,400.00","تم السداد 765,300.00","تم السداد 765,300.00","تم السداد 255,100.00","255,100.00",255100,4846900,البنك الأهلي المصري,21-Sep-21,1,DLM0430,6-Sep-21
محمود عاطف طارق إبراهيم,3379985930,531,531-villa,5058000,1,"20%, 20%,20%, 15%,15%, 5%, 5%","تم السداد 1,011,600.00","تم السداد 1,011,600.00","تم السداد 1,011,600.00","تم السداد 758,700.00","تم السداد 758,700.00","تم السداد 252,900.00","252,900.00",252900,4805100,البنك التجاري الدولي CIB,25-Sep-21,1,DLM0431,20-Sep-21
وليد مصطفى صبري عبدالرازق,4185862309,532,532-villa,4524000,1,"20%, 20%,20%, 15%,15%, 5%, 5%","تم السداد 904,800.00","تم السداد 904,800.00","تم السداد 904,800.00","تم السداد 678,600.00","تم السداد 678,600.00","تم السداد 226,200.00","226,200.00",226200,4297800,البنك التجاري الدولي CIB,4-Oct-21,1,DLM0432,29-Aug-21
ماهر رجب كمال الدسوقي,3142292029,533,533-villa,4850000,1,"20%, 20%,20%, 15%,15%, 5%, 5%","تم السداد 970,000.00","تم السداد 970,000.00","تم السداد 970,000.00","تم السداد 727,500.00","تم السداد 727,500.00","تم السداد 242,500.00","242,500.00",242500,4607500,البنك التجاري الدولي CIB,2-Sep-21,1,DLM0433,4-Oct-21
عبدالله شوقي يوسف رزق,2240022052,534,534-villa,4341000,1,"20%, 20%,20%, 15%,15%, 5%, 5%","تم السداد 868,200.00","تم السداد 868,200.00","تم السداد 868,200.00","تم السداد 651,150.00","تم السداد 651,150.00","تم السداد 217,050.00","217,050.00",217050,4123950,البنك الأهلي المصري,13-Sep-21,1,DLM0434,6-Sep-21
تامر محمود إسماعيل سالم,3353183183,535,535-villa,4432000,1,"20%, 20%,20%, 15%,15%, 5%, 5%","تم السداد 886,400.00","تم السداد 886,400.00","تم السداد 886,400.00","تم السداد 664,800.00","تم السداد 664,800.00","تم السداد 221,600.00","221,600.00",221600,4210400,البنك الأهلي المصري,27-Aug-21,1,DLM0435,26-Aug-21
جورج إبراهيم علي يونس,3041598856,536,536-villa,4917000,1,"20%, 20%,20%, 15%,15%, 5%, 5%","تم السداد 983,400.00","تم السداد 983,400.00","تم السداد 983,400.00","تم السداد 737,550.00","تم السداد 737,550.00","تم السداد 245,850.00","245,850.00",245850,4671150,البنك الأهلي المصري,26-Aug-21,1,DLM0436,25-Aug-21
حسن سيد كمال الشرقاوي,5791476702,537,537-villa,4333000,1,"20%, 20%,20%, 15%,15%, 5%, 5%","تم السداد 866,600.00","تم السداد 866,600.00","تم السداد 866,600.00","تم السداد 649,950.00","تم السداد 649,950.00","تم السداد 216,650.00","216,650.00",216650,4116350,البنك التجاري الدولي CIB,28-Sep-21,1,DLM0437,14-Sep-21
تامر محمد سمير أمين,6243227845,538,538-villa,4263000,1,"20%, 20%,20%, 15%,15%, 5%, 5%","تم السداد 852,600.00","تم السداد 852,600.00","تم السداد 852,600.00","تم السداد 639,450.00","تم السداد 639,450.00","تم السداد 213,150.00","213,150.00",213150,4049850,البنك التجاري الدولي CIB,23-Sep-21,1,DLM0438,2-Sep-21
ماهر خالد عصام عبدالفتاح,5718050237,539,539-villa,4916000,1,"20%, 20%,20%, 15%,15%, 5%, 5%","تم السداد 983,200.00","تم السداد 983,200.00","تم السداد 983,200.00","تم السداد 737,400.00","تم السداد 737,400.00","تم السداد 245,800.00","245,800.00",245800,4670200,البنك التجاري الدولي CIB,4-Oct-21,1,DLM0439,27-Sep-21
باسم سمير رمضان البدري,9969568152,540,540-villa,4865000,1,"20%, 20%,20%, 15%,15%, 5%, 5%","تم السداد 973,000.00","تم السداد 973,000.00","تم السداد 973,000.00","تم السداد 729,750.00","تم السداد 729,750.00","تم السداد 243,250.00","243,250.00",243250,4621750,البنك التجاري الدولي CIB,26-Sep-21,1,DLM0440,5-Sep-21
شيماء مجدي فؤاد إبراهيم,6138070549,541,541-villa,4554000,1,"20%, 20%,20%, 15%,15%, 5%, 5%","تم السداد 910,800.00","تم السداد 910,800.00","تم السداد 910,800.00","تم السداد 683,100.00","تم السداد 683,100.00","تم السداد 227,700.00","227,700.00",227700,4326300,EGBANK - البنك المصري الخليجي,23-Aug-21,1,DLM0441,26-Sep-21
مجدي إسماعيل أحمد الجمل,4846752954,542,542-villa,5081000,1,"20%, 20%,20%, 15%,15%, 5%, 5%","تم السداد 1,016,200.00","تم السداد 1,016,200.00","تم السداد 1,016,200.00","تم السداد 762,150.00","تم السداد 762,150.00","تم السداد 254,050.00","254,050.00",254050,4826950,بنك مصر,23-Aug-21,1,DLM0442,4-Oct-21
شادي خالد سمير محمود,6362536694,543,543-villa,4966000,1,"20%, 20%,20%, 15%,15%, 5%, 5%","تم السداد 993,200.00","تم السداد 993,200.00","تم السداد 993,200.00","تم السداد 744,900.00","تم السداد 744,900.00","تم السداد 248,300.00","248,300.00",248300,4717700,بنك مصر,9-Sep-21,1,DLM0443,15-Sep-21
باسم حمدي صبري المنشاوي,6727820093,544,544-villa,4560000,1,"20%, 20%,20%, 15%,15%, 5%, 5%","تم السداد 912,000.00","تم السداد 912,000.00","تم السداد 912,000.00","تم السداد 684,000.00","تم السداد 684,000.00","تم السداد 228,000.00","228,000.00",228000,4332000,بنك مصر,10-Oct-21,1,DLM0444,18-Sep-21
جورج نبيل عصام السيد,7862165864,545,545-villa,4602000,1,"20%, 20%,20%, 15%,15%, 5%, 5%","تم السداد 920,400.00","تم السداد 920,400.00","تم السداد 920,400.00","تم السداد 690,300.00","تم السداد 690,300.00","تم السداد 230,100.00","230,100.00",230100,4371900,بنك مصر,12-Oct-21,1,DLM0445,22-Sep-21
ياسين سليمان صبحي السمان,4792677645,546,546-villa,4959000,1,"20%, 20%,20%, 15%,15%, 5%, 5%","تم السداد 991,800.00","تم السداد 991,800.00","تم السداد 991,800.00","تم السداد 743,850.00","تم السداد 743,850.00","تم السداد 247,950.00","247,950.00",247950,4711050,بنك مصر,19-Sep-21,1,DLM0446,20-Sep-21
حسام إبراهيم سليمان البنا,2209705213,547,547-villa,4847000,1,"20%, 20%,20%, 15%,15%, 5%, 5%","تم السداد 969,400.00","تم السداد 969,400.00","تم السداد 969,400.00","تم السداد 727,050.00","تم السداد 727,050.00","تم السداد 242,350.00","242,350.00",242350,4604650,بنك مصر,3-Sep-21,1,DLM0447,26-Sep-21
مروان مصطفى حسين المرسي,7852145573,548,548-villa,4959000,1,"20%, 20%,20%, 15%,15%, 5%, 5%","تم السداد 991,800.00","تم السداد 991,800.00","تم السداد 991,800.00","تم السداد 743,850.00","تم السداد 743,850.00","تم السداد 247,950.00","247,950.00",247950,4711050,بنك مصر,23-Aug-21,1,DLM0448,4-Sep-21
حسام لطفي عبدالرحمن فوزي,3156007526,549,549-villa,4745000,1,"20%, 20%,20%, 15%,15%, 5%, 5%","تم السداد 949,000.00","تم السداد 949,000.00","تم السداد 949,000.00","تم السداد 711,750.00","تم السداد 711,750.00","تم السداد 237,250.00","237,250.00",237250,4507750,بنك مصر,23-Sep-21,1,DLM0449,1-Oct-21
طارق جابر نبيل عبدالسلام,9253180804,550,550-villa,4869000,1,"20%, 20%,20%, 15%,15%, 5%, 5%","تم السداد 973,800.00","تم السداد 973,800.00","تم السداد 973,800.00","تم السداد 730,350.00","تم السداد 730,350.00","243,450.00","243,450.00",486900,4382100,بنك مصر,12-Sep-21,1,DLM0450,15-Sep-21
طارق رشاد يوسف الرفاعي,5632887024,551,551-villa,3576000,1,"20%, 20%,20%, 15%,15%, 5%, 5%","تم السداد 715,200.00","تم السداد 715,200.00","تم السداد 715,200.00","تم السداد 536,400.00","تم السداد 536,400.00","تم السداد 178,800.00","178,800.00",178800,3397200,بنك مصر,28-Aug-21,1,DLM0451,4-Oct-21
عبدالرحمن خالد صبحي داود,3533272975,552,552-villa,4691000,1,"20%, 20%,20%, 15%,15%, 5%, 5%","تم السداد 938,200.00","تم السداد 938,200.00","تم السداد 938,200.00","تم السداد 703,650.00","تم السداد 703,650.00","تم السداد 234,550.00","234,550.00",234550,4456450,بنك مصر,26-Aug-21,1,DLM0452,1-Sep-21
ماهر عاطف فتحي عبدالحميد,6856236629,553,553-villa,4331000,1,"20%, 20%,20%, 15%,15%, 5%, 5%","تم السداد 866,200.00","تم السداد 866,200.00","تم السداد 866,200.00","تم السداد 649,650.00","تم السداد 649,650.00","تم السداد 216,550.00","216,550.00",216550,4114450,بنك مصر,27-Sep-21,1,DLM0453,1-Sep-21
حسام جمال سعيد رزق,2402383045,554,554-villa,5388000,1,"20%, 20%,20%, 15%,15%, 5%, 5%","تم السداد 1,077,600.00","تم السداد 1,077,600.00","تم السداد 1,077,600.00","تم السداد 808,200.00","تم السداد 808,200.00","تم السداد 269,400.00","269,400.00",269400,5118600,بنك القاهرة,28-Sep-21,1,DLM0454,11-Sep-21
إبراهيم صلاح مختار الحداد,6111327006,555,555-villa,4491000,1,"20%, 20%,20%, 15%,15%, 5%, 5%","تم السداد 898,200.00","تم السداد 898,200.00","تم السداد 898,200.00","تم السداد 673,650.00","تم السداد 673,650.00","تم السداد 224,550.00","224,550.00",224550,4266450,البنك التجاري الدولي CIB,25-Sep-21,1,DLM0455,9-Oct-21
مجدي كمال محمد خليل,2533019743,556,556-villa,4729000,1,"20%, 20%,20%, 15%,15%, 5%, 5%","تم السداد 945,800.00","تم السداد 945,800.00","تم السداد 945,800.00","تم السداد 709,350.00","تم السداد 709,350.00","تم السداد 236,450.00","236,450.00",236450,4492550,البنك التجاري الدولي CIB,29-Aug-21,1,DLM0456,16-Sep-21
هشام يوسف جابر العشري,4579111324,557,557-villa,4686000,1,"20%, 20%,20%, 15%,15%, 5%, 5%","تم السداد 937,200.00","تم السداد 937,200.00","تم السداد 937,200.00","تم السداد 702,900.00","تم السداد 702,900.00","تم السداد 234,300.00","234,300.00",234300,4451700,بنك مصر,24-Aug-21,1,DLM0457,8-Oct-21
محمود شوقي حسن الطنطاوي,9820714473,558,558-villa,4759000,1,"20%, 20%,20%, 15%,15%, 5%, 5%","تم السداد 951,800.00","تم السداد 951,800.00","تم السداد 951,800.00","تم السداد 713,850.00","تم السداد 713,850.00","تم السداد 237,950.00","237,950.00",237950,4521050,البنك التجاري الدولي CIB,18-Sep-21,1,DLM0458,8-Sep-21
تامر عادل شوقي مبارك,1701847133,559,559-villa,4677000,1,"20%, 20%,20%, 15%,15%, 5%, 5%","تم السداد 935,400.00","تم السداد 935,400.00","تم السداد 935,400.00","تم السداد 701,550.00","تم السداد 701,550.00","تم السداد 233,850.00","233,850.00",233850,4443150,كريدي أجريكول مصر,4-Oct-21,1,DLM0459,18-Sep-21
علي محمود شوقي حبيب,1907936552,560,560-villa,5412000,1,"20%, 20%,20%, 15%,15%, 5%, 5%","تم السداد 1,082,400.00","تم السداد 1,082,400.00","تم السداد 1,082,400.00","تم السداد 811,800.00","تم السداد 811,800.00","تم السداد 270,600.00","270,600.00",270600,5141400,بنك مصر,16-Sep-21,1,DLM0460,24-Sep-21
تامر رجب صبحي السيد,8342275591,561,561-villa,3416000,1,"20%, 20%,20%, 15%,15%, 5%, 5%","تم السداد 683,200.00","تم السداد 683,200.00","تم السداد 683,200.00","تم السداد 512,400.00","تم السداد 512,400.00","تم السداد 170,800.00","170,800.00",170800,3245200,بنك مصر,19-Sep-21,1,DLM0461,10-Sep-21
عمرو سيد طارق الوكيل,5073366727,562,562-villa,6159000,1,"20%, 20%,20%, 15%,15%, 5%, 5%","تم السداد 1,231,800.00","تم السداد 1,231,800.00","تم السداد 1,231,800.00","تم السداد 923,850.00","تم السداد 923,850.00","تم السداد 307,950.00","307,950.00",307950,5851050,بنك مصر,5-Sep-21,1,DLM0462,8-Sep-21
مصطفى حسن إبراهيم المنياوي,8355445276,563,563-villa,4802000,1,"20%, 20%,20%, 15%,15%, 5%, 5%","تم السداد 960,400.00","تم السداد 960,400.00","تم السداد 960,400.00","تم السداد 720,300.00","تم السداد 720,300.00","تم السداد 240,100.00","240,100.00",240100,4561900,البنك الأهلي المصري,12-Sep-21,1,DLM0463,28-Sep-21
مينا فتحي سعيد الدسوقي,2247960035,564,564-villa,4652000,1,"20%, 20%,20%, 15%,15%, 5%, 5%","تم السداد 930,400.00","تم السداد 930,400.00","تم السداد 930,400.00","تم السداد 697,800.00","تم السداد 697,800.00","تم السداد 232,600.00","232,600.00",232600,4419400,بنك القاهرة,2-Oct-21,1,DLM0464,30-Sep-21
مينا مختار إسماعيل شاكر,4125899681,565,565-villa,3308000,1,"20%, 20%,20%, 15%,15%, 5%, 5%","تم السداد 661,600.00","تم السداد 661,600.00","تم السداد 661,600.00","تم السداد 496,200.00","تم السداد 496,200.00","تم السداد 165,400.00","165,400.00",165400,3142600,بنك القاهرة,19-Oct-21,1,DLM0465,29-Sep-21
محمود صبحي إسماعيل منصور,8915529342,566,566-villa,3635000,1,"20%, 20%,20%, 15%,15%, 5%, 5%","تم السداد 727,000.00","تم السداد 727,000.00","تم السداد 727,000.00","تم السداد 545,250.00","تم السداد 545,250.00","تم السداد 181,750.00","181,750.00",181750,3453250,البنك التجاري الدولي CIB,7-Sep-21,1,DLM0466,5-Oct-21
وليد حسين عبدالله صبري,6131899633,567,567-villa,4514000,1,"20%, 20%,20%, 15%,15%, 5%, 5%","تم السداد 902,800.00","تم السداد 902,800.00","تم السداد 902,800.00","تم السداد 677,100.00","تم السداد 677,100.00","تم السداد 225,700.00","تم السداد 225,700.00",0,4514000,البنك العربي الأفريقي الدولي,27-Oct-21,1,DLM0467,4-Nov-21
هشام محمود رجب صبري,2192987055,568,568-villa,5535000,1,"20%, 20%,20%, 15%,15%, 5%, 5%","تم السداد 1,107,000.00","تم السداد 1,107,000.00","تم السداد 1,107,000.00","تم السداد 830,250.00","تم السداد 830,250.00","تم السداد 276,750.00","276,750.00",276750,5258250,البنك الأهلي المصري,17-Oct-21,1,DLM0468,12-Oct-21
بيشوي سليمان عصام مصطفى,9474289579,569,569-villa,5576000,1,"20%, 20%,20%, 15%,15%, 5%, 5%","تم السداد 1,115,200.00","تم السداد 1,115,200.00","تم السداد 1,115,200.00","تم السداد 836,400.00","تم السداد 836,400.00","تم السداد 278,800.00","278,800.00",278800,5297200,البنك التجاري الدولي CIB,14-Oct-21,1,DLM0469,10-Oct-21
سامي فاروق صلاح الزيات,7637815563,570,570-villa,5057000,1,"20%, 20%,20%, 15%,15%, 5%, 5%","تم السداد 1,011,400.00","تم السداد 1,011,400.00","تم السداد 1,011,400.00","تم السداد 758,550.00","تم السداد 758,550.00","تم السداد 252,850.00","252,850.00",252850,4804150,بنك مصر,24-Oct-21,1,DLM0470,19-Sep-21
ماجد حسين شوقي عوض,3079767928,571,571-villa,4612000,1,"20%, 20%,20%, 15%,15%, 5%, 5%","تم السداد 922,400.00","تم السداد 922,400.00","تم السداد 922,400.00","تم السداد 691,800.00","تم السداد 691,800.00","تم السداد 230,600.00","230,600.00",230600,4381400,بنك مصر,2-Oct-21,1,DLM0471,13-Sep-21
ماهر فؤاد رمضان الحداد,9282168168,572,572-villa,4426000,1,"20%, 20%,20%, 15%,15%, 5%, 5%","تم السداد 885,200.00","تم السداد 885,200.00","تم السداد 885,200.00","تم السداد 663,900.00","تم السداد 663,900.00","تم السداد 221,300.00","221,300.00",221300,4204700,بنك القاهرة,6-Oct-21,1,DLM0472,9-Sep-21
أحمد مصطفى علي فوزي,5926384512,573,573-villa,4678000,1,"20%, 20%,20%, 15%,15%, 5%, 5%","تم السداد 935,600.00","تم السداد 935,600.00","تم السداد 935,600.00","تم السداد 701,700.00","تم السداد 701,700.00","تم السداد 233,900.00","233,900.00",233900,4444100,بنك القاهرة,7-Oct-21,1,DLM0473,16-Sep-21
جورج سعيد فؤاد حجازي,8585942465,574,574-villa,4734000,1,"20%, 20%,20%, 15%,15%, 5%, 5%","تم السداد 946,800.00","تم السداد 946,800.00","تم السداد 946,800.00","تم السداد 710,100.00","تم السداد 710,100.00","تم السداد 236,700.00","تم السداد 236,700.00",0,4734000,البنك العربي الأفريقي الدولي,10-Oct-21,1,DLM0474,30-Sep-21
باسم مصطفى محمد عبدالفتاح,2942132755,575,575-villa,5225000,1,"20%, 20%,20%, 15%,15%, 5%, 5%","تم السداد 1,045,000.00","تم السداد 1,045,000.00","تم السداد 1,045,000.00","تم السداد 783,750.00","تم السداد 783,750.00","تم السداد 261,250.00","261,250.00",261250,4963750,بنك مصر,12-Sep-21,1,DLM0475,21-Sep-21
أدهم كمال نبيل أمين,1535616890,576,576-villa,4619000,1,"20%, 20%,20%, 15%,15%, 5%, 5%","تم السداد 923,800.00","تم السداد 923,800.00","تم السداد 923,800.00","تم السداد 692,850.00","تم السداد 692,850.00","تم السداد 230,950.00","230,950.00",230950,4388050,البنك التجاري الدولي CIB,18-Oct-21,1,DLM0476,12-Oct-21
محمود عصام فتحي البدري,2486431707,577,577-villa,4703000,1,"20%, 20%,20%, 15%,15%, 5%, 5%","تم السداد 940,600.00","تم السداد 940,600.00","تم السداد 940,600.00","تم السداد 705,450.00","تم السداد 705,450.00","تم السداد 235,150.00","235,150.00",235150,4467850,بنك مصر,9-Oct-21,1,DLM0477,13-Sep-21
هاني سعيد خالد شاكر,8526867306,578,578-villa,4378000,1,"20%, 20%,20%, 15%,15%, 5%, 5%","تم السداد 875,600.00","تم السداد 875,600.00","تم السداد 875,600.00","تم السداد 656,700.00","تم السداد 656,700.00","تم السداد 218,900.00","218,900.00",218900,4159100,كريدي أجريكول مصر,2-Sep-21,1,DLM0478,10-Sep-21
إسلام سعيد رشاد إبراهيم,3010392968,579,579-villa,5096000,1,"20%, 20%,20%, 15%,15%, 5%, 5%","تم السداد 1,019,200.00","تم السداد 1,019,200.00","تم السداد 1,019,200.00","تم السداد 764,400.00","تم السداد 764,400.00","تم السداد 254,800.00","254,800.00",254800,4841200,بنك القاهرة,11-Sep-21,1,DLM0479,29-Sep-21
حسين سيد عبدالله محمود,7078154423,580,580-villa,4456000,1,"20%, 20%,20%, 15%,15%, 5%, 5%","تم السداد 891,200.00","تم السداد 891,200.00","تم السداد 891,200.00","تم السداد 668,400.00","تم السداد 668,400.00","تم السداد 222,800.00","222,800.00",222800,4233200,بنك القاهرة,30-Aug-21,1,DLM0480,20-Sep-21
معتز فاروق حسن الحداد,9511579595,581,581-villa,4439000,1,"20%, 20%,20%, 15%,15%, 5%, 5%","تم السداد 887,800.00","تم السداد 887,800.00","تم السداد 887,800.00","تم السداد 665,850.00","تم السداد 665,850.00","تم السداد 221,950.00","221,950.00",221950,4217050,البنك الأهلي المصري,2-Sep-21,1,DLM0481,6-Oct-21
رامي جابر رشاد السيد,3924726288,582,582-villa,5028000,1,"20%, 20%,20%, 15%,15%, 5%, 5%","تم السداد 1,005,600.00","تم السداد 1,005,600.00","تم السداد 1,005,600.00","تم السداد 754,200.00","تم السداد 754,200.00","تم السداد 251,400.00","251,400.00",251400,4776600,البنك الأهلي المصري,26-Oct-21,1,DLM0482,19-Sep-21
باسم خالد يوسف صلاح,2151065202,583,583-villa,5493000,1,"20%, 20%,20%, 15%,15%, 5%, 5%","تم السداد 1,098,600.00","تم السداد 1,098,600.00","تم السداد 1,098,600.00","تم السداد 823,950.00","تم السداد 823,950.00","تم السداد 274,650.00","274,650.00",274650,5218350,البنك الأهلي المصري,21-Oct-21,1,DLM0483,13-Sep-21
كريم شوقي حسن صلاح,7297458910,584,584-villa,4261000,1,"20%, 20%,20%, 15%,15%, 5%, 5%","تم السداد 852,200.00","تم السداد 852,200.00","تم السداد 852,200.00","تم السداد 639,150.00","تم السداد 639,150.00","تم السداد 213,050.00","213,050.00",213050,4047950,البنك الأهلي المصري,4-Oct-21,1,DLM0484,27-Sep-21
أشرف إسماعيل لطفي عبداللطيف,1123901614,585,585-villa,6271000,1,"20%, 20%,20%, 15%,15%, 5%, 5%","تم السداد 1,254,200.00","تم السداد 1,254,200.00","تم السداد 1,254,200.00","تم السداد 940,650.00","تم السداد 940,650.00","تم السداد 313,550.00","313,550.00",313550,5957450,البنك التجاري الدولي CIB,14-Sep-21,1,DLM0485,30-Sep-21
زياد فتحي لطفي عبدالعال,1837279754,586,586-villa,5837000,1,"20%, 20%,20%, 15%,15%, 5%, 5%","تم السداد 1,167,400.00","تم السداد 1,167,400.00","تم السداد 1,167,400.00","تم السداد 875,550.00","تم السداد 875,550.00","تم السداد 291,850.00","291,850.00",291850,5545150,بنك مصر,21-Sep-21,1,DLM0486,21-Sep-21
رامز شوقي سعيد محمود,1955418268,587,587-villa,4931000,1,"20%, 20%,20%, 15%,15%, 5%, 5%","تم السداد 986,200.00","تم السداد 986,200.00","تم السداد 986,200.00","تم السداد 739,650.00","تم السداد 739,650.00","تم السداد 246,550.00","246,550.00",246550,4684450,بنك القاهرة,8-Sep-21,1,DLM0487,11-Oct-21
فادي عادل صبحي صلاح,2167893076,588,588-villa,4709000,1,"20%, 20%,20%, 15%,15%, 5%, 5%","تم السداد 941,800.00","تم السداد 941,800.00","تم السداد 941,800.00","تم السداد 706,350.00","تم السداد 706,350.00","تم السداد 235,450.00","235,450.00",235450,4473550,بنك مصر,13-Oct-21,1,DLM0488,2-Oct-21
حسين فاروق إسماعيل السوهاجي,4734317425,589,589-villa,4985000,1,"20%, 20%,20%, 15%,15%, 5%, 5%","تم السداد 997,000.00","تم السداد 997,000.00","تم السداد 997,000.00","تم السداد 747,750.00","تم السداد 747,750.00","تم السداد 249,250.00","249,250.00",249250,4735750,بنك مصر,17-Sep-21,1,DLM0489,17-Oct-21
مارينا مجدي خالد المنياوي,7103656801,590,590-villa,5127000,1,"20%, 20%,20%, 15%,15%, 5%, 5%","تم السداد 1,025,400.00","تم السداد 1,025,400.00","تم السداد 1,025,400.00","تم السداد 769,050.00","تم السداد 769,050.00","تم السداد 256,350.00","256,350.00",256350,4870650,بنك مصر,26-Oct-21,1,DLM0490,17-Sep-21
مجدي محمد لطفي إبراهيم,5938623557,591,591-villa,4423000,1,"20%, 20%,20%, 15%,15%, 5%, 5%","تم السداد 884,600.00","تم السداد 884,600.00","تم السداد 884,600.00","تم السداد 663,450.00","تم السداد 663,450.00","تم السداد 221,150.00","221,150.00",221150,4201850,بنك مصر,25-Oct-21,1,DLM0491,2-Oct-21
ياسين نبيل عبدالله الحداد,2313958529,592,592-villa,4859000,1,"20%, 20%,20%, 15%,15%, 5%, 5%","تم السداد 971,800.00","تم السداد 971,800.00","تم السداد 971,800.00","تم السداد 728,850.00","تم السداد 728,850.00","تم السداد 242,950.00","242,950.00",242950,4616050,بنك مصر,3-Oct-21,1,DLM0492,22-Sep-21
عادل سليمان سيد الجمل,9169880937,593,593-villa,5837000,1,"20%, 20%,20%, 15%,15%, 5%, 5%","تم السداد 1,167,400.00","تم السداد 1,167,400.00","تم السداد 1,167,400.00","تم السداد 875,550.00","تم السداد 875,550.00","تم السداد 291,850.00","291,850.00",291850,5545150,بنك مصر,12-Oct-21,1,DLM0493,22-Oct-21
محمد خالد سمير السيد,4608821685,594,594-villa,5886000,1,"20%, 20%,20%, 15%,15%, 5%, 5%","تم السداد 1,177,200.00","تم السداد 1,177,200.00","تم السداد 1,177,200.00","تم السداد 882,900.00","تم السداد 882,900.00","تم السداد 294,300.00","294,300.00",294300,5591700,البنك التجاري الدولي CIB,25-Oct-21,1,DLM0494,22-Oct-21
مها محمد سيد صادق,7698689757,595,595-villa,4742000,1,"20%, 20%,20%, 15%,15%, 5%, 5%","تم السداد 948,400.00","تم السداد 948,400.00","تم السداد 948,400.00","تم السداد 711,300.00","تم السداد 711,300.00","تم السداد 237,100.00","237,100.00",237100,4504900,كريدي أجريكول مصر,15-Oct-21,1,DLM0495,23-Sep-21
عبدالله يوسف صلاح جابر,1562941901,596,596-villa,5934000,1,"20%, 20%,20%, 15%,15%, 5%, 5%","تم السداد 1,186,800.00","تم السداد 1,186,800.00","تم السداد 1,186,800.00","تم السداد 890,100.00","تم السداد 890,100.00","تم السداد 296,700.00","296,700.00",296700,5637300,كريدي أجريكول مصر,13-Oct-21,1,DLM0496,8-Oct-21
رامز سمير جمال المنشاوي,1149878507,597,597-villa,4750000,1,"20%, 20%,20%, 15%,15%, 5%, 5%","تم السداد 950,000.00","تم السداد 950,000.00","تم السداد 950,000.00","تم السداد 712,500.00","تم السداد 712,500.00","تم السداد 237,500.00","237,500.00",237500,4512500,البنك الأهلي المصري,19-Oct-21,1,DLM0497,13-Oct-21
هشام عبدالله عصام المرسي,2666208388,598,598-villa,4882000,1,"20%, 20%,20%, 15%,15%, 5%, 5%","تم السداد 976,400.00","تم السداد 976,400.00","تم السداد 976,400.00","تم السداد 732,300.00","تم السداد 732,300.00","تم السداد 244,100.00","244,100.00",244100,4637900,البنك الأهلي المصري,12-Nov-21,1,DLM0498,3-Nov-21
رامز عبدالله عبدالرحمن الشافعي,4698012928,599,599-villa,4806000,1,"20%, 20%,20%, 15%,15%, 5%, 5%","تم السداد 961,200.00","تم السداد 961,200.00","تم السداد 961,200.00","تم السداد 720,900.00","تم السداد 720,900.00","تم السداد 240,300.00","240,300.00",240300,4565700,بنك الإسكندرية,12-Oct-21,1,DLM0499,26-Oct-21
وائل فتحي رمضان مراد,6950954822,600,600-villa,5908000,1,"20%, 20%,20%, 15%,15%, 5%, 5%","تم السداد 1,181,600.00","تم السداد 1,181,600.00","تم السداد 1,181,600.00","تم السداد 886,200.00","تم السداد 886,200.00","تم السداد 295,400.00","295,400.00",295400,5612600,بنك القاهرة,10-Oct-21,1,DLM0500,21-Sep-21
بيشوي شوقي طارق إبراهيم,4196178467,601,601-villa,4870000,1,"20%, 20%,20%, 15%,15%, 5%, 5%","تم السداد 974,000.00","تم السداد 974,000.00","تم السداد 974,000.00","تم السداد 730,500.00","تم السداد 730,500.00","تم السداد 243,500.00","243,500.00",243500,4626500,بنك القاهرة,4-Nov-21,1,DLM0501,17-Oct-21
هاني سليمان كمال العشري,5699790302,602,602-villa,5224000,1,"20%, 20%,20%, 15%,15%, 5%, 5%","تم السداد 1,044,800.00","تم السداد 1,044,800.00","تم السداد 1,044,800.00","تم السداد 783,600.00","تم السداد 783,600.00","تم السداد 261,200.00","261,200.00",261200,4962800,بنك مصر,29-Sep-21,1,DLM0502,8-Oct-21
خالد عادل خالد النحاس,3733782275,603,603-villa,5379000,1,"20%, 20%,20%, 15%,15%, 5%, 5%","تم السداد 1,075,800.00","تم السداد 1,075,800.00","تم السداد 1,075,800.00","تم السداد 806,850.00","تم السداد 806,850.00","تم السداد 268,950.00","268,950.00",268950,5110050,بنك مصر,21-Oct-21,1,DLM0503,19-Oct-21
مروان إبراهيم فتحي الطنطاوي,7269052126,604,604-villa,4628000,1,"20%, 20%,20%, 15%,15%, 5%, 5%","تم السداد 925,600.00","تم السداد 925,600.00","تم السداد 925,600.00","تم السداد 694,200.00","تم السداد 694,200.00","تم السداد 231,400.00","231,400.00",231400,4396600,بنك مصر,7-Sep-21,1,DLM0504,21-Sep-21
سامح يوسف صبري خليل,6459654070,605,605-villa,4456000,1,"20%, 20%,20%, 15%,15%, 5%, 5%","تم السداد 891,200.00","تم السداد 891,200.00","تم السداد 891,200.00","تم السداد 668,400.00","تم السداد 668,400.00","تم السداد 222,800.00","222,800.00",222800,4233200,بنك مصر,23-Oct-21,1,DLM0505,19-Oct-21
إسلام رشاد رجب حبيب,8834781274,606,606-villa,4715000,1,"20%, 20%,20%, 15%,15%, 5%, 5%","تم السداد 943,000.00","تم السداد 943,000.00","تم السداد 943,000.00","تم السداد 707,250.00","تم السداد 707,250.00","تم السداد 235,750.00","235,750.00",235750,4479250,بنك مصر,1-Oct-21,1,DLM0506,20-Oct-21
شريف سليمان طارق بدوي,7270056037,607,607-villa,5097000,1,"20%, 20%,20%, 15%,15%, 5%, 5%","تم السداد 1,019,400.00","تم السداد 1,019,400.00","تم السداد 1,019,400.00","تم السداد 764,550.00","تم السداد 764,550.00","تم السداد 254,850.00","254,850.00",254850,4842150,بنك مصر,21-Oct-21,1,DLM0507,14-Oct-21
طارق جابر صبري النحاس,2207141884,608,608-villa,4812000,1,"20%, 20%,20%, 15%,15%, 5%, 5%","تم السداد 962,400.00","تم السداد 962,400.00","تم السداد 962,400.00","تم السداد 721,800.00","تم السداد 721,800.00","تم السداد 240,600.00","240,600.00",240600,4571400,بنك مصر,24-Oct-21,1,DLM0508,27-Nov-21
علاء مصطفى سيد مصطفى,3873940821,609,609-villa,5964000,1,"20%, 20%,20%, 15%,15%, 5%, 5%","تم السداد 1,192,800.00","تم السداد 1,192,800.00","تم السداد 1,192,800.00","تم السداد 894,600.00","تم السداد 894,600.00","تم السداد 298,200.00","298,200.00",298200,5665800,كريدي أجريكول مصر,4-Dec-21,1,DLM0509,8-Nov-21
أشرف سمير نبيل أمين,4064150957,610,610-villa,4850000,1,"20%, 20%,20%, 15%,15%, 5%, 5%","تم السداد 970,000.00","تم السداد 970,000.00","تم السداد 970,000.00","تم السداد 727,500.00","تم السداد 727,500.00","تم السداد 242,500.00","242,500.00",242500,4607500,بنك القاهرة,5-Sep-21,1,DLM0510,6-Oct-21
ياسين إبراهيم عصام الدمرداش,5069213879,611,611-villa,4943000,1,"20%, 20%,20%, 15%,15%, 5%, 5%","تم السداد 988,600.00","تم السداد 988,600.00","تم السداد 988,600.00","تم السداد 741,450.00","تم السداد 741,450.00","تم السداد 247,150.00","247,150.00",247150,4695850,بنك مصر,8-Nov-21,1,DLM0511,4-Nov-21
علاء حمدي مجدي الوكيل,2246729336,612,612-villa,5259000,1,"20%, 20%,20%, 15%,15%, 5%, 5%","تم السداد 1,051,800.00","تم السداد 1,051,800.00","تم السداد 1,051,800.00","تم السداد 788,850.00","تم السداد 788,850.00","تم السداد 262,950.00","262,950.00",262950,4996050,بنك مصر,27-Nov-21,1,DLM0512,29-Oct-21
أدهم يوسف عادل السيد,2414628307,613,613-villa,4921000,1,"20%, 20%,20%, 15%,15%, 5%, 5%","تم السداد 984,200.00","تم السداد 984,200.00","تم السداد 984,200.00","تم السداد 738,150.00","تم السداد 738,150.00","تم السداد 246,050.00","246,050.00",246050,4674950,بنك مصر,1-Dec-21,1,DLM0513,28-Dec-21
علي خالد علي يونس,9954508162,614,614-villa,5610000,1,"20%, 20%,20%, 15%,15%, 5%, 5%","تم السداد 1,122,000.00","تم السداد 1,122,000.00","تم السداد 1,122,000.00","تم السداد 841,500.00","تم السداد 841,500.00","280,500.00","280,500.00",561000,5049000,البنك الأهلي المصري,18-Sep-21,1,DLM0514,24-Sep-21
شادي حسين رشاد لطفي,5538135705,615,615-villa,4233000,1,"20%, 20%,20%, 15%,15%, 5%, 5%","تم السداد 846,600.00","تم السداد 846,600.00","تم السداد 846,600.00","تم السداد 634,950.00","تم السداد 634,950.00","تم السداد 211,650.00","211,650.00",211650,4021350,بنك مصر,3-Oct-21,1,DLM0515,22-Sep-21
عمر محمود فؤاد الدسوقي,1958549454,616,616-villa,4346000,1,"20%, 20%,20%, 15%,15%, 5%, 5%","تم السداد 869,200.00","تم السداد 869,200.00","تم السداد 869,200.00","تم السداد 651,900.00","تم السداد 651,900.00","تم السداد 217,300.00","217,300.00",217300,4128700,بنك مصر,27-Oct-21,1,DLM0516,25-Sep-21
إبراهيم حمدي عادل السعدني,4790921190,617,617-villa,4550000,1,"20%, 20%,20%, 15%,15%, 5%, 5%","تم السداد 910,000.00","تم السداد 910,000.00","تم السداد 910,000.00","تم السداد 682,500.00","تم السداد 682,500.00","تم السداد 227,500.00","227,500.00",227500,4322500,بنك مصر,9-Nov-21,1,DLM0517,18-Oct-21
أدهم سليمان طارق عوض,3749460376,618,618-villa,4676000,1,"20%, 20%,20%, 15%,15%, 5%, 5%","تم السداد 935,200.00","تم السداد 935,200.00","تم السداد 935,200.00","تم السداد 701,400.00","تم السداد 701,400.00","تم السداد 233,800.00","233,800.00",233800,4442200,البنك الأهلي المصري,17-Mar-22,1,DLM0518,14-Mar-22
وائل مختار علي الشافعي,7556167447,619,619-villa,5021000,1,"20%, 20%,20%, 15%,15%, 5%, 5%","تم السداد 1,004,200.00","تم السداد 1,004,200.00","تم السداد 1,004,200.00","تم السداد 753,150.00","تم السداد 753,150.00","251,050.00","251,050.00",502100,4518900,البنك الأهلي المصري,30-Sep-21,1,DLM0519,22-Oct-21
باسم طارق عبدالرحمن عبدالحميد,6661059134,620,620-villa,4688000,1,"20%, 20%,20%, 15%,15%, 5%, 5%","تم السداد 937,600.00","تم السداد 937,600.00","تم السداد 937,600.00","تم السداد 703,200.00","تم السداد 703,200.00","تم السداد 234,400.00","234,400.00",234400,4453600,البنك الأهلي المصري,14-Oct-21,1,DLM0520,2-Nov-21
مينا فتحي سعيد سليمان,8403850500,621,621-villa,4479000,1,"20%, 20%,20%, 15%,15%, 5%, 5%","تم السداد 895,800.00","تم السداد 895,800.00","تم السداد 895,800.00","تم السداد 671,850.00","تم السداد 671,850.00","تم السداد 223,950.00","223,950.00",223950,4255050,بنك مصر,31-Oct-21,1,DLM0521,25-Sep-21
تامر إسماعيل فاروق مبارك,8480317555,622,622-villa,4985000,1,"20%, 20%,20%, 15%,15%, 5%, 5%","تم السداد 997,000.00","تم السداد 997,000.00","تم السداد 997,000.00","تم السداد 747,750.00","تم السداد 747,750.00","تم السداد 249,250.00","249,250.00",249250,4735750,بنك مصر,26-Sep-21,1,DLM0522,2-Oct-21
بيشوي صبحي عبدالله الجندي,1963396922,623,623-villa,5086000,1,"20%, 20%,20%, 15%,15%, 5%, 5%","تم السداد 1,017,200.00","تم السداد 1,017,200.00","تم السداد 1,017,200.00","تم السداد 762,900.00","تم السداد 762,900.00","تم السداد 254,300.00","254,300.00",254300,4831700,بنك مصر,23-Oct-21,1,DLM0523,3-Oct-21
مصطفى مجدي سيد حسين,7222798672,624,624-villa,5153000,1,"20%, 20%,20%, 15%,15%, 5%, 5%","تم السداد 1,030,600.00","تم السداد 1,030,600.00","تم السداد 1,030,600.00","تم السداد 772,950.00","تم السداد 772,950.00","تم السداد 257,650.00","257,650.00",257650,4895350,بنك القاهرة,16-Oct-21,1,DLM0524,25-Sep-21
هشام محمود علي عبدالسلام,6358811787,625,625-villa,4474000,1,"20%, 20%,20%, 15%,15%, 5%, 5%","تم السداد 894,800.00","تم السداد 894,800.00","تم السداد 894,800.00","تم السداد 671,100.00","تم السداد 671,100.00","تم السداد 223,700.00","223,700.00",223700,4250300,بنك مصر,13-Nov-21,1,DLM0525,19-Oct-21
شريف صلاح إسماعيل فوزي,7628885439,626,626-villa,4793000,1,"20%, 20%,20%, 15%,15%, 5%, 5%","تم السداد 958,600.00","تم السداد 958,600.00","تم السداد 958,600.00","تم السداد 718,950.00","تم السداد 718,950.00","تم السداد 239,650.00","239,650.00",239650,4553350,بنك مصر,2-Nov-21,1,DLM0526,4-Nov-21
عبدالله علي محمود فوزي,5938304861,627,627-villa,4484000,1,"20%, 20%,20%, 15%,15%, 5%, 5%","تم السداد 896,800.00","تم السداد 896,800.00","تم السداد 896,800.00","تم السداد 672,600.00","تم السداد 672,600.00","تم السداد 224,200.00","224,200.00",224200,4259800,بنك مصر,14-Oct-21,1,DLM0527,3-Oct-21
علي حمدي نبيل حبيب,4729260783,628,628-villa,4780000,1,"20%, 20%,20%, 15%,15%, 5%, 5%","تم السداد 956,000.00","تم السداد 956,000.00","تم السداد 956,000.00","تم السداد 717,000.00","تم السداد 717,000.00","تم السداد 239,000.00","239,000.00",239000,4541000,بنك مصر,1-Oct-21,1,DLM0528,18-Oct-21
مصطفى رشاد إبراهيم المرسي,4929131937,629,629-villa,4654000,1,"20%, 20%,20%, 15%,15%, 5%, 5%","تم السداد 930,800.00","تم السداد 930,800.00","تم السداد 930,800.00","تم السداد 698,100.00","تم السداد 698,100.00","تم السداد 232,700.00","232,700.00",232700,4421300,بنك مصر,14-Oct-21,1,DLM0529,15-Oct-21
معتز علي حمدي جابر,2236495621,630,630-villa,4752000,1,"20%, 20%,20%, 15%,15%, 5%, 5%","تم السداد 950,400.00","تم السداد 950,400.00","تم السداد 950,400.00","تم السداد 712,800.00","تم السداد 712,800.00","تم السداد 237,600.00","237,600.00",237600,4514400,بنك الإسكندرية,21-Oct-21,1,DLM0530,2-Oct-21
شريف صلاح فتحي عبدالحليم,3159871633,631,631-villa,4828000,1,"20%, 20%,20%, 15%,15%, 5%, 5%","تم السداد 965,600.00","تم السداد 965,600.00","تم السداد 965,600.00","تم السداد 724,200.00","تم السداد 724,200.00","تم السداد 241,400.00","241,400.00",241400,4586600,بنك مصر,8-Nov-21,1,DLM0531,14-Oct-21
أيمن لطفي شوقي الشرقاوي,8625198126,632,632-villa,4801000,1,"20%, 20%,20%, 15%,15%, 5%, 5%","تم السداد 960,200.00","تم السداد 960,200.00","تم السداد 960,200.00","تم السداد 720,150.00","تم السداد 720,150.00","تم السداد 240,050.00","240,050.00",240050,4560950,البنك التجاري الدولي CIB,10-Nov-21,1,DLM0532,31-Oct-21
سامح صبري كمال عبدالسلام,6951775860,633,633-villa,4881000,1,"20%, 20%,20%, 15%,15%, 5%, 5%","تم السداد 976,200.00","تم السداد 976,200.00","تم السداد 976,200.00","تم السداد 732,150.00","تم السداد 732,150.00","تم السداد 244,050.00","244,050.00",244050,4636950,بنك مصر,6-Nov-21,1,DLM0533,20-Oct-21
عبدالرحمن طارق رشاد الوكيل,7974491210,634,634-villa,4997000,1,"20%, 20%,20%, 15%,15%, 5%, 5%","تم السداد 999,400.00","تم السداد 999,400.00","تم السداد 999,400.00","تم السداد 749,550.00","تم السداد 749,550.00","تم السداد 249,850.00","249,850.00",249850,4747150,بنك مصر,8-Oct-21,1,DLM0534,26-Oct-21
طارق جابر حسين عبدالمجيد,5676319804,635,635-villa,5996000,1,"20%, 20%,20%, 15%,15%, 5%, 5%","تم السداد 1,199,200.00","تم السداد 1,199,200.00","تم السداد 1,199,200.00","تم السداد 899,400.00","تم السداد 899,400.00","تم السداد 299,800.00","299,800.00",299800,5696200,بنك مصر,25-Sep-21,1,DLM0535,18-Oct-21
أحمد إبراهيم لطفي الرفاعي,1912937376,636,636-villa,5123000,1,"20%, 20%,20%, 15%,15%, 5%, 5%","تم السداد 1,024,600.00","تم السداد 1,024,600.00","تم السداد 1,024,600.00","تم السداد 768,450.00","تم السداد 768,450.00","تم السداد 256,150.00","256,150.00",256150,4866850,بنك مصر,6-Oct-21,1,DLM0536,29-Oct-21
معتز عادل مجدي حبيب,9851388337,637,637-villa,4831000,1,"20%, 20%,20%, 15%,15%, 5%, 5%","تم السداد 966,200.00","تم السداد 966,200.00","تم السداد 966,200.00","تم السداد 724,650.00","تم السداد 724,650.00","تم السداد 241,550.00","241,550.00",241550,4589450,البنك التجاري الدولي CIB,16-Nov-21,1,DLM0537,23-Oct-21
مينا حمدي محمد مبارك,3841825838,638,638-villa,5414000,1,"20%, 20%,20%, 15%,15%, 5%, 5%","تم السداد 1,082,800.00","تم السداد 1,082,800.00","تم السداد 1,082,800.00","تم السداد 812,100.00","تم السداد 812,100.00","تم السداد 270,700.00","270,700.00",270700,5143300,البنك الأهلي المصري,29-Oct-21,1,DLM0538,12-Oct-21
تامر علي سليمان البحيري,4668796437,639,639-villa,5723000,1,"20%, 20%,20%, 15%,15%, 5%, 5%","تم السداد 1,144,600.00","تم السداد 1,144,600.00","تم السداد 1,144,600.00","تم السداد 858,450.00","تم السداد 858,450.00","تم السداد 286,150.00","286,150.00",286150,5436850,البنك الأهلي المصري,15-Oct-21,1,DLM0539,8-Oct-21
حنان رمضان عاطف النجار,8362723045,640,640-villa,4421000,1,"20%, 20%,20%, 15%,15%, 5%, 5%","تم السداد 884,200.00","تم السداد 884,200.00","تم السداد 884,200.00","تم السداد 663,150.00","تم السداد 663,150.00","تم السداد 221,050.00","221,050.00",221050,4199950,البنك الأهلي المصري,13-Oct-21,1,DLM0540,31-Oct-21
هاني مختار سعيد السوهاجي,6340088120,641,641-villa,4948000,1,"20%, 20%,20%, 15%,15%, 5%, 5%","تم السداد 989,600.00","تم السداد 989,600.00","تم السداد 989,600.00","تم السداد 742,200.00","تم السداد 742,200.00","تم السداد 247,400.00","247,400.00",247400,4700600,بنك مصر,21-Nov-21,1,DLM0541,9-Nov-21
يوسف سيد حمدي الزيني,3060872519,642,642-villa,4619000,1,"20%, 20%,20%, 15%,15%, 5%, 5%","تم السداد 923,800.00","تم السداد 923,800.00","تم السداد 923,800.00","تم السداد 692,850.00","تم السداد 692,850.00","تم السداد 230,950.00","230,950.00",230950,4388050,بنك مصر,1-Oct-21,1,DLM0542,15-Oct-21
محمد سليمان عبدالله بدوي,9612608992,643,643-villa,4651000,1,"20%, 20%,20%, 15%,15%, 5%, 5%","تم السداد 930,200.00","تم السداد 930,200.00","تم السداد 930,200.00","تم السداد 697,650.00","تم السداد 697,650.00","تم السداد 232,550.00","232,550.00",232550,4418450,بنك مصر,14-Nov-21,1,DLM0543,2-Nov-21
رامي طارق إسماعيل مصطفى,2520858807,644,644-villa,4704000,1,"20%, 20%,20%, 15%,15%, 5%, 5%","تم السداد 940,800.00","تم السداد 940,800.00","تم السداد 940,800.00","تم السداد 705,600.00","تم السداد 705,600.00","تم السداد 235,200.00","235,200.00",235200,4468800,كريدي أجريكول مصر,15-Oct-21,1,DLM0544,31-Oct-21
معتز سعيد سمير البدري,1100107809,645,645-villa,4724000,1,"20%, 20%,20%, 15%,15%, 5%, 5%","تم السداد 944,800.00","تم السداد 944,800.00","تم السداد 944,800.00","تم السداد 708,600.00","تم السداد 708,600.00","تم السداد 236,200.00","236,200.00",236200,4487800,بنك مصر,21-Oct-21,1,DLM0545,30-Oct-21
علاء عاطف إسماعيل النحاس,7976053793,646,646-villa,5090000,1,"20%, 20%,20%, 15%,15%, 5%, 5%","تم السداد 1,018,000.00","تم السداد 1,018,000.00","تم السداد 1,018,000.00","تم السداد 763,500.00","تم السداد 763,500.00","تم السداد 254,500.00","254,500.00",254500,4835500,بنك مصر,8-Oct-21,1,DLM0546,25-Oct-21
عبدالرحمن شوقي رشاد المنياوي,9704441840,647,647-villa,4427000,1,"20%, 20%,20%, 15%,15%, 5%, 5%","تم السداد 885,400.00","تم السداد 885,400.00","تم السداد 885,400.00","تم السداد 664,050.00","تم السداد 664,050.00","تم السداد 221,350.00","221,350.00",221350,4205650,بنك مصر,20-Oct-21,1,DLM0547,23-Oct-21
ياسين جابر حسن عوض,9976573782,648,648-villa,4587000,1,"20%, 20%,20%, 15%,15%, 5%, 5%","تم السداد 917,400.00","تم السداد 917,400.00","تم السداد 917,400.00","تم السداد 688,050.00","تم السداد 688,050.00","تم السداد 229,350.00","229,350.00",229350,4357650,البنك الأهلي المصري,21-Nov-21,1,DLM0548,5-Nov-21
حسين عبدالرحمن عادل الطنطاوي,3594977985,649,649-villa,4880000,1,"20%, 20%,20%, 15%,15%, 5%, 5%","تم السداد 976,000.00","تم السداد 976,000.00","تم السداد 976,000.00","تم السداد 732,000.00","تم السداد 732,000.00","تم السداد 244,000.00","244,000.00",244000,4636000,بنك مصر,6-Oct-21,1,DLM0549,11-Oct-21
رامي كمال إبراهيم عبدالحميد,1154201162,650,650-villa,4906000,1,"20%, 20%,20%, 15%,15%, 5%, 5%","تم السداد 981,200.00","تم السداد 981,200.00","تم السداد 981,200.00","تم السداد 735,900.00","تم السداد 735,900.00","تم السداد 245,300.00","245,300.00",245300,4660700,بنك مصر,7-Oct-21,1,DLM0550,30-Oct-21
حسين إسماعيل سيد الطنطاوي,7081429333,651,651-villa,4769000,1,"20%, 20%,20%, 15%,15%, 5%, 5%","تم السداد 953,800.00","تم السداد 953,800.00","تم السداد 953,800.00","تم السداد 715,350.00","تم السداد 715,350.00","تم السداد 238,450.00","238,450.00",238450,4530550,بنك مصر,1-Nov-21,1,DLM0551,16-Oct-21
إسلام عاطف شوقي القناوي,7838175166,652,652-villa,5826000,1,"20%, 20%,20%, 15%,15%, 5%, 5%","تم السداد 1,165,200.00","تم السداد 1,165,200.00","تم السداد 1,165,200.00","تم السداد 873,900.00","تم السداد 873,900.00","تم السداد 291,300.00","291,300.00",291300,5534700,بنك مصر,10-Oct-21,1,DLM0552,3-Nov-21
ياسين سليمان حسن أمين,4399939108,653,653-villa,3559000,1,"20%, 20%,20%, 15%,15%, 5%, 5%","تم السداد 711,800.00","تم السداد 711,800.00","تم السداد 711,800.00","تم السداد 533,850.00","تم السداد 533,850.00","تم السداد 177,950.00","177,950.00",177950,3381050,بنك القاهرة,20-Nov-21,1,DLM0553,11-Oct-21
مجدي عصام سليمان العطار,7654945518,654,654-villa,4493000,1,"20%, 20%,20%, 15%,15%, 5%, 5%","تم السداد 898,600.00","تم السداد 898,600.00","تم السداد 898,600.00","تم السداد 673,950.00","تم السداد 673,950.00","تم السداد 224,650.00","224,650.00",224650,4268350,بنك القاهرة,14-Nov-21,1,DLM0554,24-Oct-21
عمرو حسين سليمان صادق,7522108577,655,655-villa,3686000,1,"20%, 20%,20%, 15%,15%, 5%, 5%","تم السداد 737,200.00","تم السداد 737,200.00","تم السداد 737,200.00","تم السداد 552,900.00","تم السداد 552,900.00","تم السداد 184,300.00","184,300.00",184300,3501700,البنك الأهلي المصري,13-Oct-21,1,DLM0555,17-Oct-21
عمر فتحي أحمد السعدني,7658059333,656,656-villa,4829000,1,"20%, 20%,20%, 15%,15%, 5%, 5%","تم السداد 965,800.00","تم السداد 965,800.00","تم السداد 965,800.00","تم السداد 724,350.00","تم السداد 724,350.00","تم السداد 241,450.00","241,450.00",241450,4587550,بنك مصر,10-Nov-21,1,DLM0556,27-Oct-21
زياد سعيد إبراهيم الشربيني,7525541347,657,657-villa,5006000,1,"20%, 20%,20%, 15%,15%, 5%, 5%","تم السداد 1,001,200.00","تم السداد 1,001,200.00","تم السداد 1,001,200.00","تم السداد 750,900.00","تم السداد 750,900.00","تم السداد 250,300.00","250,300.00",250300,4755700,البنك التجاري الدولي CIB,11-Nov-21,1,DLM0557,23-Oct-21
أشرف مجدي سعيد الإسكندراني,9716057774,658,658-villa,5183000,1,"20%, 20%,20%, 15%,15%, 5%, 5%","تم السداد 1,036,600.00","تم السداد 1,036,600.00","تم السداد 1,036,600.00","تم السداد 777,450.00","تم السداد 777,450.00","259,150.00","259,150.00",518300,4664700,البنك الأهلي المصري,13-Nov-21,1,DLM0558,11-Oct-21
كريم سليمان فتحي الدمرداش,4448676680,659,659-villa,4981000,1,"20%, 20%,20%, 15%,15%, 5%, 5%","تم السداد 996,200.00","تم السداد 996,200.00","تم السداد 996,200.00","تم السداد 747,150.00","تم السداد 747,150.00","تم السداد 249,050.00","249,050.00",249050,4731950,بنك مصر,1-Oct-21,1,DLM0559,3-Nov-21
أيمن رجب فاروق عبدالحميد,5047010036,660,660-villa,5059000,1,"20%, 20%,20%, 15%,15%, 5%, 5%","تم السداد 1,011,800.00","تم السداد 1,011,800.00","تم السداد 1,011,800.00","تم السداد 758,850.00","تم السداد 758,850.00","تم السداد 252,950.00","252,950.00",252950,4806050,بنك مصر,19-Oct-21,1,DLM0560,8-Nov-21
حسام صبري سيد حسن,4586683137,661,661-villa,4652000,1,"20%, 20%,20%, 15%,15%, 5%, 5%","تم السداد 930,400.00","تم السداد 930,400.00","تم السداد 930,400.00","تم السداد 697,800.00","تم السداد 697,800.00","تم السداد 232,600.00","232,600.00",232600,4419400,بنك مصر,25-Oct-21,1,DLM0561,18-Nov-21
وائل يوسف صبري المصري,4505608248,662,662-villa,5149000,1,"20%, 20%,20%, 15%,15%, 5%, 5%","تم السداد 1,029,800.00","تم السداد 1,029,800.00","تم السداد 1,029,800.00","تم السداد 772,350.00","تم السداد 772,350.00","تم السداد 257,450.00","257,450.00",257450,4891550,البنك التجاري الدولي CIB,5-Nov-21,1,DLM0562,10-Oct-21
بيشوي إبراهيم مجدي البحيري,7413080466,663,663-villa,6214000,1,"20%, 20%,20%, 15%,15%, 5%, 5%","تم السداد 1,242,800.00","تم السداد 1,242,800.00","تم السداد 1,242,800.00","تم السداد 932,100.00","تم السداد 932,100.00","310,700.00","310,700.00",621400,5592600,البنك الأهلي المصري,7-Oct-21,1,DLM0563,4-Nov-21
مينا شوقي صلاح رمضان,3781805193,664,664-villa,5140000,1,"20%, 20%,20%, 15%,15%, 5%, 5%","تم السداد 1,028,000.00","تم السداد 1,028,000.00","تم السداد 1,028,000.00","تم السداد 771,000.00","تم السداد 771,000.00","تم السداد 257,000.00","257,000.00",257000,4883000,بنك القاهرة,23-Nov-21,1,DLM0564,29-Oct-21
معتز جابر فتحي يونس,3932318115,665,665-villa,4710000,1,"20%, 20%,20%, 15%,15%, 5%, 5%","تم السداد 942,000.00","تم السداد 942,000.00","تم السداد 942,000.00","تم السداد 706,500.00","تم السداد 706,500.00","تم السداد 235,500.00","235,500.00",235500,4474500,بنك القاهرة,6-Nov-21,1,DLM0565,20-Nov-21
حسين صبري مصطفى النحاس,3257651185,666,666-villa,4477000,1,"20%, 20%,20%, 15%,15%, 5%, 5%","تم السداد 895,400.00","تم السداد 895,400.00","تم السداد 895,400.00","تم السداد 671,550.00","تم السداد 671,550.00","تم السداد 223,850.00","223,850.00",223850,4253150,بنك مصر,14-Oct-21,1,DLM0566,17-Oct-21
شريف طارق عصام عبدالرازق,4364399924,667,667-villa,5200000,1,"20%, 20%,20%, 15%,15%, 5%, 5%","تم السداد 1,040,000.00","تم السداد 1,040,000.00","تم السداد 1,040,000.00","تم السداد 780,000.00","تم السداد 780,000.00","تم السداد 260,000.00","260,000.00",260000,4940000,بنك مصر,22-Oct-21,1,DLM0567,17-Nov-21
عادل فتحي يوسف عبدالمقصود,8860101703,668,668-villa,5442000,1,"20%, 20%,20%, 15%,15%, 5%, 5%","تم السداد 1,088,400.00","تم السداد 1,088,400.00","تم السداد 1,088,400.00","تم السداد 816,300.00","تم السداد 816,300.00","تم السداد 272,100.00","272,100.00",272100,5169900,بنك مصر,27-Nov-21,1,DLM0568,13-Nov-21
عمر صبحي مجدي الجندي,3679920355,669,669-villa,4771000,1,"20%, 20%,20%, 15%,15%, 5%, 5%","تم السداد 954,200.00","تم السداد 954,200.00","تم السداد 954,200.00","تم السداد 715,650.00","تم السداد 715,650.00","تم السداد 238,550.00","238,550.00",238550,4532450,البنك الأهلي المصري,10-Nov-21,1,DLM0569,25-Oct-21
إبراهيم عاطف صبحي سالم,6017494971,670,670-villa,4610000,1,"20%, 20%,20%, 15%,15%, 5%, 5%","تم السداد 922,000.00","تم السداد 922,000.00","تم السداد 922,000.00","تم السداد 691,500.00","تم السداد 691,500.00","تم السداد 230,500.00","230,500.00",230500,4379500,البنك الأهلي المصري,7-Oct-21,1,DLM0570,8-Nov-21
رامي سمير فتحي الزيني,9048728689,671,671-villa,3463000,1,"20%, 20%,20%, 15%,15%, 5%, 5%","تم السداد 692,600.00","تم السداد 692,600.00","تم السداد 692,600.00","تم السداد 519,450.00","تم السداد 519,450.00","تم السداد 173,150.00","173,150.00",173150,3289850,البنك الأهلي المصري,11-Nov-21,1,DLM0571,18-Oct-21
أحمد رجب محمد صادق,8644073125,672,672-villa,6256000,1,"20%, 20%,20%, 15%,15%, 5%, 5%","تم السداد 1,251,200.00","تم السداد 1,251,200.00","تم السداد 1,251,200.00","تم السداد 938,400.00","تم السداد 938,400.00","تم السداد 312,800.00","312,800.00",312800,5943200,بنك مصر,21-Oct-21,1,DLM0572,23-Oct-21
عادل فتحي جمال الجندي,7496454368,673,673-villa,5336000,1,"20%, 20%,20%, 15%,15%, 5%, 5%","تم السداد 1,067,200.00","تم السداد 1,067,200.00","تم السداد 1,067,200.00","تم السداد 800,400.00","تم السداد 800,400.00","تم السداد 266,800.00","266,800.00",266800,5069200,البنك التجاري الدولي CIB,31-Oct-21,1,DLM0573,8-Nov-21
ياسين رمضان عادل البنا,5270118078,674,674-villa,4388000,1,"20%, 20%,20%, 15%,15%, 5%, 5%","تم السداد 877,600.00","تم السداد 877,600.00","تم السداد 877,600.00","658,200.00","658,200.00","219,400.00","219,400.00",1755200,2632800,بنك القاهرة,14-Oct-21,1,DLM0574,15-Nov-21
حسام جمال شوقي حسين,6499386764,675,675-villa,4794000,1,"20%, 20%,20%, 15%,15%, 5%, 5%","تم السداد 958,800.00","تم السداد 958,800.00","تم السداد 958,800.00","تم السداد 719,100.00","تم السداد 719,100.00","تم السداد 239,700.00","239,700.00",239700,4554300,بنك مصر,24-Nov-21,1,DLM0575,1-Nov-21
مروان صبري شوقي حسن,9911111113,676,676-villa,6325000,1,"20%, 20%,20%, 15%,15%, 5%, 5%","تم السداد 1,265,000.00","تم السداد 1,265,000.00","تم السداد 1,265,000.00","تم السداد 948,750.00","تم السداد 948,750.00","تم السداد 316,250.00","316,250.00",316250,6008750,بنك مصر,5-Oct-21,1,DLM0576,2-Oct-21
عبدالله طارق محمد السيد,9682966727,677,677-villa,4954000,1,"20%, 20%,20%, 15%,15%, 5%, 5%","تم السداد 990,800.00","تم السداد 990,800.00","تم السداد 990,800.00","تم السداد 743,100.00","تم السداد 743,100.00","تم السداد 247,700.00","247,700.00",247700,4706300,بنك مصر,28-Sep-21,1,DLM0577,2-Oct-21
حسن حمدي حسن الزيني,7190831199,678,678-villa,4901000,1,"20%, 20%,20%, 15%,15%, 5%, 5%","تم السداد 980,200.00","تم السداد 980,200.00","تم السداد 980,200.00","تم السداد 735,150.00","تم السداد 735,150.00","تم السداد 245,050.00","245,050.00",245050,4655950,بنك مصر,27-Oct-21,1,DLM0578,22-Oct-21
أيمن عاطف صلاح فهمي,8165145602,679,679-villa,5059000,1,"20%, 20%,20%, 15%,15%, 5%, 5%","تم السداد 1,011,800.00","تم السداد 1,011,800.00","تم السداد 1,011,800.00","تم السداد 758,850.00","تم السداد 758,850.00","تم السداد 252,950.00","252,950.00",252950,4806050,بنك مصر,10-Dec-21,1,DLM0579,5-Nov-21
حسين سمير محمود عبدالمجيد,8045208273,680,680-villa,5348000,1,"20%, 20%,20%, 15%,15%, 5%, 5%","تم السداد 1,069,600.00","تم السداد 1,069,600.00","تم السداد 1,069,600.00","تم السداد 802,200.00","تم السداد 802,200.00","تم السداد 267,400.00","267,400.00",267400,5080600,بنك القاهرة,9-Oct-21,1,DLM0580,16-Nov-21
ياسين عادل علي سليمان,4044743302,681,681-villa,5027000,1,"20%, 20%,20%, 15%,15%, 5%, 5%","تم السداد 1,005,400.00","تم السداد 1,005,400.00","تم السداد 1,005,400.00","تم السداد 754,050.00","754,050.00","251,350.00","251,350.00",1256750,3770250,بنك القاهرة,17-Oct-21,1,DLM0581,21-Nov-21
شادي علي طارق محمود,4211147492,682,682-villa,5124000,1,"20%, 20%,20%, 15%,15%, 5%, 5%","تم السداد 1,024,800.00","تم السداد 1,024,800.00","تم السداد 1,024,800.00","تم السداد 768,600.00","تم السداد 768,600.00","تم السداد 256,200.00","256,200.00",256200,4867800,بنك مصر,31-Oct-21,1,DLM0582,25-Nov-21
زياد عادل خالد حبيب,2848320280,683,683-villa,4743000,1,"20%, 20%,20%, 15%,15%, 5%, 5%","تم السداد 948,600.00","تم السداد 948,600.00","تم السداد 948,600.00","تم السداد 711,450.00","تم السداد 711,450.00","تم السداد 237,150.00","237,150.00",237150,4505850,بنك مصر,31-Oct-21,1,DLM0583,31-Oct-21
وليد محمود حمدي الزيات,4740511607,684,684-villa,3633000,1,"20%, 20%,20%, 15%,15%, 5%, 5%","تم السداد 726,600.00","تم السداد 726,600.00","تم السداد 726,600.00","تم السداد 544,950.00","تم السداد 544,950.00","تم السداد 181,650.00","181,650.00",181650,3451350,بنك القاهرة,7-Nov-21,1,DLM0584,28-Oct-21
فادي لطفي حسن الدسوقي,9549687421,685,685-villa,5708000,1,"20%, 20%,20%, 15%,15%, 5%, 5%","تم السداد 1,141,600.00","تم السداد 1,141,600.00","تم السداد 1,141,600.00","تم السداد 856,200.00","تم السداد 856,200.00","تم السداد 285,400.00","285,400.00",285400,5422600,بنك مصر,9-Nov-21,1,DLM0585,2-Dec-21
علي جمال فتحي مراد,8032418661,686,686-villa,5201000,1,"20%, 20%,20%, 15%,15%, 5%, 5%","تم السداد 1,040,200.00","تم السداد 1,040,200.00","تم السداد 1,040,200.00","تم السداد 780,150.00","تم السداد 780,150.00","تم السداد 260,050.00","260,050.00",260050,4940950,البنك الأهلي المصري,26-Nov-21,1,DLM0586,11-Nov-21
أحمد عبدالرحمن فتحي منصور,3040329248,687,687-villa,4750000,1,"20%, 20%,20%, 15%,15%, 5%, 5%","تم السداد 950,000.00","تم السداد 950,000.00","تم السداد 950,000.00","تم السداد 712,500.00","تم السداد 712,500.00","تم السداد 237,500.00","237,500.00",237500,4512500,بنك القاهرة,15-Dec-21,1,DLM0587,27-Oct-21
عبدالله سيد مجدي علي,1601484809,688,688-villa,5735000,1,"20%, 20%,20%, 15%,15%, 5%, 5%","تم السداد 1,147,000.00","تم السداد 1,147,000.00","تم السداد 1,147,000.00","تم السداد 860,250.00","تم السداد 860,250.00","تم السداد 286,750.00","286,750.00",286750,5448250,البنك الأهلي المصري,24-Oct-21,1,DLM0588,28-Oct-21
وليد حسين أحمد العشري,7431886325,689,689-villa,4889000,1,"20%, 20%,20%, 15%,15%, 5%, 5%","تم السداد 977,800.00","تم السداد 977,800.00","تم السداد 977,800.00","تم السداد 733,350.00","تم السداد 733,350.00","تم السداد 244,450.00","244,450.00",244450,4644550,كريدي أجريكول مصر,24-Nov-21,1,DLM0589,30-Nov-21
أيمن سمير إبراهيم الجندي,9558793384,690,690-villa,5325000,1,"20%, 20%,20%, 15%,15%, 5%, 5%","تم السداد 1,065,000.00","تم السداد 1,065,000.00","تم السداد 1,065,000.00","تم السداد 798,750.00","تم السداد 798,750.00","تم السداد 266,250.00","266,250.00",266250,5058750,بنك الإسكندرية,14-Nov-21,1,DLM0590,9-Dec-21
خالد جمال إسماعيل عبدالفتاح,4046611801,691,691-villa,6017000,1,"20%, 20%,20%, 15%,15%, 5%, 5%","تم السداد 1,203,400.00","تم السداد 1,203,400.00","تم السداد 1,203,400.00","تم السداد 902,550.00","تم السداد 902,550.00","300,850.00","300,850.00",601700,5415300,كريدي أجريكول مصر,28-Nov-21,1,DLM0591,5-Dec-21
ماجد لطفي فتحي البحيري,7247691968,692,692-villa,5873000,1,"20%, 20%,20%, 15%,15%, 5%, 5%","تم السداد 1,174,600.00","تم السداد 1,174,600.00","تم السداد 1,174,600.00","880,950.00","880,950.00","293,650.00","293,650.00",2349200,3523800,بنك القاهرة,24-Dec-21,1,DLM0592,21-Nov-21
جورج عصام صبحي فهمي,5048218674,693,693-villa,5893000,1,"20%, 20%,20%, 15%,15%, 5%, 5%","تم السداد 1,178,600.00","تم السداد 1,178,600.00","تم السداد 1,178,600.00","تم السداد 883,950.00","تم السداد 883,950.00","تم السداد 294,650.00","294,650.00",294650,5598350,البنك التجاري الدولي CIB,12-Nov-21,1,DLM0593,14-Dec-21
تامر مختار خالد البدري,1252932444,694,694-villa,4612000,1,"20%, 20%,20%, 15%,15%, 5%, 5%","تم السداد 922,400.00","تم السداد 922,400.00","تم السداد 922,400.00","تم السداد 691,800.00","تم السداد 691,800.00","تم السداد 230,600.00","230,600.00",230600,4381400,بنك مصر,9-Dec-21,1,DLM0594,13-Nov-21
زياد عادل علي رزق,5115350053,695,695-villa,4592000,1,"20%, 20%,20%, 15%,15%, 5%, 5%","تم السداد 918,400.00","تم السداد 918,400.00","تم السداد 918,400.00","تم السداد 688,800.00","تم السداد 688,800.00","تم السداد 229,600.00","229,600.00",229600,4362400,بنك مصر,23-Nov-21,1,DLM0595,13-Nov-21
تامر محمد لطفي الإسكندراني,7655459360,696,696-villa,4588000,1,"20%, 20%,20%, 15%,15%, 5%, 5%","تم السداد 917,600.00","تم السداد 917,600.00","تم السداد 917,600.00","تم السداد 688,200.00","تم السداد 688,200.00","تم السداد 229,400.00","229,400.00",229400,4358600,بنك مصر,8-Dec-21,1,DLM0596,10-Dec-21
جورج رشاد فاروق الشافعي,5188532972,697,697-villa,6373000,1,"20%, 20%,20%, 15%,15%, 5%, 5%","تم السداد 1,274,600.00","تم السداد 1,274,600.00","تم السداد 1,274,600.00","تم السداد 955,950.00","تم السداد 955,950.00","تم السداد 318,650.00","318,650.00",318650,6054350,بنك مصر,11-Nov-21,1,DLM0597,13-Dec-21
منة حسن طارق البنا,8117434601,698,698-villa,3675000,1,"20%, 20%,20%, 15%,15%, 5%, 5%","تم السداد 735,000.00","تم السداد 735,000.00","تم السداد 735,000.00","تم السداد 551,250.00","تم السداد 551,250.00","تم السداد 183,750.00","183,750.00",183750,3491250,بنك مصر,6-Aug-21,1,DLM0598,19-Aug-21
هاني لطفي محمد رمضان,8530982215,699,699-villa,4788000,1,"20%, 20%,20%, 15%,15%, 5%, 5%","تم السداد 957,600.00","تم السداد 957,600.00","تم السداد 957,600.00","تم السداد 718,200.00","تم السداد 718,200.00","تم السداد 239,400.00","239,400.00",239400,4548600,بنك مصر,26-Aug-21,1,DLM0599,27-Aug-21
أيمن إبراهيم سليمان السعدني,7632463850,700,700-villa,4915000,1,"20%, 20%,20%, 15%,15%, 5%, 5%","تم السداد 983,000.00","تم السداد 983,000.00","تم السداد 983,000.00","تم السداد 737,250.00","تم السداد 737,250.00","تم السداد 245,750.00","245,750.00",245750,4669250,بنك مصر,4-Dec-21,1,DLM0600,30-Dec-21
Summary Total,,,,,,,589368800,589368800,589368800,442026600,442026600,147342200,147342200,155202650,2791641350,,,,,
Paid Installments,,,,,,,589368800,589368800,589368800,439601700,437956650,142623500,3353100,0,2791641350,,,,,
Remaining Installments,,,,,,,0,0,0,2424900,4069950,4718700,143989100,155202650,0,,,,,